bike,year,category,displacement_ccm,engine_cylinder,power_hp,seat_height_mm,dry_weight_kg
Ajs 125 eco commuter,2010,Allround,0,0,0,0,0
Derbi terra 125,2010,Allround,0,0,0,0,0
Brudeli 654l,2010,Allround,1,0,0,1,0
Sommer diesel 462,2010,Allround,0,1,0,0,0
Cargobike as125,2010,Allround,0,0,0,1,0
Moto Morini granpasso h83,2010,Allround,1,0,1,1,0
Ccm ft35-s,2010,Allround,0,0,0,1,0
Eagle-Wing db125 road,2010,Allround,0,0,0,1,0
Honda cbf125,2010,Allround,0,0,0,0,0
Triumph tiger,2010,Allround,1,1,1,1,0
Ajs regal-raptor eos-125 mk2,2010,Allround,0,0,0,0,0
Bmw f 800 s,2010,Allround,1,0,1,1,0
Honda dn-01,2010,Allround,1,0,0,0,0
Cobra ecx70,2010,ATV,0,0,0,0,0
Qlink rodeo 500,2010,ATV,0,0,0,1,0
Vento avalanche ex,2010,ATV,0,0,0,0,0
Aeon cobra 50,2010,ATV,0,0,0,0,0
Bamx bx250-s1 assault,2010,ATV,0,0,0,0,0
Bennche gray wolf 700,2010,ATV,1,0,0,1,0
Bamx bx110-s tracker,2010,ATV,0,0,0,0,0
Bamx bx350-s assault,2010,ATV,0,0,0,0,0
Aeon cobra  rs 180,2010,ATV,0,0,0,0,0
Bennche gray wolf 500,2010,ATV,0,0,0,1,0
Aeon cobra 320,2010,ATV,0,0,0,0,0
Xmotos kodiac 250,2010,ATV,0,0,0,1,0
Cf Moto cf500,2010,ATV,0,0,0,0,0
Polaris sportsman 850 eps,2010,ATV,1,0,0,1,0
Cf Moto x-lander 650,2010,ATV,1,0,0,0,0
Kymco maxxer 50,2010,ATV,0,0,0,0,0
Kymco mongoose 300,2010,ATV,0,0,0,0,0
Kymco mongoose 90,2010,ATV,0,0,0,0,0
Kymco mxu 500,2010,ATV,0,0,0,1,0
Bamx bx200-s charger,2010,ATV,0,0,0,0,0
Can-Am outlander max 800 efi,2010,ATV,1,0,0,1,0
Bamx bx450-s assault,2010,ATV,0,0,0,1,0
Can-Am outlander max 800 efi  ltd,2010,ATV,1,0,0,1,0
Aeon crossland 300,2010,ATV,0,0,0,1,0
Can-Am renegade 800 efi,2010,ATV,1,0,0,1,0
Can-Am renegade 800 efi xc,2010,ATV,1,0,0,1,0
Tgb blade 325le,2010,ATV,0,0,0,1,0
Tgb blade 425le,2010,ATV,0,0,0,1,0
Tgb blade 525se,2010,ATV,0,0,0,1,0
Aeon revo 100,2010,ATV,0,0,0,0,0
Aeon revo 50,2010,ATV,0,0,0,0,0
Tgb target 325,2010,ATV,0,0,0,1,0
Tgb target 425,2010,ATV,0,0,0,1,0
Dinli shrike dl606 50,2010,ATV,0,0,0,0,0
Tgb target 525,2010,ATV,0,0,0,1,0
Bamx bx50-s side kick,2010,ATV,0,0,0,0,0
Aeon overland 180,2010,ATV,0,0,0,0,0
Aeon minikolt 50,2010,ATV,0,0,0,0,0
Bamx bx150-s charger,2010,ATV,0,0,0,0,0
Bamx bx70-s charger,2010,ATV,0,0,0,0,0
Bamx bx200-s1 assault,2010,ATV,0,0,0,0,0
Kymco maxxer 450i,2010,ATV,0,0,0,1,0
Ducati sport 1000s,2010,Classic,1,0,1,1,0
Enfield electra twinspark,2010,Classic,0,0,0,0,0
Norton commando 961se,2010,Classic,1,0,1,0,0
Enfield classic 350,2010,Classic,0,0,0,0,0
Ducati sport 1000 biposto,2010,Classic,1,0,1,1,0
Norton commando 961 cafe racer,2010,Classic,1,0,1,0,0
Norton commando 961 sport,2010,Classic,1,0,1,0,0
Enfield classic 500,2010,Classic,0,0,0,0,0
Moto Guzzi california vintage,2010,Classic,1,0,0,0,0
Ccm sr-40,2010,Classic,0,0,0,1,0
Triumph daytona 675,2010,Classic,1,1,1,1,0
Triumph thruxton,2010,Classic,1,0,0,1,0
Ural taiga,2010,Classic,1,1,0,0,0
Ural tourist 750,2010,Classic,1,1,0,0,0
Ural gear up 750,2010,Classic,1,1,0,0,0
Ccm ft 710,2010,Classic,1,0,0,1,0
Ural patrol 750,2010,Classic,1,1,0,0,0
Ccm cr-40,2010,Classic,0,0,0,1,0
Triumph bonneville,2010,Classic,1,0,0,0,0
Triumph scrambler,2010,Classic,1,0,0,1,0
Ducati sportclassic gt 1000,2010,Classic,1,0,1,0,0
Ural retro 750,2010,Classic,1,1,0,0,0
Benelli bx 449 cross,2010,Cross / motocross,0,0,0,1,0
Buccimoto br1-f4 cross,2010,Cross / motocross,0,0,0,0,0
Kawasaki kx 250f,2010,Cross / motocross,0,0,0,1,0
Victory cory ness jackpot,2010,Custom / cruiser,1,0,1,0,0
Big Bear Choppers athena prostreet 100 smooth carb,2010,Custom / cruiser,1,0,1,0,0
Diamo cruiser v-twin 250,2010,Custom / cruiser,0,0,0,0,0
Rhino hunter s flm-001,2010,Custom / cruiser,0,0,0,0,0
Neander turbo diesel,2010,Custom / cruiser,1,1,1,0,0
Big Bear Choppers athena prostreet 100 smooth efi,2010,Custom / cruiser,1,0,1,0,0
Kymco venox carb 250 e2,2010,Custom / cruiser,0,0,0,0,0
Kymco zing ii 125 e3,2010,Custom / cruiser,0,0,0,0,0
Triumph speedmaster,2010,Custom / cruiser,1,0,0,0,0
Big Bear Choppers venom prostreet 100 smooth efi,2010,Custom / cruiser,1,0,1,0,0
Big Bear Choppers venom 100 smooth efi,2010,Custom / cruiser,1,0,1,0,0
Big Bear Choppers venom 100 smooth carb,2010,Custom / cruiser,1,0,1,0,0
Big Bear Choppers sled prostreet 114 x-wedge efi,2010,Custom / cruiser,1,0,1,0,0
Big Bear Choppers sled prostreet 100 smooth carb,2010,Custom / cruiser,1,0,1,0,0
Big Bear Choppers sled prostreet 100 efi,2010,Custom / cruiser,1,0,1,0,0
Big Bear Choppers sled 114 x-wedge efi,2010,Custom / cruiser,1,0,1,0,0
Big Bear Choppers sled 100 smooth carb,2010,Custom / cruiser,1,0,1,0,0
Big Bear Choppers sled 100 efi evolution,2010,Custom / cruiser,1,0,1,0,0
Big Bear Choppers screamin demon 100 carb,2010,Custom / cruiser,1,0,1,0,0
Big Bear Choppers reaper 100 carb,2010,Custom / cruiser,1,0,1,0,0
Big Bear Choppers rage 100 smooth efi,2010,Custom / cruiser,1,0,1,0,0
Big Bear Choppers athena prostreet 114 x-wedge efi,2010,Custom / cruiser,1,0,1,0,0
Big Bear Choppers rage 100 smooth carb,2010,Custom / cruiser,1,0,1,0,0
Big Bear Choppers bear bones 100 smooth carb,2010,Custom / cruiser,1,0,1,0,0
Big Bear Choppers paradox 114 x-wedge efi,2010,Custom / cruiser,1,0,1,0,0
Big Bear Choppers paradox 100 smooth efi,2010,Custom / cruiser,1,0,1,0,0
Big Bear Choppers paradox 100 smooth carb,2010,Custom / cruiser,1,0,1,0,0
Big Bear Choppers merc softail 100 smooth carb,2010,Custom / cruiser,1,0,1,0,0
Big Bear Choppers merc rigid 100 smooth carb,2010,Custom / cruiser,1,0,1,0,0
Big Bear Choppers gtx standard 114 x-wedge efi,2010,Custom / cruiser,1,0,1,0,0
Big Bear Choppers gtx standard 100 smooth efi,2010,Custom / cruiser,1,0,1,0,0
Big Bear Choppers devils advocate prostreet 100 efi,2010,Custom / cruiser,1,0,1,0,0
Big Bear Choppers devils advocate prostreet 100 carb,2010,Custom / cruiser,1,0,1,0,0
Big Bear Choppers devils advocate 100 efi,2010,Custom / cruiser,1,0,1,0,0
Qlink legacy 250,2010,Custom / cruiser,0,0,0,0,0
Dafra kansas 150,2010,Custom / cruiser,0,0,0,1,0
Triumph america,2010,Custom / cruiser,1,0,0,0,0
Vento v-thunder,2010,Custom / cruiser,0,0,0,0,0
Ajs regal-raptor daytona 125,2010,Custom / cruiser,0,0,0,0,0
Ajs regal-raptor dd125 mk2,2010,Custom / cruiser,0,0,0,0,0
American Ironhorse slammer base,2010,Custom / cruiser,1,0,1,0,0
American Ironhorse texas chopper base,2010,Custom / cruiser,1,0,1,0,0
Moto Guzzi california classic,2010,Custom / cruiser,1,0,0,0,0
Von Dutch leftcoast rigid,2010,Custom / cruiser,1,0,1,0,0
Cf Moto v5 sport cruiser,2010,Custom / cruiser,0,0,0,0,0
Honda shadow 750 black spirit,2010,Custom / cruiser,1,0,0,0,0
Honda shadow 750 c-abs,2010,Custom / cruiser,1,0,0,0,0
Victory kingpin,2010,Custom / cruiser,1,0,1,0,0
Victory jackpot,2010,Custom / cruiser,1,0,1,0,0
Honda shadow rs,2010,Custom / cruiser,1,0,0,0,0
Moto Guzzi bellagio,2010,Custom / cruiser,1,0,0,0,0
Xingyue xy 400,2010,Custom / cruiser,0,0,0,0,0
Victory hammer s,2010,Custom / cruiser,1,0,1,0,0
Suzuki boulevard 400,2010,Custom / cruiser,0,0,0,0,0
Ural wolf 750,2010,Custom / cruiser,1,1,0,0,0
Victory hammer 8 ball,2010,Custom / cruiser,1,0,1,0,0
Xingyue xy 400 gy speed bike,2010,Custom / cruiser,0,0,0,1,0
Victory hammer,2010,Custom / cruiser,1,0,1,0,0
Xingyue xy150,2010,Custom / cruiser,0,0,0,0,0
Victory arlen ness  vision,2010,Custom / cruiser,1,0,1,0,0
Tank Sports vision 250e,2010,Custom / cruiser,0,0,0,0,0
Boss Hoss bhc-9 zz4 trike,2010,Custom / cruiser,1,1,1,0,0
Boss Hoss bhc-9 ls3 trike,2010,Custom / cruiser,1,1,1,0,0
Boss Hoss bhc-3 zz4 ss,2010,Custom / cruiser,1,1,1,0,0
Boss Hoss bhc-3 zz4,2010,Custom / cruiser,1,1,1,0,0
Big Bear Choppers athena 100 smooth efi,2010,Custom / cruiser,1,0,1,0,0
Johnny Pag pro street,2010,Custom / cruiser,0,0,0,0,0
Big Bear Choppers athena 114 x-wedge efi,2010,Custom / cruiser,1,0,1,0,0
Kasinski mirage 150,2010,Custom / cruiser,0,0,0,0,0
Kasinski mirage 250 efi,2010,Custom / cruiser,0,0,0,0,0
Kasinski mirage 650,2010,Custom / cruiser,1,0,1,0,0
Suzuki marauder gz125,2010,Custom / cruiser,0,0,0,0,0
Bmw g 650 xcountry,2010,Enduro / offroad,1,0,0,1,0
Xmotos xp 125p,2010,Enduro / offroad,0,0,0,1,0
Moto Guzzi stelvio 1200cc abs,2010,Enduro / offroad,1,0,1,1,0
Mikilon d10 250s,2010,Enduro / offroad,0,0,0,1,0
Ajp pr4 125 enduro,2010,Enduro / offroad,0,0,0,1,0
Qlink xf 200,2010,Enduro / offroad,0,0,0,1,0
Xmotos xzp 250w,2010,Enduro / offroad,0,0,0,1,0
Ajp pr4 200 enduro,2010,Enduro / offroad,0,0,0,1,0
Ccm c-xr230-e,2010,Enduro / offroad,0,0,0,1,0
Ccm 450 ds,2010,Enduro / offroad,0,0,0,1,0
Ktm 690 rally replica,2010,Enduro / offroad,1,0,0,1,0
Xmotos xpr 125,2010,Enduro / offroad,0,0,0,0,0
Bmw f 650 gs,2010,Enduro / offroad,1,0,0,1,0
Ktm 990 adventure r,2010,Enduro / offroad,1,0,1,1,0
Xmotos xz 250r,2010,Enduro / offroad,0,0,0,1,0
Bmw g 450 x,2010,Enduro / offroad,0,0,0,1,0
Derbi terra adventure 125,2010,Enduro / offroad,0,0,0,1,0
Track t-800 cdi,2010,Enduro / offroad,1,1,0,0,0
Moto Morini scrambler,2010,Enduro / offroad,1,0,1,1,0
Ktm 450 sx-f,2010,Enduro / offroad,0,0,0,1,0
Aprilia rx 125,2010,Enduro / offroad,0,0,0,1,0
Bmw f 800 gs,2010,Enduro / offroad,1,0,1,1,0
Moto Guzzi stelvio 1200cc ntx 4v,2010,Enduro / offroad,1,0,1,1,0
Derbi senda drd 125 4t 4v r,2010,Enduro / offroad,0,0,0,1,0
Bamx bx50-db pee wee,2010,Enduro / offroad,0,0,0,0,0
Ccm tl125,2010,Enduro / offroad,0,0,0,1,0
Xmotos xtr 250w,2010,Enduro / offroad,0,0,0,1,0
Motorhispania duna hard road enduro,2010,Enduro / offroad,0,0,0,1,0
Bamx bx200-db outback,2010,Enduro / offroad,0,0,0,1,0
Bmw g 650 gs,2010,Enduro / offroad,1,0,0,0,0
Honda xl700v c-abs,2010,Enduro / offroad,1,0,0,1,0
Honda xl700v transalp abs,2010,Enduro / offroad,1,0,0,1,0
Benelli bx 505 enduro,2010,Enduro / offroad,0,0,0,1,0
Diamo ls200,2010,Enduro / offroad,0,0,0,1,0
Peugeot xp6 track,2010,Enduro / offroad,0,0,0,1,0
Ktm 990 adventure,2010,Enduro / offroad,1,0,1,1,0
Bmw r 1200 gs,2010,Enduro / offroad,1,1,1,1,0
Bamx bx150-db voyager,2010,Enduro / offroad,0,0,0,0,0
Bmw r 1200 gs adventure,2010,Enduro / offroad,1,1,1,1,0
Ch Racing ch 509 pro senior,2010,"Minibike, cross",0,0,0,0,0
Ch Racing ch 508 senior,2010,"Minibike, cross",0,0,0,0,0
Ch Racing ch 501 basic,2010,"Minibike, cross",0,0,0,0,0
Db Motors pirat air,2010,"Minibike, cross",0,0,0,0,0
Db Motors pirat lc,2010,"Minibike, cross",0,0,0,0,0
Db Motors supersport,2010,"Minibike, cross",0,0,0,0,0
Xispa 25.com,2010,"Minibike, cross",0,0,0,0,0
Bamx bx125 db2 renegade,2010,"Minibike, cross",0,0,0,0,0
Bamx bx125 db1 enforcer,2010,"Minibike, cross",0,0,0,0,0
Db Motors zz,2010,"Minibike, cross",0,0,0,0,0
Ch Racing ch 515 basic,2010,"Minibike, cross",0,0,0,0,0
Ch Racing ch 511 racing big wheels,2010,"Minibike, cross",0,0,0,0,0
Ch Racing ch 510 basic big wheels,2010,"Minibike, cross",0,0,0,0,0
Tomos mc50 senior,2010,"Minibike, sport",0,0,0,0,0
Polini 911 gp6,2010,"Minibike, sport",0,0,0,0,0
Tomos mc50 junior,2010,"Minibike, sport",0,0,0,0,0
Ghezzi-Brian furia otto,2010,Naked bike,1,0,1,0,0
Benelli cafe racer 1130,2010,Naked bike,1,1,1,0,0
Bmw f 800 r,2010,Naked bike,1,0,1,0,0
Benelli cafe racer 899,2010,Naked bike,1,1,1,1,0
Yamaha fz8,2010,Naked bike,1,1,1,1,0
Motorhispania kn1 125,2010,Naked bike,0,0,0,0,0
Derbi mulhacen 125,2010,Naked bike,0,0,0,0,0
Derbi mulhacen cafe 125,2010,Naked bike,0,0,0,0,0
Aprilia mana 850 gt abs,2010,Naked bike,1,0,1,0,0
Ducati monster 796,2010,Naked bike,1,0,1,0,0
Kymco quannon naked 125,2010,Naked bike,0,0,0,0,0
Ecosse the heretic,2010,Naked bike,1,0,1,0,0
Moto Morini corsaro avio,2010,Naked bike,1,0,1,1,0
Aprilia mana 850,2010,Naked bike,1,0,1,0,0
Cagiva raptor 125,2010,Naked bike,0,0,0,0,0
Ducati streetfighter s,2010,Naked bike,1,0,1,1,0
Ducati streetfighter,2010,Naked bike,1,0,1,1,0
Buell xb9sx lightning cityx,2010,Naked bike,1,0,1,0,0
Moto Guzzi breva 1100,2010,Naked bike,1,0,1,0,0
Buell xb9sx lightning,2010,Naked bike,1,0,1,0,0
Buell xb12sx lightning city x,2010,Naked bike,1,0,1,0,0
Buell xb12ss lightning long,2010,Naked bike,1,0,1,1,0
Moto Guzzi breva 750,2010,Naked bike,1,0,0,0,0
Buell xb12scg lightning,2010,Naked bike,1,0,1,0,0
Ducati monster 696,2010,Naked bike,1,0,1,0,0
Buell 1125cr cafe racer,2010,Naked bike,1,0,1,1,0
Ktm 690 duke r,2010,Naked bike,1,0,0,1,0
Moto Morini corsaro 1200 veloce,2010,Naked bike,1,0,1,1,0
Ktm 990 super duke r,2010,Naked bike,1,0,1,1,0
Ktm 990 super duke,2010,Naked bike,1,0,1,1,0
Motorhispania mh7 125 naked,2010,Naked bike,0,0,0,0,0
Moto Morini corsaro 1200,2010,Naked bike,1,0,1,1,0
Triumph speed triple,2010,Naked bike,1,1,1,1,0
Ducati monster 1100,2010,Naked bike,1,0,1,0,0
Aprilia shiver 750,2010,Naked bike,1,0,1,0,0
Moto Morini 9 1-2,2010,Naked bike,1,0,1,0,0
Aprilia shiver 750 abs,2010,Naked bike,1,0,1,0,0
Moto Morini 1200 sport,2010,Naked bike,1,0,1,0,0
Aprilia tuono 1000 r factory,2010,Naked bike,1,0,1,0,0
Ducati monster 1100 s,2010,Naked bike,1,0,1,0,0
Moto Guzzi griso 8v special edition,2010,Naked bike,1,0,1,0,0
Honda cbf600n,2010,Naked bike,1,1,1,0,0
Kasinski comet  250 efi,2010,Naked bike,0,0,0,0,0
Honda cbf600n c-abs,2010,Naked bike,1,1,1,0,0
Honda cbf600s,2010,Naked bike,1,1,1,0,0
Moto Guzzi griso 8v,2010,Naked bike,1,0,1,0,0
Benelli tornado naked tre 1130 sport evo,2010,Naked bike,1,1,1,1,0
Ecosse titanium rr,2010,Naked bike,1,0,1,0,0
Mv Agusta brutale 1078rr,2010,Naked bike,1,1,1,0,0
Cr&S vun track evoluzion,2010,Naked bike,1,0,1,0,0
Cr&S vun standard track ppp,2010,Naked bike,1,0,0,0,0
Cr&S vun standard road,2010,Naked bike,1,0,0,0,0
Cr&S vun depowered road,2010,Naked bike,1,0,0,0,0
Aprilia tuono 1000 r,2010,Naked bike,1,0,1,0,0
Ecosse titanium race,2010,Naked bike,1,0,1,0,0
Moto Guzzi breva 850,2010,Naked bike,1,0,0,0,0
Aprilia shiver 750 gt abs,2010,Naked bike,1,0,1,0,0
Wakan 100 roadster,2010,Naked bike,1,0,1,0,0
Benelli tornado naked tre 899,2010,Naked bike,1,1,1,0,0
Benelli tornado naked tre 899 s,2010,Naked bike,1,1,1,0,0
Confederate wraith,2010,Naked bike,1,0,1,0,0
Benelli tre 1130 k,2010,Naked bike,1,1,1,1,0
Ecosse titanium,2010,Naked bike,1,0,1,0,0
Voxan vx-10,2010,Naked bike,1,0,1,0,0
Voxan street scrambler,2010,Naked bike,1,0,1,1,0
Voxan charade racing,2010,Naked bike,1,0,1,0,0
Voxan black magic,2010,Naked bike,1,0,1,1,0
Aprilia shiver 750 gt,2010,Naked bike,1,0,1,0,0
Eagle-Wing db 300 naked,2010,Naked bike,0,0,0,0,0
Mv Agusta brutale 910s,2010,Naked bike,1,1,1,0,0
Moto Guzzi 1200 sport 4v,2010,Naked bike,1,0,1,0,0
Triumph street triple,2010,Naked bike,1,1,1,0,0
Bmw r 1200 r,2010,Naked bike,1,1,1,0,0
Ghezzi-Brian supertwin,2010,Naked bike,1,0,1,0,0
Triumph street triple r,2010,Naked bike,1,1,1,0,0
Ktm 690 duke,2010,Naked bike,1,0,0,1,0
Vento zip r3i turbocam,2010,Scooter,0,0,0,0,0
Wt Motors miami 250,2010,Scooter,0,0,0,0,0
Wt Motors hollywood 50,2010,Scooter,0,0,0,0,0
Wt Motors hollywood 125,2010,Scooter,0,0,0,0,0
Wt Motors bomber 151,2010,Scooter,0,0,0,0,0
Wt Motors bilbao 50,2010,Scooter,0,0,0,0,0
Wt Motors atene 152,2010,Scooter,0,0,0,0,0
Wt Motors atene 125,2010,Scooter,0,0,0,0,0
Eagle-Wing db125z commuter,2010,Scooter,0,0,0,0,0
Garelli flexi 50,2010,Scooter,0,0,0,0,0
Garelli tiesse 50 r,2010,Scooter,0,0,0,0,0
Garelli tiesse four 50 4t,2010,Scooter,0,0,0,0,0
Gilera gp800,2010,Scooter,1,0,0,0,0
Yamaha bws 12,2010,Scooter,0,0,0,0,0
Vespa s 150,2010,Scooter,0,0,0,0,0
Vespa lxv 150,2010,Scooter,0,0,0,0,0
Vespa lx 150,2010,Scooter,0,0,0,0,0
Vespa gtv 300ie via montenapoleane,2010,Scooter,0,0,0,0,0
Vespa gts 125,2010,Scooter,0,0,0,0,0
Derbi sonar 50 2t,2010,Scooter,0,0,0,0,0
Derbi sonar 125 4t,2010,Scooter,0,0,0,0,0
Derbi rambla 300i,2010,Scooter,0,0,0,0,0
Qlink star 50,2010,Scooter,0,0,0,1,0
Qlink splendor 400,2010,Scooter,0,0,0,0,0
Qlink siena 150,2010,Scooter,0,0,0,0,0
Ajs exactly 125,2010,Scooter,0,0,0,0,0
Ajs exactly 50,2010,Scooter,0,0,0,0,0
Dafra zig cub 100,2010,Scooter,0,0,0,0,0
Qlink pegasus 150,2010,Scooter,0,0,0,0,0
Dafra smart 125,2010,Scooter,0,0,0,0,0
Honda anf125i innova,2010,Scooter,0,0,0,0,0
Qlink hawk 50,2010,Scooter,0,0,0,0,0
Qlink commuter 250,2010,Scooter,0,0,0,0,0
Vento triton r4,2010,Scooter,0,0,0,0,0
Puma olimpia 250,2010,Scooter,0,0,0,0,0
Puma navona 250,2010,Scooter,0,0,0,0,0
Honda s-wing 125,2010,Scooter,0,0,0,0,0
Honda sh125i,2010,Scooter,0,0,0,0,0
Honda sh300i,2010,Scooter,0,0,0,0,0
Honda sh300i c-abs,2010,Scooter,0,0,0,0,0
Honda sh300i sporty,2010,Scooter,0,0,0,0,0
Cf Moto glory 150,2010,Scooter,0,0,0,0,0
Cf Moto glory 125,2010,Scooter,0,0,0,0,0
Cf Moto fashion,2010,Scooter,0,0,0,0,0
Cf Moto e-charm 150,2010,Scooter,0,0,0,0,0
Cf Moto e-charm 125,2010,Scooter,0,0,0,0,0
Piaggio xevo 400,2010,Scooter,0,0,0,0,0
Piaggio xevo 125,2010,Scooter,0,0,0,0,0
Vento phantom r4i,2010,Scooter,0,0,0,1,0
Peugeot vivacity sixties,2010,Scooter,0,0,0,0,0
Peugeot vivacity roland garros,2010,Scooter,0,0,0,0,0
Peugeot vivacity 50,2010,Scooter,0,0,0,0,0
Peugeot v-clic 50,2010,Scooter,0,0,0,0,0
Peugeot sum up,2010,Scooter,0,0,0,0,0
Sym citycom 300,2010,Scooter,0,0,0,0,0
Peugeot satelis whitesat 125 compressor,2010,Scooter,0,0,0,0,0
Peugeot satelis 125rs,2010,Scooter,0,0,0,0,0
Peugeot satelis 125 compressor,2010,Scooter,0,0,0,0,0
Peugeot satelis 125 avenue,2010,Scooter,0,0,0,0,0
Peugeot satelis 125,2010,Scooter,0,0,0,0,0
Tank Sports racer 150 ds-09,2010,Scooter,0,0,0,0,0
Peugeot lxr,2010,Scooter,0,0,0,0,0
Tank Sports racer ds-08,2010,Scooter,0,0,0,0,0
Tank Sports sporty 150,2010,Scooter,0,0,0,0,0
Tank Sports sporty 50,2010,Scooter,0,0,0,0,0
Tank Sports urban 50,2010,Scooter,0,0,0,0,0
Aprilia scarabeo 200ie,2010,Scooter,0,0,0,0,0
Pagsta eagle 150,2010,Scooter,0,0,0,0,0
Adiva r125,2010,Scooter,0,0,0,0,0
Kreidler insignio 125,2010,Scooter,0,0,0,0,0
Kreidler insignio 250 smokey,2010,Scooter,0,0,0,0,0
Kreidler jigger,2010,Scooter,0,0,0,1,0
Kreidler rmc-e 50,2010,Scooter,0,0,0,0,0
Kreidler rmc-e hiker 50 dd sport,2010,Scooter,0,0,0,0,0
Kreidler rmc-h 125 dd,2010,Scooter,0,0,0,0,0
Kreidler rmc-h 50 dd,2010,Scooter,0,0,0,0,0
Nipponia vorrei 150,2010,Scooter,0,0,0,0,0
Nipponia vorrei 125,2010,Scooter,0,0,0,0,0
Nipponia ezio 50,2010,Scooter,0,0,0,0,0
Nipponia ezio 125,2010,Scooter,0,0,0,0,0
Nipponia arte 150,2010,Scooter,0,0,0,0,0
Nipponia arte 125,2010,Scooter,0,0,0,0,0
Kymco downtown,2010,Scooter,0,0,0,0,0
Kymco downtown 200,2010,Scooter,0,0,0,0,0
Kymco jetix 125,2010,Scooter,0,0,0,0,0
Kymco jetix 150,2010,Scooter,0,0,0,0,0
Kymco jetix 50,2010,Scooter,0,0,0,0,0
Kymco like 50 4t,2010,Scooter,0,0,0,0,0
Tgb 101r 125,2010,Scooter,0,0,0,0,0
Kymco sting 50,2010,Scooter,0,0,0,1,0
Tgb 101r 50,2010,Scooter,0,0,0,0,0
Kymco super 8 50,2010,Scooter,0,0,0,0,0
Tgb express 125,2010,Scooter,0,0,0,0,0
Tgb express 50,2010,Scooter,0,0,0,0,0
Tgb x motion 125 efi,2010,Scooter,0,0,0,0,0
Tgb x motion 250 efi,2010,Scooter,0,0,0,0,0
Tomos arrow,2010,Scooter,0,0,0,0,0
Malaguti blog 125 i.e.,2010,Scooter,0,0,0,0,0
Malaguti centro 125 i.e.,2010,Scooter,0,0,0,0,0
Malaguti centro 160 i.e.,2010,Scooter,0,0,0,0,0
Malaguti madison 3 250 i.e.,2010,Scooter,0,0,0,0,0
Malaguti password 250,2010,Scooter,0,0,0,0,0
Malaguti spidermax gt500,2010,Scooter,0,0,0,0,0
Malaguti spidermax rs500,2010,Scooter,0,0,0,0,0
Adiva n125,2010,Scooter,0,0,0,0,0
Benelli caffe nero 250,2010,Scooter,0,0,0,1,0
Benelli qattronove x on road,2010,Scooter,0,0,0,0,0
Benelli qattronove x off road,2010,Scooter,0,0,0,0,0
Benelli pepe 50 lx,2010,Scooter,0,0,0,0,0
Benelli pepe 50,2010,Scooter,0,0,0,0,0
Ktm 1190 rc8 r,2010,Sport,1,0,1,0,0
Ducati 848 nicky hayden,2010,Sport,1,0,1,1,0
Ktm 1190 rc8,2010,Sport,1,0,1,0,0
Kasinski comet gtr 650 efi,2010,Sport,1,0,1,0,0
Kasinski comet gtr 250 efi,2010,Sport,0,0,0,0,0
Bmw s 1000 rr,2010,Sport,1,1,1,1,0
Fischer mrx,2010,Sport,1,0,1,0,0
Ducati 1198,2010,Sport,1,0,1,1,0
Jawa-Cz 50 robby,2010,Sport,0,0,0,0,0
Jawa-Cz 125 sport,2010,Sport,0,0,0,1,0
Eagle-Wing db 250b street,2010,Sport,0,0,0,0,0
Roehr 1250sc,2010,Sport,1,0,1,0,0
Tvs apache rtr 160,2010,Sport,0,0,0,0,0
Ducati 1198 r corse special edition,2010,Sport,1,0,1,1,0
Ducati 1198 s,2010,Sport,1,0,1,1,0
Tomos streetmate,2010,Sport,0,0,0,0,0
Tank Sports vision topline khaos,2010,Sport,0,0,0,0,0
Mbk x-over,2010,Sport,0,0,0,0,0
Buell blast,2010,Sport,0,0,0,0,0
Cagiva mito sp525,2010,Sport,0,0,0,0,0
Megelli sportbike 125r,2010,Sport,0,0,0,0,0
Can-Am spyder rs,2010,Sport,1,0,1,0,0
Aprilia rsv4 r,2010,Sport,1,1,1,1,0
Can-Am spyder rs-s,2010,Sport,1,0,1,0,0
Aprilia rsv4 factory,2010,Sport,1,1,1,1,0
Honda xl125v varadero,2010,Sport,0,0,0,0,0
Honda vfr1200f,2010,Sport,1,1,1,1,0
Honda varadero 125 dx,2010,Sport,0,0,0,0,0
Cf Moto v3 sport,2010,Sport,0,0,0,0,0
Puma apollo 125,2010,Sport,0,0,0,0,0
Puma cityfly 125,2010,Sport,0,0,0,0,0
Puma colibry le mans 125,2010,Sport,0,0,0,0,0
Confederate p120 fighter combat,2010,Sport,1,0,1,0,0
Benelli tornado tre 1130,2010,Sport,1,1,1,0,0
Cosmos Muscle Bikes 2rwf v8,2010,Sport,1,1,1,0,0
Cosmos Muscle Bikes 4rwf v8,2010,Sport,1,1,1,0,0
Ajs nac12 125,2010,Sport,0,0,0,0,0
Puma t-rex 125,2010,Sport,0,0,0,0,0
Honda cbf600s c-abs,2010,Sport,1,1,1,0,0
Honda cbf1000 abs,2010,Sport,1,1,1,0,0
Motoczysz c1 990,2010,Sport,1,1,1,0,0
Moto Guzzi mgs-01 corsa,2010,Sport,1,0,1,1,0
Motorhispania rx 125r,2010,Sport,0,0,0,0,0
Dafra apache150,2010,Sport,0,0,0,0,0
Ducati 1198 s corse special edition,2010,Sport,1,0,1,1,0
Dafra speed 150,2010,Sport,0,0,0,0,0
Hartford vr125 h,2010,Sport,0,0,0,1,0
Hartford vr-125 z,2010,Sport,0,0,0,0,0
Derbi gpr 125 4t 4v,2010,Sport,0,0,0,0,0
Rucker Performance shelby,2010,Sport,1,0,1,0,0
Harley-Davidson xr1200x,2010,Sport,1,0,1,0,0
Ducati 848,2010,Sport,1,0,1,1,0
Mv Agusta f4 1000 r,2010,Sport,1,1,1,0,0
Mv Agusta f4 cc claudio castiglioni,2010,Sport,1,1,1,0,0
Mv Agusta f4 r312,2010,Sport,1,1,1,0,0
Mv Agusta f4 rr 312 1078,2010,Sport,1,1,1,0,0
Bimota db7,2010,Sport,1,0,1,0,0
Bimota db7 oronero,2010,Sport,1,0,1,0,0
Harley-Davidson xr1200,2010,Sport,1,0,1,0,0
Kymco quannon 125 e3,2010,Sport,0,0,0,0,0
Kymco kr sport 125,2010,Sport,0,1,0,0,0
Ktm 1190 rc8 r red bull limited edition,2010,Sport,1,0,1,0,0
Ktm 1190 rc8 r akrapovic limited edition,2010,Sport,1,0,1,0,0
Bmw hp2 sport,2010,Sport,1,0,1,1,0
Bmw k 1300 r,2010,Sport,1,1,1,1,0
Bmw k 1300 s,2010,Sport,1,1,1,1,0
Ducati multistrada 1200 s,2010,Sport touring,1,0,1,1,0
Triumph sprint st,2010,Sport touring,1,1,1,0,0
Bmw f 800 st,2010,Sport touring,1,0,1,1,0
Bmw k 1300 gt,2010,Sport touring,1,1,1,1,0
Bmw r 1200 rt,2010,Sport touring,1,1,1,1,0
Buell xb12xt ulysses,2010,Sport touring,1,0,1,1,0
Honda deauville 700 c-abs,2010,Sport touring,1,0,0,0,0
Honda deauville 700,2010,Sport touring,1,0,0,0,0
Ducati multistrada 1200,2010,Sport touring,1,0,1,1,0
Fantic caballero racing regolarita competizione 125,2010,Super motard,0,0,0,1,0
Nox duel 125 sm,2010,Super motard,0,0,0,1,0
Husqvarna sm 125s,2010,Super motard,0,0,0,1,0
Ktm 690 supermoto limited edition,2010,Super motard,1,0,0,1,0
Mikilon d32 250,2010,Super motard,0,0,0,0,0
Aprilia sx 125,2010,Super motard,0,0,0,1,0
Ktm 990 supermoto t,2010,Super motard,1,0,1,1,0
Ccm x-tr250,2010,Super motard,0,0,0,1,0
Qlink xp 200,2010,Super motard,0,0,0,0,0
Ktm 990 supermoto r,2010,Super motard,1,0,1,1,0
Aprilia dorsoduro 750 abs,2010,Super motard,1,0,1,1,0
Ktm 990 supermoto,2010,Super motard,1,0,1,1,0
Peugeot xp6 top road,2010,Super motard,0,0,0,1,0
Malaguti x3m motard 125,2010,Super motard,0,0,0,1,0
Malaguti x3m enduro 125,2010,Super motard,0,0,0,1,0
Aprilia dorsoduro 750 factory,2010,Super motard,1,0,1,1,0
Motorhispania duna sports city supermotard,2010,Super motard,0,0,0,0,0
Aprilia dorsoduro 750,2010,Super motard,1,0,1,1,0
Ccm r35,2010,Super motard,0,0,0,1,0
Ccm sm125,2010,Super motard,0,0,0,1,0
Ccm 404 ds supermoto,2010,Super motard,0,0,0,1,0
Ajp pr4 125 sm,2010,Super motard,0,0,0,1,0
Derbi senda drd 125 4t 4v sm,2010,Super motard,0,0,0,1,0
Ajp pr4 200 sm,2010,Super motard,0,0,0,1,0
Ducati hypermotard 1100 evo,2010,Super motard,1,0,1,1,0
Ccm c-xr230-s,2010,Super motard,0,0,0,1,0
Ducati hypermotard 1100 evo sp,2010,Super motard,1,0,1,1,0
Ducati hypermotard 796,2010,Super motard,1,0,1,1,0
Buccimoto br1-f4 motard,2010,Super motard,0,0,0,0,0
Eagle-Wing py 250 red,2010,Super motard,0,0,0,1,0
Xmotos x33 md125,2010,Super motard,0,0,0,1,0
Ajs jsm motard 125,2010,Super motard,0,0,0,0,0
Moto Guzzi norge 1200 t,2010,Touring,1,0,1,0,0
Can-Am spyder rt audio,2010,Touring,1,0,1,0,0
Can-Am spyder rt,2010,Touring,1,0,1,0,0
Harley-Davidson flhtc electra glide classic,2010,Touring,1,0,1,0,0
Honda gl1800 gold wing deluxe,2010,Touring,1,1,1,0,0
Bmw k 1200 lt,2010,Touring,1,1,1,0,0
Victory vision tour,2010,Touring,1,0,1,0,0
Moto Guzzi norge 1200 gt,2010,Touring,1,0,1,0,0
Can-Am spyder rt-s,2010,Touring,1,0,1,0,0
Triumph rocket iii touring,2010,Touring,1,1,1,0,0
Vento rebellian,2010,Touring,0,0,0,0,0
Motorhispania duna dual plus trail,2010,Trial,0,0,0,1,0
Tank Sports trail tkx-200,2010,Trial,0,0,0,1,0
Ajs jsm trail 125,2010,Trial,0,0,0,0,0
Bamx bx70-db trailstar,2010,Trial,0,0,0,0,0
Ccm 404 ds trail,2010,Trial,0,0,0,1,0
Suzuki gsx650f,2011,Allround,1,1,1,0,0
Suzuki impulse 400,2011,Allround,0,1,0,0,0
Moto Morini granpasso 1200,2011,Allround,1,0,1,1,0
Sommer diesel 462,2011,Allround,0,1,0,0,0
Derbi terra 125,2011,Allround,0,0,0,1,0
Ajs 125 eco commuter,2011,Allround,0,0,0,0,0
Suzuki grasstracker bigboy,2011,Allround,0,0,0,0,0
Di Blasi express,2011,Allround,0,1,0,0,0
Brudeli 654l,2011,Allround,1,0,0,1,0
Honda cbf600s,2011,Allround,1,1,1,0,0
Honda cbf600s abs,2011,Allround,1,1,1,0,0
Honda cb1100 type 2 abs,2011,Allround,1,1,1,0,0
Honda cb1100 type 2,2011,Allround,1,1,1,0,0
Dafra super 50,2011,Allround,0,0,0,0,0
Cargobike as125,2011,Allround,0,0,0,1,0
Suzuki st 250e,2011,Allround,0,0,0,0,0
Yamaha sr400,2011,Allround,0,0,0,0,0
Yamaha tdm 900,2011,Allround,1,0,1,1,0
Dafra super 100,2011,Allround,0,0,0,0,0
Honda vt750s,2011,Allround,1,0,0,0,0
Honda vt400s,2011,Allround,0,0,0,0,0
Yamaha xj6 diversion abs,2011,Allround,1,1,1,0,0
Honda cb1300 super four,2011,Allround,1,1,1,0,0
Honda cb1300 super four abs,2011,Allround,1,1,1,0,0
Triton baja 300,2011,ATV,0,0,0,1,0
Tgb target 550 irs,2011,ATV,0,0,0,1,0
Triton baja 250,2011,ATV,0,0,0,1,0
Wt Motors siberian wt625 i.e.,2011,ATV,0,0,0,0,0
Dinli dl 904 lightning,2011,ATV,0,0,0,1,0
Triton outback 300,2011,ATV,0,0,0,1,0
Xmotos kodiac 250,2011,ATV,0,0,0,1,0
Tomberlin sdx 150 atv,2011,ATV,0,0,0,1,0
Kymco mxu 500 rl,2011,ATV,0,0,0,1,0
Diamo turista 300,2011,ATV,0,0,0,0,0
Can-Am renegade 800r,2011,ATV,1,0,0,1,0
Tgb blade 550 lt,2011,ATV,0,0,0,1,0
Polaris sportsman xp 850 eps,2011,ATV,1,0,0,1,0
Wt Motors kaos wt150,2011,ATV,0,0,0,0,0
Can-Am renegade 800r x xc,2011,ATV,1,0,0,1,0
Triton carbon 400,2011,ATV,0,0,0,0,0
Wt Motors kaos wt250,2011,ATV,0,0,0,0,0
Jianshe js400atv,2011,ATV,0,0,0,1,0
Dinli dl 700,2011,ATV,1,0,0,1,0
Kymco mxu 300 rl,2011,ATV,0,0,0,0,0
Triton supermoto 300,2011,ATV,0,0,0,0,0
Triton baja 400,2011,ATV,0,0,0,1,0
Ural cross twd,2011,Classic,1,1,0,0,0
Norton commando 961 cafe racer,2011,Classic,1,0,1,0,0
Ural tourist 750,2011,Classic,1,1,0,0,0
Moto Guzzi california vintage,2011,Classic,1,0,0,0,0
Moto Guzzi california aquila nera,2011,Classic,1,0,0,0,0
Ural sportsman,2011,Classic,1,1,0,0,0
Ural solo,2011,Classic,1,1,0,0,0
Ural snow leopard limited edition,2011,Classic,1,1,0,0,0
Ccm sr40,2011,Classic,0,0,0,1,0
Ural retro solo,2011,Classic,1,1,0,0,0
Ural retro 750,2011,Classic,1,1,0,0,0
Ural ranger,2011,Classic,1,1,0,0,0
Ural patrol 750,2011,Classic,1,1,0,0,0
Enfield thunderbird twinspark,2011,Classic,0,0,0,0,0
Ural gear up 750,2011,Classic,1,1,0,0,0
Ural cross,2011,Classic,1,1,0,0,0
Jawa-Cz 650 police,2011,Classic,1,0,0,0,0
Norton commando 961se,2011,Classic,1,0,1,0,0
Norton commando 961 sport,2011,Classic,1,0,1,0,0
Puma falcon cr50 cross,2011,Cross / motocross,0,0,0,1,0
Puma falcon cr250i cross,2011,Cross / motocross,0,0,0,1,0
Puma rottaler 125 cross,2011,Cross / motocross,0,0,0,1,0
Puma rottaler 250 cross,2011,Cross / motocross,0,0,0,1,0
Benelli bx 449 cross,2011,Cross / motocross,0,0,0,1,0
Puma falcon cr125 cross,2011,Cross / motocross,0,0,0,1,0
Puma falcon 450 cross,2011,Cross / motocross,0,0,0,1,0
Shineray xy250gy-2,2011,Cross / motocross,0,0,0,1,0
Puma rottaler 50 cross,2011,Cross / motocross,0,0,0,1,0
Hyosung gv 250,2011,Custom / cruiser,0,0,0,0,0
Boss Hoss bhc-9 zz4 trike,2011,Custom / cruiser,1,1,1,0,0
Hyosung gv 650 avitar,2011,Custom / cruiser,1,0,1,0,0
Ajs dd125e mk2,2011,Custom / cruiser,0,0,0,0,0
Victory hammer,2011,Custom / cruiser,1,0,1,0,0
California Scooter greaser,2011,Custom / cruiser,0,0,0,0,0
Hyosung gv 650 se,2011,Custom / cruiser,1,0,1,0,0
California Scooter classic,2011,Custom / cruiser,0,0,0,0,0
Suzuki intruder 400,2011,Custom / cruiser,0,0,0,0,0
California Scooter baby doll,2011,Custom / cruiser,0,0,0,0,0
Vento v-thunder xl,2011,Custom / cruiser,0,0,0,0,0
Qlink legacy 250,2011,Custom / cruiser,0,0,0,0,0
Suzuki boulevard 400,2011,Custom / cruiser,0,0,0,0,0
Big Bear Choppers bear bones,2011,Custom / cruiser,1,0,1,0,0
Moto Guzzi bellagio aquila nera,2011,Custom / cruiser,1,0,0,0,0
Moto Guzzi california classic,2011,Custom / cruiser,1,0,0,0,0
Titan radical rigid,2011,Custom / cruiser,1,0,1,0,0
Moto Guzzi nevada 750 anniversario,2011,Custom / cruiser,1,0,0,0,0
Suzuki gz 125,2011,Custom / cruiser,0,0,0,0,0
Dafra kansas 150,2011,Custom / cruiser,0,0,0,1,0
Honda shadow 750 c-abs,2011,Custom / cruiser,1,0,0,0,0
Yamaha dsc4 drag star classic four 400,2011,Custom / cruiser,0,0,0,0,0
Ajs daytona 125,2011,Custom / cruiser,0,0,0,0,0
Honda vt1300cx,2011,Custom / cruiser,1,0,0,0,0
Yamaha dsc11 drag star classic eleven 1100,2011,Custom / cruiser,1,0,0,0,0
Ajs bobber 125,2011,Custom / cruiser,0,0,0,0,0
Moto Guzzi bellagio,2011,Custom / cruiser,1,0,0,0,0
Rhino hunter s 250,2011,Custom / cruiser,0,0,0,0,0
Ural wolf 750 solo,2011,Custom / cruiser,1,1,0,0,0
Victory cory ness cross country,2011,Custom / cruiser,1,0,1,0,0
Victory arlen ness vision,2011,Custom / cruiser,1,0,1,0,0
Yamaha ds11 drag star eleven 1100,2011,Custom / cruiser,1,0,0,0,0
Yamaha ds250 drag star two-fifty 250,2011,Custom / cruiser,0,0,0,0,0
Boss Hoss bhc-3 ls3 ss,2011,Custom / cruiser,1,1,1,0,0
Ajs eos 125 mk2,2011,Custom / cruiser,0,0,0,0,0
Qlink adventure 250,2011,Custom / cruiser,0,0,0,0,0
Honda vt750c2 shadow,2011,Custom / cruiser,1,0,0,0,0
Yamaha ds4 drag star four 400,2011,Custom / cruiser,0,0,0,0,0
Neander turbo-diesel,2011,Custom / cruiser,1,1,1,0,0
Boss Hoss bhc-3 zz4,2011,Custom / cruiser,1,1,1,0,0
Honda vt750c2b,2011,Custom / cruiser,1,0,0,0,0
Boss Hoss bhc-3 zz4 ss,2011,Custom / cruiser,1,1,1,0,0
Boss Hoss bhc-9 ls3 trike,2011,Custom / cruiser,1,1,1,0,0
Moto Guzzi stelvio 1200 ntx 4v,2011,Enduro / offroad,1,0,1,1,0
Bamx bx200-db outback,2011,Enduro / offroad,0,0,0,1,0
Bamx bx150-db voyager,2011,Enduro / offroad,0,0,0,0,0
Yamaha xt660r,2011,Enduro / offroad,1,0,0,1,0
Aprilia rx 125,2011,Enduro / offroad,0,0,0,1,0
Ccm c-xr230-e,2011,Enduro / offroad,0,0,0,1,0
Xingyue xy400y,2011,Enduro / offroad,0,0,0,1,0
Xingyue xy400y-2,2011,Enduro / offroad,0,0,0,1,0
Hyosung rt125d,2011,Enduro / offroad,0,0,0,0,0
Shineray xy125gy,2011,Enduro / offroad,0,0,0,0,0
Hyosung rx125d-e,2011,Enduro / offroad,0,0,0,1,0
Yamaha serow 250,2011,Enduro / offroad,0,0,0,0,0
Yamaha serow 250 25th anniversary special,2011,Enduro / offroad,0,0,0,0,0
Bmw g 450 x,2011,Enduro / offroad,0,0,0,1,0
Xmotos xp140,2011,Enduro / offroad,0,0,0,0,0
Bmw g 650 gs,2011,Enduro / offroad,1,0,0,0,0
Lifan cub 50,2011,Enduro / offroad,0,0,0,0,0
Lem rx 65 racing,2011,Enduro / offroad,0,0,0,0,0
Lem rx 150 racing,2011,Enduro / offroad,0,0,0,0,0
Sachs zx 125 enduro,2011,Enduro / offroad,0,0,0,1,0
Shineray xy125gy-6,2011,Enduro / offroad,0,0,0,1,0
Xmotos xtr250w,2011,Enduro / offroad,0,0,0,1,0
Rieju marathon 125,2011,Enduro / offroad,0,0,0,1,0
Derbi terra adventure 125,2011,Enduro / offroad,0,0,0,1,0
Ktm 690 enduro,2011,Enduro / offroad,1,0,0,1,0
Ktm 690 enduro r,2011,Enduro / offroad,1,0,0,1,0
Xmotos xz250r,2011,Enduro / offroad,0,0,0,1,0
Bmw f 800 gs,2011,Enduro / offroad,1,0,1,1,0
Kawasaki 250tr,2011,Enduro / offroad,0,0,0,0,0
Benelli bx 505 enduro,2011,Enduro / offroad,0,0,0,1,0
Kawasaki klx 125,2011,Enduro / offroad,0,0,0,1,0
Bmw f 650 gs,2011,Enduro / offroad,1,0,0,1,0
Moto Guzzi stelvio 1200 4v abs,2011,Enduro / offroad,1,0,1,1,0
Bmw r 1200 gs adventure,2011,Enduro / offroad,1,1,1,1,0
Bmw r 1200 gs,2011,Enduro / offroad,1,1,1,1,0
Qlink xf 200,2011,Enduro / offroad,0,0,0,1,0
Puma elephant cr250,2011,Enduro / offroad,0,0,0,1,0
Derbi senda drd 125  r,2011,Enduro / offroad,0,0,0,1,0
Xmotos xzp250w,2011,Enduro / offroad,0,0,0,1,0
Moto Morini scrambler,2011,Enduro / offroad,1,0,1,1,0
Track t-800cdi 1e black edition,2011,Enduro / offroad,1,1,0,0,0
Mikilon m96-250s,2011,Enduro / offroad,0,0,0,0,0
Xmotos xtr125,2011,Enduro / offroad,0,0,0,0,0
Lem rx2 racing,2011,"Minibike, cross",0,0,0,0,0
Bamx bx125 db2 renegade,2011,"Minibike, cross",0,0,0,0,0
Bamx bx125 db1 enforcer,2011,"Minibike, cross",0,0,0,0,0
Bamx bx70-db trailstar,2011,"Minibike, cross",0,0,0,0,0
Lem rx3 racing,2011,"Minibike, cross",0,0,0,0,0
Bamx bx50-db pee wee,2011,"Minibike, cross",0,0,0,0,0
Ducati streetfighter,2011,Naked bike,1,0,1,1,0
Mv Agusta brutale 1090 rr,2011,Naked bike,1,1,1,1,0
Ducati diavel carbon,2011,Naked bike,1,0,1,0,0
Yamaha fz1 fazer,2011,Naked bike,1,1,1,1,0
Benelli tnt 1130 sport,2011,Naked bike,1,1,1,0,0
Yamaha xj6 abs,2011,Naked bike,1,1,1,0,0
Moto Morini corsaro 1200,2011,Naked bike,1,0,1,0,0
Ducati monster 796,2011,Naked bike,1,0,1,0,0
Benelli tnt 899t,2011,Naked bike,1,1,1,0,0
Benelli century racer 1130,2011,Naked bike,1,1,1,0,0
Ktm 690 duke r,2011,Naked bike,1,0,0,1,0
Shineray xy-250 5,2011,Naked bike,0,0,0,0,0
Horex vr6 roadster,2011,Naked bike,1,1,1,0,0
Suzuki bandit 1250s,2011,Naked bike,1,1,1,0,0
Derbi mulhacen 125,2011,Naked bike,0,0,0,0,0
Benelli tre-k 1130k amazonas,2011,Naked bike,1,1,1,1,0
Eagle-Wing db300 naked,2011,Naked bike,0,0,0,0,0
Yamaha mt-03,2011,Naked bike,1,0,0,0,0
Bmw k 1300 r,2011,Naked bike,1,1,1,1,0
Benelli tnt 1130 titanium,2011,Naked bike,1,1,1,0,0
Suzuki gladius 400,2011,Naked bike,0,0,0,0,0
Aprilia mana 850 abs,2011,Naked bike,1,0,1,0,0
Suzuki bandit 1250s abs,2011,Naked bike,1,1,1,0,0
Moto Morini 1200 sport,2011,Naked bike,1,0,1,0,0
Mv Agusta brutale,2011,Naked bike,1,1,1,1,0
Moto Guzzi griso 1200 8v,2011,Naked bike,1,0,1,0,0
Benelli tnt 1130k,2011,Naked bike,1,1,1,0,0
Moto Morini 9 1-2,2011,Naked bike,1,0,1,0,0
Ducati streetfighter s,2011,Naked bike,1,0,1,1,0
Cr&S vun track ppp,2011,Naked bike,1,0,1,0,0
Cr&S vun road,2011,Naked bike,1,0,0,0,0
Bmw r 1200 r classic,2011,Naked bike,1,1,1,0,0
Moto Guzzi breva 1200,2011,Naked bike,1,0,1,0,0
Mv Agusta brutale 990r,2011,Naked bike,1,1,1,1,0
Bmw r 1200 r,2011,Naked bike,1,1,1,0,0
Benelli tre-k 1130 k,2011,Naked bike,1,1,1,0,0
Aprilia tuono 1000 r,2011,Naked bike,1,0,1,0,0
Cagiva raptor 125,2011,Naked bike,0,0,0,0,0
Triumph speed triple,2011,Naked bike,1,1,1,1,0
Moto Guzzi breva 1200 abs,2011,Naked bike,1,0,1,0,0
Yamaha fz16,2011,Naked bike,0,0,0,0,0
Moto Guzzi griso 1200 8v se,2011,Naked bike,1,0,1,0,0
Benelli tre-k 899,2011,Naked bike,1,1,1,1,0
Yamaha xjr 1300,2011,Naked bike,1,1,1,0,0
Megelli naked streetbike 125s,2011,Naked bike,0,0,0,0,0
Kawasaki z 750,2011,Naked bike,1,1,1,1,0
Ktm 690 duke,2011,Naked bike,1,0,0,1,0
Ecosse titanium,2011,Naked bike,1,0,1,0,0
Moto Guzzi 1200 sport 4v,2011,Naked bike,1,0,1,0,0
Benelli tnt 899 cafe racer,2011,Naked bike,1,1,1,1,0
Benelli tnt 899s,2011,Naked bike,1,1,1,0,0
Triumph speed triple se,2011,Naked bike,1,1,1,1,0
Ecosse titanium race,2011,Naked bike,1,0,1,0,0
Aprilia mana 850,2011,Naked bike,1,0,1,0,0
Ducati diavel,2011,Naked bike,1,0,1,0,0
Kawasaki z 750 r,2011,Naked bike,1,1,1,1,0
Ecosse titanium rr,2011,Naked bike,1,0,1,0,0
Ktm 990 super duke,2011,Naked bike,1,0,1,1,0
Honda cb600f abs,2011,Naked bike,1,1,1,0,0
Honda cbf600n,2011,Naked bike,1,1,1,0,0
Aprilia shiver 750,2011,Naked bike,1,0,1,0,0
Confederate b120 wraith,2011,Naked bike,1,0,1,0,0
Honda vtr b-style,2011,Naked bike,0,0,0,0,0
Benelli century racer 899,2011,Naked bike,1,1,1,1,0
Aprilia shiver 750 abs,2011,Naked bike,1,0,1,0,0
Shineray xy-125 11,2011,Naked bike,0,0,0,0,0
Honda vtr 250,2011,Naked bike,0,0,0,0,0
Suzuki b-king abs,2011,Naked bike,1,1,1,0,0
Bmw f 800 r,2011,Naked bike,1,0,1,0,0
Sachs roadster 125,2011,Naked bike,0,0,0,0,0
Benelli tnt r160,2011,Naked bike,1,1,1,1,0
Aprilia tuono v4r,2011,Naked bike,1,1,1,1,0
Suzuki b-king,2011,Naked bike,1,1,1,0,0
Benelli tnt 1130 cafe racer,2011,Naked bike,1,1,1,0,0
Derbi mulhacen cafe 125,2011,Naked bike,0,0,0,0,0
Confederate p120 fighter,2011,Naked bike,1,0,1,0,0
Honda cbf600n abs,2011,Naked bike,1,1,1,0,0
Honda cb600f,2011,Naked bike,1,1,1,0,0
Ecosse the heretic,2011,Naked bike,1,0,1,0,0
Wakan 100,2011,Naked bike,1,0,1,0,0
Suzuki gsr 400,2011,Naked bike,0,1,0,0,0
Yamaha v-max hermes,2011,Prototype / concept model,1,1,1,0,0
Honda sh125i,2011,Scooter,0,0,0,0,0
Yamaha cygnus x,2011,Scooter,0,0,0,0,0
Honda sh150i special,2011,Scooter,0,0,0,0,0
Honda sh150i sporty,2011,Scooter,0,0,0,0,0
Honda sh300i,2011,Scooter,0,0,0,0,0
Yamaha cygnus x sr,2011,Scooter,0,0,0,0,0
Honda sw-t400,2011,Scooter,0,0,0,0,0
Adiva n125,2011,Scooter,0,0,0,0,0
Yamaha vity,2011,Scooter,0,0,0,0,0
Benelli pepe 4t,2011,Scooter,0,0,0,0,0
Benelli pepe 50,2011,Scooter,0,0,0,0,0
Yamaha vox,2011,Scooter,0,0,0,0,0
Yamaha tmax tech max abs,2011,Scooter,0,0,0,0,0
Wt Motors jungle 150,2011,Scooter,0,0,0,0,0
Xingyue xy200t-7,2011,Scooter,0,0,0,1,0
Benelli 49x quattro nove x on road,2011,Scooter,0,0,0,0,0
Benelli 49x quattro nove x off road,2011,Scooter,0,0,0,0,0
Xingyue xy260t-4,2011,Scooter,0,0,0,0,0
Yamaha vox deluxe,2011,Scooter,0,0,0,0,0
Xingyue xy50qt-15,2011,Scooter,0,0,0,0,0
Tgb x large 300 efi,2011,Scooter,0,0,0,0,0
Suzuki access 125,2011,Scooter,0,0,0,0,0
Tgb x large 125 efi,2011,Scooter,0,0,0,0,0
Tgb express 50,2011,Scooter,0,0,0,0,0
Tgb express 125,2011,Scooter,0,0,0,0,0
Kymco yager gt 125,2011,Scooter,0,0,0,0,0
Sachs sx1 urbano,2011,Scooter,0,0,0,0,0
Benelli caffenero 150,2011,Scooter,0,0,0,0,0
Kymco super 8 125,2011,Scooter,0,0,0,0,0
Sachs sx1,2011,Scooter,0,0,0,0,0
Sachs speedjet rs,2011,Scooter,0,0,0,0,0
Garelli flexi 50,2011,Scooter,0,0,0,0,0
Tauris strada 50 2t,2011,Scooter,0,0,0,0,0
Sachs speedjet r,2011,Scooter,0,0,0,0,0
Tauris strada 125 4t,2011,Scooter,0,0,0,0,0
Sachs speedjet,2011,Scooter,0,0,0,0,0
Mz anthony 50 2t,2011,Scooter,0,0,0,0,0
Mz emmely 125 4t,2011,Scooter,0,0,0,0,0
Sachs speedforce r,2011,Scooter,0,0,0,0,0
Kymco like 200i,2011,Scooter,0,0,0,0,0
Sachs madass 50,2011,Scooter,0,0,0,1,0
Kymco like 125,2011,Scooter,0,0,0,0,0
Mz emmely 50 4t,2011,Scooter,0,0,0,0,0
Mz emmely el2-hybrid,2011,Scooter,0,0,0,0,0
Mz emmely el3-hybrid,2011,Scooter,0,0,0,0,0
Sachs madass 125,2011,Scooter,0,0,0,1,0
Sachs bee 50,2011,Scooter,0,0,0,0,0
Sachs bee 125,2011,Scooter,0,0,0,0,0
Kymco downtown 300i,2011,Scooter,0,0,0,0,0
Sachs 49er ii,2011,Scooter,0,0,0,0,0
Kymco agility city 125,2011,Scooter,0,0,0,1,0
Suzuki gemma,2011,Scooter,0,0,0,0,0
Vespa s 150 ie.,2011,Scooter,0,0,0,0,0
Vespa px 125,2011,Scooter,0,0,0,0,0
Yamaha bws 12inch,2011,Scooter,0,0,0,0,0
Vespa lxv 150 i.e.,2011,Scooter,0,0,0,0,0
Vespa lxv 125 i.e.,2011,Scooter,0,0,0,0,0
Vespa lx 50 4v,2011,Scooter,0,0,0,0,0
Vespa lx 150 i.e.,2011,Scooter,0,0,0,0,0
Tauris mistral 50 2t,2011,Scooter,0,0,0,0,0
Diamo velocity 150,2011,Scooter,0,0,0,0,0
Diamo tuscany 150,2011,Scooter,0,0,0,0,0
Diamo torino 150,2011,Scooter,0,0,0,0,0
Benelli caffenero 125,2011,Scooter,0,0,0,0,0
Vespa gtv 300,2011,Scooter,0,0,0,0,0
Vespa gts 125 super,2011,Scooter,0,0,0,0,0
Tauris fiera 50 xtreme 2t,2011,Scooter,0,0,0,0,0
Vespa gts 125,2011,Scooter,0,0,0,0,0
Tauris fiera 125 xtreme 4t,2011,Scooter,0,0,0,0,0
Derbi sonar 50 2t,2011,Scooter,0,0,0,0,0
Derbi sonar 125 4t,2011,Scooter,0,0,0,0,0
Kreidler rmc-h galactica 50 dd,2011,Scooter,0,0,0,0,0
Xingyue xy200t-6,2011,Scooter,0,0,0,1,0
Ajs crazy naked 50,2011,Scooter,0,0,0,0,0
Kreidler rmc-h galactica 125 dd,2011,Scooter,0,0,0,0,0
Tauris cubana 50 4t,2011,Scooter,0,0,0,0,0
Kreidler rmc-e hiker 50 dd sport,2011,Scooter,0,0,0,0,0
Kreidler rmc-e 50,2011,Scooter,0,0,0,0,0
Derbi rambla 300i,2011,Scooter,0,0,0,0,0
Kinetic blaze,2011,Scooter,0,0,0,0,0
Ajs exactly 125,2011,Scooter,0,0,0,0,0
Ajs exactly 50,2011,Scooter,0,0,0,0,0
Dafra zig,2011,Scooter,0,0,0,0,0
Dafra smart 125,2011,Scooter,0,0,0,0,0
Yamaha bws naked,2011,Scooter,0,0,0,0,0
Honda anf125i innova,2011,Scooter,0,0,0,0,0
Xingyue xy150zk,2011,Scooter,0,0,0,0,0
Dafra laser 150,2011,Scooter,0,0,0,1,0
Dafra citycom 300i,2011,Scooter,0,0,0,0,0
Adiva r125,2011,Scooter,0,0,0,0,0
Tauris cubana 125 4t,2011,Scooter,0,0,0,0,0
Tauris capri 50 4t,2011,Scooter,0,0,0,0,0
Tauris capri 125 4t,2011,Scooter,0,0,0,0,0
Tauris brisa 50 4t,2011,Scooter,0,0,0,0,0
Tauris avenida 125 4t,2011,Scooter,0,0,0,0,0
Hyosung sf50r rally,2011,Scooter,0,0,0,0,0
Hyosung sb50zr sense,2011,Scooter,0,0,0,0,0
Hyosung ms3-250,2011,Scooter,0,0,0,0,0
Hyosung ms3-125,2011,Scooter,0,0,0,0,0
Aprilia scarabeo 200ie,2011,Scooter,0,0,0,0,0
Xingyue xy150t-4,2011,Scooter,0,0,0,0,0
Aprilia scarabeo 125ie,2011,Scooter,0,0,0,0,0
Xingyue xy150t-6,2011,Scooter,0,0,0,1,0
Honda faze,2011,Scooter,0,0,0,0,0
Honda faze abs,2011,Scooter,0,0,0,0,0
Honda faze type-s,2011,Scooter,0,0,0,0,0
Sym hd2,2011,Scooter,0,0,0,0,0
Vento triton li,2011,Scooter,0,0,0,0,0
Honda forza ex,2011,Scooter,0,0,0,0,0
Sym citycom 300i,2011,Scooter,0,0,0,0,0
Sym citycom 125i,2011,Scooter,0,0,0,0,0
Yamaha grand majesty 400,2011,Scooter,0,0,0,0,0
Yamaha grand axis 100,2011,Scooter,0,0,0,0,0
Honda forza x,2011,Scooter,0,0,0,0,0
Vento hot rod,2011,Scooter,0,0,0,1,0
Piaggio fly 50,2011,Scooter,0,0,0,0,0
Vento phantom r5,2011,Scooter,0,0,0,1,0
Honda nhx110 lead,2011,Scooter,0,0,0,0,0
Honda zoomer,2011,Scooter,0,0,0,0,0
Honda ps125i,2011,Scooter,0,0,0,0,0
Honda ps125i sporty,2011,Scooter,0,0,0,0,0
Honda s-wing 125,2011,Scooter,0,0,0,0,0
Honda s-wing 125 c-abs,2011,Scooter,0,0,0,0,0
Ktm 1190 rc8 r,2011,Sport,1,0,1,0,0
Honda cbf125,2011,Sport,0,0,0,0,0
Dafra speed 150,2011,Sport,0,0,0,0,0
Benelli tornado tre 903 le,2011,Sport,1,1,1,0,0
Ktm 1190 rc8 r red bull,2011,Sport,1,0,1,0,0
Benelli tornado tre 903 rs,2011,Sport,1,1,1,0,0
Cosmos Muscle Bikes 4rwf v8,2011,Sport,1,1,1,0,0
Aprilia rsv4 factory aprc se,2011,Sport,1,1,1,1,0
Fischer mrx,2011,Sport,1,0,1,0,0
Moto Guzzi mgs-01 corsa,2011,Sport,1,0,1,1,0
Megelli sportbike 125r,2011,Sport,0,0,0,0,0
Motoczysz c1 990,2011,Sport,1,1,1,0,0
Honda cb unicorn,2011,Sport,0,0,0,0,0
Can-Am spyder roadster rs,2011,Sport,1,0,1,0,0
Shineray xy-125 11a,2011,Sport,0,0,0,0,0
Hyosung gt125,2011,Sport,0,0,0,0,0
Hyosung gt125r,2011,Sport,0,0,0,0,0
Hyosung gt250,2011,Sport,0,0,0,0,0
Honda cb1100 type1,2011,Sport,1,1,1,1,0
Honda cb1100 type1 abs,2011,Sport,1,1,1,0,0
Ducati superbike 1198,2011,Sport,1,0,1,1,0
Hyosung gt250r,2011,Sport,0,0,0,0,0
Ducati superbike 1198 r corse se,2011,Sport,1,0,1,1,0
Ducati superbike 1198 sp,2011,Sport,1,0,1,1,0
Kymco pulsar lx 125,2011,Sport,0,0,0,0,0
Honda cb1300 super bol dor,2011,Sport,1,1,1,0,0
Ducati superbike 848 evo,2011,Sport,1,0,1,1,0
Ajs nac12 125,2011,Sport,0,0,0,0,0
Dafra apache150,2011,Sport,0,0,0,0,0
Cagiva mito sp525,2011,Sport,0,0,0,0,0
Ducati superbike 848 evo dark,2011,Sport,1,0,1,1,0
Honda cb1300 super bol dor abs,2011,Sport,1,1,1,0,0
Yamaha mt-01,2011,Sport,1,0,1,1,0
Bmw s 1000 rr,2011,Sport,1,1,1,1,0
Yamaha yzf 15,2011,Sport,0,0,0,0,0
Honda cb400 super bol dor,2011,Sport,0,1,0,0,0
Honda cb400 super bol dor abs,2011,Sport,0,1,0,0,0
Honda cb400 super four,2011,Sport,0,1,0,0,0
Bimota db7,2011,Sport,1,0,1,0,0
Tvs jive,2011,Sport,0,0,0,0,0
Tvs sport,2011,Sport,0,0,0,0,0
Tvs star city,2011,Sport,0,0,0,0,0
Xingyue xy400gy,2011,Sport,0,0,0,1,0
Honda cb400 super four abs,2011,Sport,0,1,0,0,0
Honda cbr125r,2011,Sport,0,0,0,0,0
Eagle-Wing db250 street,2011,Sport,0,0,0,0,0
Bajaj pulsar 180,2011,Sport,0,0,0,0,0
Mv Agusta f4,2011,Sport,1,1,1,1,0
Shineray xy-250 5a,2011,Sport,0,0,0,0,0
Honda cbf1000 abs,2011,Sport,1,1,1,0,0
Honda cbf1000,2011,Sport,1,1,1,0,0
Derbi gpr 125,2011,Sport,0,0,0,0,0
Rucker Performance shelby,2011,Sport,1,0,1,0,0
Derbi gpr 50 2t,2011,Sport,0,0,0,0,0
Aprilia rsv4 factory,2011,Sport,1,1,1,1,0
Yamaha xj6 diversion f abs,2011,Sport,1,1,1,0,0
Kawasaki zzr 1400,2011,Sport,1,1,1,0,0
Benelli tornado tre 1130,2011,Sport,1,1,1,0,0
Roehr 1250sc,2011,Sport,1,0,1,0,0
Cosmos Muscle Bikes 2rwf v8,2011,Sport,1,1,1,0,0
Kawasaki z 1000 sx,2011,Sport,1,1,1,1,0
Ktm 1190 rc8,2011,Sport,1,0,1,0,0
Benelli tornado tre 903,2011,Sport,1,1,1,0,0
Honda varadero 125,2011,Sport,0,0,0,0,0
Ktm 1190 rc8 r akrapovic,2011,Sport,1,0,1,0,0
Bmw hp2 sport,2011,Sport,1,1,1,1,0
Kawasaki z 1000 sx tourer,2011,Sport touring,1,1,1,1,0
Bmw k 1300 s,2011,Sport touring,1,1,1,1,0
Honda cb1300 super touring,2011,Sport touring,1,1,1,0,0
Aprilia shiver 750 gt abs,2011,Sport touring,1,0,1,0,0
Aprilia shiver 750 gt,2011,Sport touring,1,0,1,0,0
Honda vfr 800,2011,Sport touring,1,1,1,0,0
Ducati multistrada 1200 s sport,2011,Sport touring,1,0,1,1,0
Ducati multistrada 1200,2011,Sport touring,1,0,1,1,0
Honda varadero 125 dx,2011,Sport touring,0,0,0,0,0
Triumph sprint st,2011,Sport touring,1,1,1,0,0
Honda xl700v transalp,2011,Super motard,1,0,0,1,0
Derbi senda drd 125 sm,2011,Super motard,0,0,0,1,0
Ktm 990 adventure dakar,2011,Super motard,1,0,1,1,0
Ktm 990 adventure,2011,Super motard,1,0,1,1,0
Honda xl1000v varadero,2011,Super motard,1,0,1,1,0
Xmotos x33md125,2011,Super motard,0,0,0,1,0
Kawasaki d-tracker 125,2011,Super motard,0,0,0,0,0
Puma falcon cr250i motard,2011,Super motard,0,0,0,1,0
Ducati hypermotard 796,2011,Super motard,1,0,1,1,0
Ktm 690 supermoto limited edition,2011,Super motard,1,0,0,1,0
Kreidler supermoto125 dd,2011,Super motard,0,0,0,1,0
Puma falcon cr125 motard,2011,Super motard,0,0,0,1,0
Yamaha wr125x,2011,Super motard,0,0,0,1,0
Ktm 690 smc,2011,Super motard,1,0,0,1,0
Qlink xp 200,2011,Super motard,0,0,0,0,0
Sachs zz 125 supermoto,2011,Super motard,0,0,0,1,0
Aprilia sx 125,2011,Super motard,0,0,0,1,0
Ktm 990 supermoto r,2011,Super motard,1,0,1,1,0
Bmw hp2 megamoto,2011,Super motard,1,1,1,1,0
Puma rottaler 250 motard,2011,Super motard,0,0,0,1,0
Puma falcon cr50 motard,2011,Super motard,0,0,0,1,0
Aprilia dorsoduro 750,2011,Super motard,1,0,1,1,0
Yamaha dt50x,2011,Super motard,0,0,0,1,0
Hyosung rx125d sm,2011,Super motard,0,0,0,1,0
Yamaha xt250x,2011,Super motard,0,0,0,0,0
Ccm sm 125,2011,Super motard,0,0,0,1,0
Ktm 990 supermoto t,2011,Super motard,1,0,1,1,0
Puma rottaler 125 motard,2011,Super motard,0,0,0,1,0
Ccm r35,2011,Super motard,0,0,0,1,0
Ajs jsm motard 125,2011,Super motard,0,0,0,0,0
Aprilia dorsoduro 750 abs,2011,Super motard,1,0,1,1,0
Puma rottaler 50 motard,2011,Super motard,0,0,0,1,0
Ktm 990 adventure r,2011,Super motard,1,0,1,1,0
Yamaha tricker,2011,Super motard,0,0,0,0,0
Aprilia dorsoduro 750 factory,2011,Super motard,1,0,1,1,0
Ktm 990 supermoto,2011,Super motard,1,0,1,1,0
Puma falcon 450 motard,2011,Super motard,0,0,0,1,0
Kawasaki vn 1700 classic tourer,2011,Touring,1,0,0,0,0
Bmw k 1600 gtl,2011,Touring,1,1,1,0,0
Qlink tourer 250,2011,Touring,0,0,0,0,0
Moto Guzzi norge 1200 gt,2011,Touring,1,0,1,0,0
Bmw r 1200 rt,2011,Touring,1,1,1,1,0
Kawasaki 1400 gtr grand tourer,2011,Touring,1,1,1,1,0
Victory vision tour,2011,Touring,1,0,1,0,0
Ducati multistrada 1200 s touring,2011,Touring,1,0,1,1,0
Moto Guzzi norge 1200 gt 8v,2011,Touring,1,0,1,0,0
Can-Am spyder roadster rt,2011,Touring,1,0,1,0,0
Can-Am spyder roadster rt limited,2011,Touring,1,0,1,0,0
Bmw f 800 st,2011,Touring,1,0,1,1,0
Bmw k 1200 lt,2011,Touring,1,1,1,0,0
Bmw k 1300 gt,2011,Touring,1,1,1,1,0
Bmw k 1600 gt,2011,Touring,1,1,1,1,0
Ajs jsm trail 125,2011,Trial,0,0,0,0,0
Aprilia mana 850 gt abs,2012,Allround,1,0,1,0,0
Suzuki grasstracker,2012,Allround,0,0,0,0,0
Puma energy sv 125,2012,Allround,0,0,0,0,0
Suzuki grasstracker bigboy,2012,Allround,0,0,0,0,0
Atlas Honda cg125,2012,Allround,0,0,0,0,0
Moto Morini granpasso h83,2012,Allround,1,0,1,1,0
Shinetime st125 skymax-pro,2012,Allround,0,0,0,0,0
Moto Morini granpasso 1200,2012,Allround,1,0,1,1,0
Shinetime ace 50,2012,Allround,0,0,0,0,0
Derbi terra 125,2012,Allround,0,0,0,0,0
Lifan lf125-3 cross,2012,Allround,0,0,0,0,0
Di Blasi express 50,2012,Allround,0,1,0,0,0
Ducati multistrada 1200,2012,Allround,1,0,1,1,0
Suzuki grasstracker bigboy 10th anniversary,2012,Allround,0,0,0,0,0
Veli vl200gs-3,2012,Allround,0,0,0,1,0
Honda vt750 s,2012,Allround,1,0,0,0,0
Yamaha tdm 900,2012,Allround,1,0,1,1,0
Shinetime st50 skymax-pro,2012,Allround,0,0,0,0,0
Tomos sportmate 45,2012,Allround,0,0,0,1,0
Sommer diesel 462,2012,Allround,0,1,0,0,0
Veli vl200gs-5,2012,Allround,0,0,0,1,0
Yamaha sr 400,2012,Allround,0,0,0,0,0
Suzuki st250 e type,2012,Allround,0,0,0,0,0
Aeon my 125i,2012,Allround,0,0,0,0,0
Bajaj pulsar 200 ns,2012,Allround,0,0,0,0,0
Tgb gunner 550,2012,ATV,0,0,0,1,0
Tgb target 460 irs 4x4,2012,ATV,0,0,0,1,0
Aeon cobra 400,2012,ATV,0,0,0,0,0
Tgb target 550 irs 4x4,2012,ATV,0,0,0,1,0
Tgb blade 550i lt 4x4,2012,ATV,0,0,0,1,0
Aeon minikolt 50,2012,ATV,0,0,0,0,0
Cf Moto terralander 800,2012,ATV,1,0,0,0,0
Bamx bx200-u back country,2012,ATV,0,0,0,0,0
Bamx bx400-u4 sierra,2012,ATV,0,0,0,1,0
Bamx bx50-u exciter,2012,ATV,0,0,0,0,0
Bamx bx500-u4 tahoe,2012,ATV,0,0,0,1,0
Bamx bx700-u4 tahoe,2012,ATV,1,0,0,1,0
Kymco mxu500i dx,2012,ATV,0,0,0,1,0
Kymco mxu 500 4x4 irs,2012,ATV,0,0,0,1,0
Kymco mxu 450i irs,2012,ATV,0,0,0,0,0
Kymco mxu 375i 4x4 irs,2012,ATV,0,0,0,0,0
Bennche gray wolf 700,2012,ATV,1,0,0,1,0
Can-Am outlander 1000,2012,ATV,1,0,1,1,0
Can-Am outlander 1000 xt,2012,ATV,1,0,1,1,0
Bennche gray wolf 500,2012,ATV,0,0,0,1,0
Kawasaki kvf360 4x4,2012,ATV,0,0,0,1,0
Kawasaki kvf650 4x4,2012,ATV,1,0,0,1,0
Aeon crossland x4 400,2012,ATV,0,0,0,1,0
Kymco mxu 300 shaft drive,2012,ATV,0,0,0,0,0
Kymco mxu 300 r,2012,ATV,0,0,0,0,0
Aeon crossland rx 400,2012,ATV,0,0,0,1,0
Kymco mxu 150 rl,2012,ATV,0,0,0,0,0
Dinli dl 902,2012,ATV,0,0,0,1,0
Kymco mxu 150,2012,ATV,0,0,0,0,0
Kymco mongoose 90,2012,ATV,0,0,0,0,0
Kymco mongoose 70,2012,ATV,0,0,0,0,0
Kymco mongoose 300,2012,ATV,0,0,0,0,0
Aeon overland 600,2012,ATV,1,0,0,1,0
Kymco maxxer 450i,2012,ATV,0,0,0,1,0
Aeon cobra 50,2012,ATV,0,0,0,0,0
Moto Guzzi california vintage,2012,Classic,1,0,0,0,0
Ural m70 solo,2012,Classic,1,1,0,0,0
Moto Guzzi v7 racer,2012,Classic,1,0,0,0,0
Ural t,2012,Classic,1,1,0,0,0
Moto Guzzi california 90 anniversary,2012,Classic,1,0,0,0,0
Moto Guzzi v7 cafe classic,2012,Classic,1,0,0,0,0
Norton commando 961 sport,2012,Classic,1,0,1,0,0
Ural solo st,2012,Classic,1,1,0,0,0
Moto Guzzi california black eagle,2012,Classic,1,0,0,0,0
Ural gear up 750,2012,Classic,1,1,0,0,0
Ural tourist 750,2012,Classic,1,1,0,0,0
Ural patrol t,2012,Classic,1,1,0,0,0
Ural retro 750,2012,Classic,1,1,0,0,0
Norton commando 961 se,2012,Classic,1,0,1,0,0
Norton commando 961 cafe racer,2012,Classic,1,0,1,0,0
Ural patrol 750,2012,Classic,1,1,0,0,0
Ural m70 anniversary edition,2012,Classic,1,1,0,0,0
Ural retro solo 750,2012,Classic,1,1,0,0,0
Moto Guzzi v7 special,2012,Classic,1,0,0,0,0
Kymco zing ii 125,2012,Custom / cruiser,0,0,0,0,0
Boss Hoss bhc-3 ls3 ss,2012,Custom / cruiser,1,1,1,0,0
Victory high ball,2012,Custom / cruiser,1,0,1,0,0
Suzuki intruder classic 400 cast wheel,2012,Custom / cruiser,0,0,0,0,0
Vento thunderstar,2012,Custom / cruiser,0,0,0,0,0
Neander turbo-diesel,2012,Custom / cruiser,1,1,1,0,0
Ural wolf 750 solo,2012,Custom / cruiser,1,1,0,0,0
Vento rebellian,2012,Custom / cruiser,0,0,0,0,0
Victory hammer s 106,2012,Custom / cruiser,1,0,1,0,0
Suzuki intruder classic 400,2012,Custom / cruiser,0,0,0,0,0
Boss Hoss bhc-3 ls300,2012,Custom / cruiser,1,1,1,0,0
Rhino flm-001 hunter s,2012,Custom / cruiser,0,0,0,0,0
Big Bear Choppers venom prostreet 100 smooth carb,2012,Custom / cruiser,1,0,1,0,0
Boss Hoss bhc-9 gangsta 445 trike,2012,Custom / cruiser,1,1,1,0,0
Suzuki boulevard 400,2012,Custom / cruiser,0,0,0,0,0
Rhino flm-005 hunter softail,2012,Custom / cruiser,0,0,0,0,0
Honda vt1300cx,2012,Custom / cruiser,1,0,0,0,0
Rhino flm-004 hunter softail,2012,Custom / cruiser,0,0,0,0,0
Vento colt,2012,Custom / cruiser,0,0,0,0,0
Boss Hoss bhc-9 coupe 445 trike,2012,Custom / cruiser,1,1,1,0,0
Hyosung gv250,2012,Custom / cruiser,0,0,0,0,0
Jianshe js150-a-f3,2012,Custom / cruiser,0,0,0,0,0
Victory vegas jackpot,2012,Custom / cruiser,1,0,1,0,0
Hyosung gv650,2012,Custom / cruiser,1,0,1,0,0
Victory vegas 8 ball,2012,Custom / cruiser,1,0,1,0,0
Victory zach ness vegas,2012,Custom / cruiser,1,0,1,0,0
Victory hammer s,2012,Custom / cruiser,1,0,1,0,0
Victory vegas,2012,Custom / cruiser,1,0,1,0,0
Hyosung st7,2012,Custom / cruiser,1,0,1,0,0
Ajs stellar 350,2012,Custom / cruiser,0,0,0,0,0
Victory hammer 8 ball,2012,Custom / cruiser,1,0,1,0,0
Victory kingpin,2012,Custom / cruiser,1,0,1,0,0
Suzuki marauder 125,2012,Custom / cruiser,0,0,0,0,0
Derbi senda drd 125 4t 4s  r,2012,Enduro / offroad,0,0,0,1,0
Bmw f 650 gs se,2012,Enduro / offroad,1,0,0,1,0
Lifan lf150-2,2012,Enduro / offroad,0,0,0,0,0
Kawasaki klx 125,2012,Enduro / offroad,0,0,0,1,0
Yamaha serow 250,2012,Enduro / offroad,0,0,0,0,0
Moto Guzzi stelvio 1200 ntx,2012,Enduro / offroad,1,0,1,1,0
Bmw r 1200 gs,2012,Enduro / offroad,1,1,0,1,0
Track t-800cdi 1e black,2012,Enduro / offroad,1,1,0,1,0
Hyosung rt125d,2012,Enduro / offroad,0,0,0,0,0
Motorhispania duna 125 trail,2012,Enduro / offroad,0,0,0,1,0
Ccm rl 125,2012,Enduro / offroad,0,0,0,0,0
Ccm c-xr230,2012,Enduro / offroad,0,0,0,1,0
Yamaha xt660r,2012,Enduro / offroad,1,0,0,1,0
Bmw r 1200 gs rallye,2012,Enduro / offroad,1,1,0,1,0
Bmw r 1200 gs triple black,2012,Enduro / offroad,1,1,0,1,0
Bmw f 650 gs,2012,Enduro / offroad,1,0,0,1,0
Qlink db 250,2012,Enduro / offroad,0,0,0,1,0
Motorhispania duna 125 off road,2012,Enduro / offroad,0,0,0,1,0
Bmw g 650 gs,2012,Enduro / offroad,1,0,0,0,0
Bmw r 1200 gs adventure triple black,2012,Enduro / offroad,1,1,0,1,0
Lifan lf100-c,2012,Enduro / offroad,0,0,0,0,0
Bmw f 800 gs trophy,2012,Enduro / offroad,1,0,0,1,0
Derbi terra adventure 125,2012,Enduro / offroad,0,0,0,1,0
Kawasaki stockman 250,2012,Enduro / offroad,0,0,0,1,0
Bmw g 650 gs sertao,2012,Enduro / offroad,1,0,0,0,0
Bmw f 800 gs triple black,2012,Enduro / offroad,1,0,0,1,0
Ktm 690 enduro r,2012,Enduro / offroad,1,0,0,1,0
Bmw f 800 gs,2012,Enduro / offroad,1,0,0,1,0
Xmotos xpr 150,2012,Enduro / offroad,0,0,0,0,0
Kawasaki 250 tr,2012,Enduro / offroad,0,0,0,0,0
Moto Morini scrambler,2012,Enduro / offroad,1,0,1,1,0
Bmw r 1200 gs adventure,2012,Enduro / offroad,1,1,1,1,0
Xingyue xyqh-806w,2012,"Minibike, cross",0,0,0,1,0
Aeon xboy 10,2012,"Minibike, cross",0,0,0,0,0
Aeon xboy 12,2012,"Minibike, cross",0,0,0,0,0
Moto Morini corsaro avio,2012,Naked bike,1,0,1,0,0
Moto Morini corsaro 1200 veloce,2012,Naked bike,1,0,1,1,0
Benelli century 1130 racer,2012,Naked bike,1,1,1,1,0
Moto Morini corsaro 1200,2012,Naked bike,1,0,1,0,0
Moto Morini 9 1-2,2012,Naked bike,1,0,1,0,0
Moto Morini 1200 sport,2012,Naked bike,1,0,1,0,0
Motorhispania kn1 125,2012,Naked bike,0,0,0,0,0
Motorhispania mh7 125 naked,2012,Naked bike,0,0,0,0,0
Benelli tnt 1130 r,2012,Naked bike,1,1,1,1,0
Benelli tnt 899,2012,Naked bike,1,1,1,1,0
Moto Guzzi griso 8v se,2012,Naked bike,1,0,1,0,0
Moto Guzzi griso 1200 8v,2012,Naked bike,1,0,1,0,0
Mv Agusta brutale 675,2012,Naked bike,1,1,1,0,0
Moto Guzzi griso 1100,2012,Naked bike,1,0,1,0,0
Mv Agusta brutale 920,2012,Naked bike,1,1,1,1,0
Moto Guzzi breva 1100,2012,Naked bike,1,0,1,0,0
Mv Agusta brutale r 1090,2012,Naked bike,1,1,1,1,0
Mv Agusta brutale rr 1090,2012,Naked bike,1,1,1,1,0
Mv Agusta brutale rr 1090 america,2012,Naked bike,1,1,1,1,0
Travertson v-rex,2012,Naked bike,1,0,1,0,0
Megelli naked streetbike 125 s,2012,Naked bike,0,0,0,0,0
Ducati streetfighter 848,2012,Naked bike,1,0,1,1,0
Bimota db6 delirio e,2012,Naked bike,1,0,1,0,0
Aprilia tuono v4 r aprc,2012,Naked bike,1,1,1,1,0
Aprilia tuono v4 r,2012,Naked bike,1,1,1,1,0
Ktm 990 super duke r,2012,Naked bike,1,0,1,1,0
Ktm 690 duke,2012,Naked bike,1,0,0,1,0
Bmw f 800 r,2012,Naked bike,1,0,1,0,0
Suzuki gsr 400,2012,Naked bike,0,1,0,0,0
Ktm 200 duke,2012,Naked bike,0,0,0,0,0
Ktm 125 duke,2012,Naked bike,0,0,0,0,0
Bmw k 1300 r,2012,Naked bike,1,1,1,1,0
Bmw k 1300 r carbon,2012,Naked bike,1,1,1,1,0
Bmw k 1300 r dynamic,2012,Naked bike,1,1,1,1,0
Kawasaki z750,2012,Naked bike,1,1,1,1,0
Yamaha xjr 1300,2012,Naked bike,1,1,1,0,0
Bmw r 1200 r,2012,Naked bike,1,1,1,0,0
Bmw r 1200 r classic,2012,Naked bike,1,1,1,0,0
Aprilia shiver 750 abs,2012,Naked bike,1,0,1,0,0
Cagiva raptor 125,2012,Naked bike,0,0,0,0,0
Husqvarna nuda 900,2012,Naked bike,1,0,1,1,0
Veli vl150-26,2012,Naked bike,0,0,0,1,0
Veli vl200gs-2,2012,Naked bike,0,0,0,1,0
Horex vr6 roadster,2012,Naked bike,1,1,1,0,0
Yamaha fz1 fazer,2012,Naked bike,1,1,1,1,0
Aprilia mana 850 abs,2012,Naked bike,1,0,1,0,0
Cf Moto 650nk,2012,Naked bike,1,0,0,0,0
Confederate x132 hellcat,2012,Naked bike,1,0,1,0,0
Cr&S duu solo,2012,Naked bike,1,0,1,0,0
Cr&S duu two seater,2012,Naked bike,1,0,1,0,0
Cr&S vun track ppp,2012,Naked bike,1,0,0,0,0
Cr&S vun vr1 road,2012,Naked bike,1,0,0,0,0
Cr&S vun vr2 road underpowered,2012,Naked bike,1,0,0,0,0
Honda cbf600f,2012,Naked bike,1,1,1,0,0
Honda cb1300s abs,2012,Naked bike,1,1,1,0,0
Derbi mulhacen 125,2012,Naked bike,0,0,0,0,0
Derbi mulhacen cafe 125,2012,Naked bike,0,0,0,0,0
Ducati diavel,2012,Naked bike,1,0,1,0,0
Ducati diavel amg,2012,Naked bike,1,0,1,0,0
Ducati diavel carbon,2012,Naked bike,1,0,1,0,0
Ducati diavel cromo,2012,Naked bike,1,0,1,0,0
Ducati monster 1100 diesel,2012,Naked bike,1,0,1,0,0
Suzuki bandit 1250 sa,2012,Naked bike,1,1,1,0,0
Suzuki b-king,2012,Naked bike,1,1,1,0,0
Ducati monster 696,2012,Naked bike,1,0,1,0,0
Ecosse the heretic,2012,Naked bike,1,0,1,0,0
Ducati monster 796,2012,Naked bike,1,0,1,0,0
Ducati streetfighter s,2012,Naked bike,1,0,1,1,0
Kymco agility carry,2012,Scooter,0,0,0,0,0
Kreidler florett rs 50 dd,2012,Scooter,0,0,0,0,0
Kreidler flory 50 classic,2012,Scooter,0,0,0,1,0
Piaggio fly 50 4v,2012,Scooter,0,0,0,0,0
Suzuki birdie 50,2012,Scooter,0,0,0,0,0
Kreidler galactica 2.0 50 dd,2012,Scooter,0,0,0,1,0
Vespa lx 150 i.e.,2012,Scooter,0,0,0,0,0
Kreidler hiker 2.0 125 dd,2012,Scooter,0,0,0,0,0
Kreidler hiker 50 dd,2012,Scooter,0,0,0,1,0
Tauris samba 50 2t art collection,2012,Scooter,0,0,0,0,0
Derbi rambla 125,2012,Scooter,0,0,0,0,0
Derbi rambla 250i,2012,Scooter,0,0,0,0,0
Kymco like 50 2t lx,2012,Scooter,0,0,0,0,0
Kymco like 50 2t,2012,Scooter,0,0,0,0,0
Derbi rambla 300i,2012,Scooter,0,0,0,0,0
Kymco like 200i lx,2012,Scooter,0,0,0,0,0
Piaggio mp3 sport 500,2012,Scooter,0,0,0,0,0
Honda zoomer,2012,Scooter,0,0,0,0,0
Aeon elite 125,2012,Scooter,0,0,0,0,0
Kymco city 125,2012,Scooter,0,0,0,1,0
Kymco like 200i,2012,Scooter,0,0,0,0,0
Kymco like 125,2012,Scooter,0,0,0,0,0
Sachs madass 125,2012,Scooter,0,0,0,1,0
Yamaha vino deluxe,2012,Scooter,0,0,0,0,0
Nipponia vorrei 150,2012,Scooter,0,0,0,0,0
Nipponia vorrei 125,2012,Scooter,0,0,0,0,0
Yamaha cygnus x,2012,Scooter,0,0,0,0,0
Derbi sonar 125 4t,2012,Scooter,0,0,0,0,0
Honda s-wing 125,2012,Scooter,0,0,0,0,0
Kreidler vabene 50,2012,Scooter,0,0,0,0,0
Derbi sonar 50 2t,2012,Scooter,0,0,0,0,0
Mbk booster 13-inch naked,2012,Scooter,0,0,0,0,0
Mbk oceo 125,2012,Scooter,0,0,0,0,0
Aprilia srv 850,2012,Scooter,1,0,1,0,0
Cf Moto jet max 250,2012,Scooter,0,0,0,0,0
Kymco k-xct 125,2012,Scooter,0,0,0,0,0
Tauris fiera 50 2t art collection,2012,Scooter,0,0,0,0,0
Mz max 50 2t,2012,Scooter,0,0,0,0,0
Aprilia scarabeo 125ie,2012,Scooter,0,0,0,0,0
Kymco g-dink 300i,2012,Scooter,0,0,0,0,0
Nipponia neon 50,2012,Scooter,0,0,0,0,0
Vespa gts 300,2012,Scooter,0,0,0,0,0
Vespa gts 300 super,2012,Scooter,0,0,0,0,0
Aeon quadro 350d,2012,Scooter,0,0,0,0,0
Nipponia miro 130,2012,Scooter,0,0,0,0,0
Nipponia ezio 50,2012,Scooter,0,0,0,0,0
Kymco g-dink 125i,2012,Scooter,0,0,0,0,0
Vespa gtv 300,2012,Scooter,0,0,0,0,0
Kymco downtown 300i,2012,Scooter,0,0,0,0,0
Yamaha vity,2012,Scooter,0,0,0,0,0
Aeon urban 125,2012,Scooter,0,0,0,1,0
Kymco downtown 200i,2012,Scooter,0,0,0,0,0
Suzuki skywave 250 type m,2012,Scooter,0,0,0,0,0
Nipponia ezio 125,2012,Scooter,0,0,0,0,0
Nipponia dion 125,2012,Scooter,0,0,0,0,0
Tauris movida 125 4t,2012,Scooter,0,0,0,0,0
Kymco djs50,2012,Scooter,0,0,0,0,0
Peugeot jet ctech,2012,Scooter,0,0,0,1,0
Honda lead 110,2012,Scooter,0,0,0,0,0
Suzuki address v125s,2012,Scooter,0,0,0,0,0
Nipponia arte 150,2012,Scooter,0,0,0,0,0
Lml star urban,2012,Scooter,0,0,0,1,0
Suzuki skywave 250 type s,2012,Scooter,0,0,0,0,0
Lml star rs,2012,Scooter,0,0,0,1,0
Lml star gt,2012,Scooter,0,0,0,1,0
Aprilia scarabeo 200ie,2012,Scooter,0,0,0,0,0
Bmw c 650 gt,2012,Scooter,1,0,0,0,0
Yamaha vox deluxe,2012,Scooter,0,0,0,0,0
Yamaha maxam 3000 concept,2012,Scooter,0,0,0,0,0
Lml star bicolor vintage,2012,Scooter,0,0,0,1,0
Piaggio mp3 hybrid,2012,Scooter,0,0,0,0,0
Peugeot vogue 50,2012,Scooter,0,0,0,0,0
Lml star 4s 125 vintage,2012,Scooter,0,0,0,1,0
Lml star 4s 125 prestige,2012,Scooter,0,0,0,1,0
Peugeot citystar 200,2012,Scooter,0,0,0,0,0
Peugeot vivacity 3,2012,Scooter,0,0,0,0,0
Aprilia scarabeo 500,2012,Scooter,0,0,0,0,0
Tauris avenida 125 4t art collection,2012,Scooter,0,0,0,1,0
Nipponia arte 125,2012,Scooter,0,0,0,0,0
Peugeot v-clic 50,2012,Scooter,0,0,0,0,0
Bmw c 600 sport,2012,Scooter,1,0,0,0,0
Vespa lxv 150 i.e.,2012,Scooter,0,0,0,0,0
Aeon elite 350i,2012,Scooter,0,0,0,0,0
Peugeot citystar 125,2012,Scooter,0,0,0,0,0
Nipponia arion 50,2012,Scooter,0,0,0,0,0
Honda sh125i special,2012,Scooter,0,0,0,0,0
Vespa lx 50 4v,2012,Scooter,0,0,0,0,0
Vespa s 150 i.e.,2012,Scooter,0,0,0,0,0
Tgb express 125,2012,Scooter,0,0,0,0,0
Suzuki skywave 400 limited abs,2012,Scooter,0,0,0,0,0
Suzuki lets4,2012,Scooter,0,0,0,0,0
Suzuki address v50,2012,Scooter,0,0,0,0,0
Honda sh300i,2012,Scooter,0,0,0,0,0
Suzuki lets4 basket,2012,Scooter,0,0,0,0,0
Tgb x-motion 300 efi,2012,Scooter,0,0,0,0,0
Tauris cubana 50 2t art collection,2012,Scooter,0,0,0,0,0
Kymco city 50,2012,Scooter,0,0,0,1,0
Suzuki skywave 250 limited,2012,Scooter,0,0,0,0,0
Lambretta ln151,2012,Scooter,0,0,0,0,0
Lambretta ln125,2012,Scooter,0,0,0,0,0
Yamaha axistreet,2012,Scooter,0,0,0,0,0
Honda sh125i,2012,Scooter,0,0,0,0,0
Kymco xciting 400,2012,Scooter,0,0,0,0,0
Suzuki gemma,2012,Scooter,0,0,0,0,0
Honda anf125i innova,2012,Scooter,0,0,0,0,0
Kymco super 8 50 4t,2012,Scooter,0,0,0,0,0
Kymco super 8 50 2t,2012,Scooter,0,0,0,0,0
Yamaha bws 12inch,2012,Scooter,0,0,0,0,0
Aeon urban 350i,2012,Scooter,0,0,0,1,0
Yamaha cygnus x sr,2012,Scooter,0,0,0,0,0
Kymco super 8 150,2012,Scooter,0,0,0,0,0
Ajs firefox 50,2012,Scooter,0,0,0,1,0
Kymco super 8 125,2012,Scooter,0,0,0,0,0
Tgb x-motion 125,2012,Scooter,0,0,0,0,0
Aprilia sr motard 125,2012,Scooter,0,0,0,0,0
Suzuki skywave 400 type s abs,2012,Scooter,0,0,0,0,0
Vespa s 50 4v,2012,Scooter,0,0,0,0,0
Kymco rs 50,2012,Scooter,0,0,0,0,0
Kymco rs 125,2012,Scooter,0,0,0,0,0
Yamaha vox,2012,Scooter,0,0,0,0,0
Honda sh125i sporty,2012,Scooter,0,0,0,0,0
Kymco agility 125,2012,Scooter,0,0,0,1,0
Kymco myroad 700i,2012,Scooter,1,0,0,0,0
Peugeot lxr 125,2012,Scooter,0,0,0,0,0
Qlink travis 50,2012,Scooter,0,0,0,0,0
Sachs speedjet rs 50,2012,Scooter,0,0,0,0,0
Nipponia aura,2012,Scooter,0,0,0,0,0
Ducati 1199 panigale s,2012,Sport,1,0,1,1,0
Ducati 1199 panigale s tricolore,2012,Sport,1,0,1,1,0
Cf Moto v-night,2012,Sport,0,0,0,0,0
Rucker Performance shelby,2012,Sport,1,0,1,0,0
Ccm spider rl-125,2012,Sport,0,0,0,0,0
Honda xl varadero 125,2012,Sport,0,0,0,0,0
Mv Agusta f3 675,2012,Sport,1,1,1,0,0
Bennche megelli 250 r,2012,Sport,0,0,0,0,0
Aprilia rsv4 factory,2012,Sport,1,1,1,1,0
Ducati superbike 848 evo,2012,Sport,1,0,1,1,0
Ducati superbike 848 evo corse,2012,Sport,1,0,1,1,0
Aprilia rsv4 factory aprc,2012,Sport,1,1,1,1,0
Aprilia rsv4 factory aprc se,2012,Sport,1,1,1,1,0
Aprilia rsv4 r,2012,Sport,1,1,1,1,0
Shineray xy-250 3,2012,Sport,0,0,0,0,0
Aprilia rsv4 r aprc,2012,Sport,1,1,1,1,0
Mv Agusta f3 serie oro,2012,Sport,1,1,1,0,0
Hyosung gt125,2012,Sport,0,0,0,0,0
Hyosung gt125r,2012,Sport,0,0,0,0,0
Hyosung gt250,2012,Sport,0,0,0,0,0
Hyosung gt250r,2012,Sport,0,0,0,0,0
Mv Agusta f4 r corsa corta,2012,Sport,1,1,1,1,0
Cagiva mito sp525,2012,Sport,0,0,0,0,0
Mbk x-power,2012,Sport,0,0,0,0,0
Mv Agusta f4 rr,2012,Sport,1,1,1,1,0
Honda cbr125r,2012,Sport,0,0,0,0,0
Megelli sportbike 125 r,2012,Sport,0,0,0,0,0
Honda cbf125,2012,Sport,0,0,0,0,0
Lifan lf150-sj ii,2012,Sport,0,0,0,0,0
Lifan lf150-13h,2012,Sport,0,0,0,0,0
Lifan lf125-9a,2012,Sport,0,0,0,0,0
Lifan lf125-10k,2012,Sport,0,0,0,0,0
Jawa-Cz 125 travel,2012,Sport,0,0,0,1,0
Jawa-Cz 50 robby,2012,Sport,0,0,0,0,0
Bmw s 1000 rr,2012,Sport,1,1,1,1,0
Bimota db10 rd,2012,Sport,1,0,1,1,0
Yamaha mt-01,2012,Sport,1,0,1,1,0
Bimota db5 e desiderio,2012,Sport,1,0,1,0,0
Bimota db5r 1100,2012,Sport,1,0,1,0,0
Bimota db6 delirio re,2012,Sport,1,0,1,1,0
Bimota db7 oronero,2012,Sport,1,0,1,0,0
Bimota db8,2012,Sport,1,0,1,0,0
Kymco pulsar 125 lx,2012,Sport,0,0,0,0,0
Kymco pulsar 125,2012,Sport,0,0,0,0,0
Bimota db9 brivido,2012,Sport,1,0,1,0,0
Fischer mrx race,2012,Sport,1,0,1,0,0
Derbi gpr 125 4t 4s,2012,Sport,0,0,0,0,0
Derbi gpr 50 2t,2012,Sport,0,0,0,0,0
Motorhispania rx 125r,2012,Sport,0,0,0,0,0
Bmw k 1300 s sport,2012,Sport,1,1,1,1,0
Bmw k 1300 s hp,2012,Sport,1,1,1,1,0
Bmw k 1300 s,2012,Sport,1,1,1,1,0
Kymco kr sport 125,2012,Sport,0,1,0,0,0
Ktm 1190 rc8 r,2012,Sport,1,0,1,0,0
Bmw hp2 sport,2012,Sport,1,0,1,1,0
Ktm 1190 rc8 r race specs,2012,Sport,1,0,1,1,0
Ktm 1190 rc8 r track,2012,Sport,1,0,1,1,0
Bmw f 800 st,2012,Sport touring,1,0,1,1,0
Honda st1300 pan-european,2012,Sport touring,1,1,1,0,0
Kawasaki versys 1000,2012,Sport touring,1,1,1,1,0
Kawasaki 1400gtr grand tourer,2012,Sport touring,1,1,1,1,0
Kawasaki 1400 gtr,2012,Sport touring,1,1,1,1,0
Aprilia shiver 750 gt abs,2012,Sport touring,1,0,1,0,0
Aprilia shiver 750 gt,2012,Sport touring,1,0,1,0,0
Ducati multistrada 1200 s sport,2012,Sport touring,1,0,1,1,0
Honda nt700va deauville,2012,Sport touring,1,0,0,0,0
Honda vfr 800,2012,Sport touring,1,1,1,0,0
Yamaha dt50x,2012,Super motard,0,0,0,0,0
Honda xl1000v varadero,2012,Super motard,1,0,1,1,0
Honda xl700v transalp,2012,Super motard,1,0,0,1,0
Ccm sm125,2012,Super motard,0,0,0,1,0
Husqvarna nuda 900r,2012,Super motard,1,0,1,1,0
Yamaha tricker,2012,Super motard,0,0,0,0,0
Ajs jsm 50 motard,2012,Super motard,0,0,0,1,0
Kawasaki d-tracker 125,2012,Super motard,0,0,0,0,0
Qlink mt 250,2012,Super motard,0,0,0,1,0
Derbi senda drd 125 4s 4v sm,2012,Super motard,0,0,0,1,0
Kreidler supermoto 250 dd,2012,Super motard,0,0,0,1,0
Kreidler supermoto125 dd,2012,Super motard,0,0,0,1,0
Ktm 690 smc r,2012,Super motard,1,0,0,1,0
Aprilia sx 125,2012,Super motard,0,0,0,1,0
Ktm 990 adventure,2012,Super motard,1,0,1,1,0
Ktm 990 adventure r,2012,Super motard,1,0,1,1,0
Ktm 990 supermoto r,2012,Super motard,1,0,1,1,0
Ktm 990 supermoto t,2012,Super motard,1,0,1,1,0
Ducati hypermotard 1100 evo,2012,Super motard,1,0,1,1,0
Ducati hypermotard 1100 evo corse,2012,Super motard,1,0,1,1,0
Ducati hypermotard 1100 evo sp,2012,Super motard,1,0,1,1,0
Yamaha wr125x,2012,Super motard,0,0,0,1,0
Motorhispania duna 125 supermotard,2012,Super motard,0,0,0,0,0
Xingyue xy400gy-2,2012,Super motard,0,0,0,1,0
Aprilia dorsoduro 750 factory,2012,Super motard,1,0,1,1,0
Aprilia dorsoduro 750 factory abs,2012,Super motard,1,0,1,1,0
Aprilia dorsoduro 750 abs,2012,Super motard,1,0,1,1,0
Aprilia dorsoduro 750,2012,Super motard,1,0,1,1,0
Kawasaki vn1700 light tourer,2012,Touring,1,0,0,0,0
Bmw r 1200 rt se,2012,Touring,1,1,1,1,0
Victory cross roads classic le,2012,Touring,1,0,1,0,0
Moto Guzzi norge gt 8v,2012,Touring,1,0,1,0,0
Bmw k 1600 gt,2012,Touring,1,1,1,0,0
Victory cross roads delux,2012,Touring,1,0,1,0,0
Bmw r 1200 rt,2012,Touring,1,1,1,1,0
Victory arlen ness vision,2012,Touring,1,0,1,0,0
Victory cross country tour,2012,Touring,1,0,1,0,0
Bmw f 800 st touring,2012,Touring,1,0,1,1,0
Moto Guzzi norge 1200 gt,2012,Touring,1,0,1,0,0
Bmw k 1600 gtl,2012,Touring,1,1,1,0,0
Ducati multistrada 1200 s touring,2012,Touring,1,0,1,1,0
Ducati multistrada 1200 s pikes peak,2012,Touring,1,0,1,1,0
Victory cross roads,2012,Touring,1,0,1,0,0
Victory cory ness cross country,2012,Touring,1,0,1,0,0
Victory cross country,2012,Touring,1,0,1,0,0
Victory vision tour,2012,Touring,1,0,1,0,0
Bmw k 1600 gtl e,2012,Touring,1,1,1,0,0
Honda ftr,2013,Allround,0,0,0,0,0
Honda tmx 155,2013,Allround,0,0,0,0,0
Loncin sk 110,2013,Allround,0,0,0,0,0
Hartford hd-125l,2013,Allround,0,0,0,0,0
Honda tmx supremo,2013,Allround,0,0,0,0,0
Suzuki thunder 125,2013,Allround,0,0,0,0,0
Hartford hd-125s,2013,Allround,0,0,0,0,0
Hartford hd-200s,2013,Allround,0,0,0,0,0
Sonik alpha,2013,Allround,0,0,0,0,0
Cargobike as125,2013,Allround,0,0,0,1,0
Loncin lx200zh,2013,Allround,0,0,0,1,0
Honda vt750s,2013,Allround,1,0,0,0,0
Loncin lx125-71a city star l,2013,Allround,0,0,0,0,0
Sommer diesel 462,2013,Allround,0,1,0,0,0
Kawasaki zrx1200 daeg,2013,Allround,1,1,1,0,0
Loncin lx125-2i mars,2013,Allround,0,0,0,0,0
Ktm 1190 adventure r,2013,Allround,1,0,1,1,0
Ktm 1190 adventure,2013,Allround,1,0,1,1,0
Yamaha tdm 900,2013,Allround,1,0,1,1,0
Brudeli 654l,2013,Allround,1,0,0,1,0
Honda cb1300 super four,2013,Allround,1,1,1,0,0
Johnny Pag rx 320i,2013,Allround,0,0,0,0,0
Honda cb1300 super bol dor,2013,Allround,1,1,1,0,0
Sonik gpx 150,2013,Allround,0,0,0,0,0
Honda vt400s,2013,Allround,0,0,0,0,0
Ducati multistrada 1200,2013,Allround,1,0,1,1,0
Mgb transport moped,2013,Allround,0,0,0,0,0
Sonik toughman,2013,Allround,0,0,0,0,0
Suzuki st250 e type,2013,Allround,0,0,0,0,0
Aprilia mana 850 gt abs,2013,Allround,1,0,1,0,0
Di Blasi express 50,2013,Allround,0,1,0,0,0
Sonik gpx 125,2013,Allround,0,0,0,0,0
Sonik lifo,2013,Allround,0,0,0,0,0
Kymco mxu 450i,2013,ATV,0,0,0,0,0
Kymco maxxer 450i,2013,ATV,0,0,0,1,0
Kymco mongoose 300,2013,ATV,0,0,0,0,0
Kymco mongoose 70,2013,ATV,0,0,0,0,0
Kymco mongoose 90,2013,ATV,0,0,0,0,0
Kymco mxu 150,2013,ATV,0,0,0,0,0
Kymco mxu 300,2013,ATV,0,0,0,0,0
Kymco mxu 375i,2013,ATV,0,0,0,0,0
Kymco mxu 450i le,2013,ATV,0,0,0,0,0
Kymco mxu 500,2013,ATV,0,0,0,1,0
Kymco mxu 500i le,2013,ATV,0,0,0,1,0
Kymco mxu 700i,2013,ATV,1,0,0,1,0
Kymco mxu 700i le,2013,ATV,1,0,0,1,0
Qlink rodeo 500,2013,ATV,0,0,0,1,0
Vento reptile 400,2013,ATV,0,1,0,0,0
Loncin lx110atv-m panther,2013,ATV,0,0,0,0,0
Loncin lx200atv-m storm,2013,ATV,0,0,0,0,0
Loncin lx200atv-s bull,2013,ATV,0,0,0,0,0
Loncin lx250atv-f leopard,2013,ATV,0,0,0,0,0
Loncin lx50atv-2 kitten,2013,ATV,0,0,0,0,0
Moto Guzzi v7 racer,2013,Classic,1,0,0,0,0
Norton commando 961 cafe racer,2013,Classic,1,0,1,0,0
Ural gear up,2013,Classic,1,1,0,0,0
Norton commando 961 sf,2013,Classic,1,0,1,0,0
Ural m70 retro,2013,Classic,1,1,0,0,0
Ccm sr40,2013,Classic,0,0,0,1,0
Ural retro 750,2013,Classic,1,1,0,0,0
Norton commando 961 sport,2013,Classic,1,0,1,0,0
Ural patrol,2013,Classic,1,1,0,0,0
Ural gobi,2013,Classic,1,1,0,0,0
Ural solo st,2013,Classic,1,1,0,0,0
Ural patrol t,2013,Classic,1,1,0,0,0
Ural t,2013,Classic,1,1,0,0,0
Ural tourist,2013,Classic,1,1,0,0,0
Moto Guzzi v7 stone,2013,Classic,1,0,0,0,0
Buccimoto br1-f6 cross 14-12,2013,Cross / motocross,0,0,0,0,0
Honda vt1300cs,2013,Custom / cruiser,1,0,0,0,0
Hyosung st7 deluxe,2013,Custom / cruiser,1,0,1,0,0
Hyosung st7,2013,Custom / cruiser,1,0,1,0,0
Qlink adventure 250,2013,Custom / cruiser,0,0,0,0,0
Hyosung gv650 aquila pro,2013,Custom / cruiser,1,0,1,0,0
Vento v-thunder xl,2013,Custom / cruiser,0,0,0,0,0
Loncin jl150-23 hesion,2013,Custom / cruiser,0,0,0,0,0
Hyosung gv250 aquila,2013,Custom / cruiser,0,0,0,0,0
Hyosung gv 650p,2013,Custom / cruiser,1,0,1,0,0
Keeway blackster 250i,2013,Custom / cruiser,0,0,0,0,0
Loncin lx150-58 yorobo,2013,Custom / cruiser,0,0,0,0,0
Rhino hunter softail,2013,Custom / cruiser,0,0,0,0,0
Keeway superlight 125,2013,Custom / cruiser,0,0,0,0,0
Keeway superlight 150,2013,Custom / cruiser,0,0,0,0,0
Keeway superlight 200,2013,Custom / cruiser,0,0,0,0,0
Keeway supershadow 250,2013,Custom / cruiser,0,0,0,0,0
Keeway v-blade 250i,2013,Custom / cruiser,0,0,0,0,0
Kinroad xt50q,2013,Custom / cruiser,0,0,0,1,0
Honda vt1300cr,2013,Custom / cruiser,1,0,0,0,0
Honda shadow custom 400,2013,Custom / cruiser,0,0,0,0,0
Harley-Davidson cvo breakout,2013,Custom / cruiser,1,0,1,0,0
Moto Guzzi california 1400 custom,2013,Custom / cruiser,1,0,1,0,0
Kymco zing ii 125,2013,Custom / cruiser,0,0,0,0,0
Kawasaki 250tr,2013,Enduro / offroad,0,0,0,0,0
Pitster Pro t4 250 sc 19x16,2013,Enduro / offroad,0,0,0,1,0
Honda xr 200,2013,Enduro / offroad,0,0,0,1,0
Bimota dbx,2013,Enduro / offroad,1,0,1,1,0
Qlink db 250,2013,Enduro / offroad,0,0,0,1,0
Sachs zx 125 enduro,2013,Enduro / offroad,0,0,0,1,0
Hyosung rt125d,2013,Enduro / offroad,0,0,0,0,0
Qlink xf 200,2013,Enduro / offroad,0,0,0,1,0
Yamaha xt660r,2013,Enduro / offroad,1,0,0,1,0
Aprilia rx 125,2013,Enduro / offroad,0,0,0,1,0
Ktm 690 enduro r,2013,Enduro / offroad,1,0,0,1,0
Ktm 350 exc-f,2013,Enduro / offroad,0,0,0,1,0
Bmw g 650 gs sertao,2013,Enduro / offroad,1,0,0,1,0
Bmw f 700 gs,2013,Enduro / offroad,1,0,0,1,0
Rieju marathon 125 pro,2013,Enduro / offroad,0,0,0,1,0
Ccm c-xr230,2013,Enduro / offroad,0,0,0,1,0
Bmw g 650 gs,2013,Enduro / offroad,1,0,0,0,0
Bmw r 1200 gs adventure,2013,Enduro / offroad,1,1,1,1,0
Bmw f 800 gs,2013,Enduro / offroad,1,0,1,1,0
Hartford vr-200h,2013,Enduro / offroad,0,0,0,1,0
Honda cb600f hornet abs,2013,Naked bike,1,1,1,0,0
Aprilia shiver 750 abs,2013,Naked bike,1,0,1,0,0
Yamaha xjr1300,2013,Naked bike,1,1,1,0,0
Aprilia tuono v4 r,2013,Naked bike,1,1,1,1,0
Aprilia tuono v4 r aprc,2013,Naked bike,1,1,1,1,0
Avinton collector race,2013,Naked bike,1,0,1,0,0
Avinton collector roadster,2013,Naked bike,1,0,1,0,0
Bimota db6 delirio e,2013,Naked bike,1,0,1,0,0
Bimota db6 delirio re,2013,Naked bike,1,0,1,0,0
Bmw f 800 r,2013,Naked bike,1,0,1,0,0
Bmw k 1300 r,2013,Naked bike,1,1,1,1,0
Bmw k 1300 r dynamic edition,2013,Naked bike,1,1,1,1,0
Bmw r 1200 r,2013,Naked bike,1,1,1,0,0
Yamaha mt-03,2013,Naked bike,1,0,0,0,0
Yamaha fz1 fazer abs,2013,Naked bike,1,1,1,1,0
Yamaha fz1 fazer,2013,Naked bike,1,1,1,1,0
Confederate r135 wraith combat,2013,Naked bike,1,0,1,0,0
Confederate x132 hellcat combat,2013,Naked bike,1,0,1,0,0
Cr&S duu,2013,Naked bike,1,0,1,0,0
Cr&S vun,2013,Naked bike,1,0,0,0,0
Ducati diavel,2013,Naked bike,1,0,1,0,0
Ducati diavel carbon,2013,Naked bike,1,0,1,0,0
Ducati diavel cromo,2013,Naked bike,1,0,1,0,0
Ducati diavel dark,2013,Naked bike,1,0,1,0,0
Ducati monster 1100 evo,2013,Naked bike,1,0,1,0,0
Ducati monster 1100 evo 20th anniversary,2013,Naked bike,1,0,1,0,0
Ducati monster 696,2013,Naked bike,1,0,1,0,0
Ducati monster 696 20th anniversary,2013,Naked bike,1,0,1,0,0
Ducati monster 795,2013,Naked bike,1,0,1,0,0
Ducati monster 795 abs,2013,Naked bike,1,0,1,0,0
Ducati monster 796,2013,Naked bike,1,0,1,0,0
Ducati monster 796 20th anniversary,2013,Naked bike,1,0,1,0,0
Ducati monster diesel,2013,Naked bike,1,0,1,0,0
Ducati streetfighter 848,2013,Naked bike,1,0,1,1,0
Ducati streetfighter s,2013,Naked bike,1,0,1,1,0
Honda cb500f,2013,Naked bike,0,0,0,0,0
Honda cb600f hornet 600,2013,Naked bike,1,1,1,0,0
Honda vtr,2013,Naked bike,0,0,0,0,0
Horex vr6 roadster,2013,Naked bike,1,1,1,0,0
Husqvarna nuda 900,2013,Naked bike,1,0,1,1,0
Keeway rks 125,2013,Naked bike,0,0,0,0,0
Keeway rks 150,2013,Naked bike,0,0,0,0,0
Keeway rks 200,2013,Naked bike,0,0,0,0,0
Keeway rkv 125,2013,Naked bike,0,0,0,0,0
Keeway rkv 150,2013,Naked bike,0,0,0,0,0
Keeway rkv 200,2013,Naked bike,0,0,0,0,0
Ktm 125 duke,2013,Naked bike,0,0,0,0,0
Ktm 690 duke,2013,Naked bike,1,0,0,1,0
Ktm 690 duke r,2013,Naked bike,1,0,0,1,0
Ktm 990 super duke r,2013,Naked bike,1,0,1,1,0
Loncin jl150-58 cr1,2013,Naked bike,0,0,0,0,0
Loncin lx150-30a spitzer nk,2013,Naked bike,0,0,0,0,0
Loncin lx175-21 cr5,2013,Naked bike,0,0,0,0,0
Megelli naked 125 s,2013,Naked bike,0,0,0,0,0
Megelli naked 250 s,2013,Naked bike,0,0,0,0,0
Moto Guzzi griso 8v se,2013,Naked bike,1,0,1,0,0
Mv Agusta brutale 1090,2013,Naked bike,1,1,1,1,0
Mv Agusta brutale 1090 r,2013,Naked bike,1,1,1,1,0
Mv Agusta brutale 1090 rr,2013,Naked bike,1,1,1,1,0
Mv Agusta brutale 675,2013,Naked bike,1,1,1,0,0
Mv Agusta brutale 800,2013,Naked bike,1,1,1,0,0
Travertson v-rex,2013,Naked bike,1,0,1,0,0
Mv Agusta rivale 800,2013,Naked bike,1,1,1,0,0
Vespa gts 125 super,2013,Scooter,0,0,0,0,0
Kymco downtown 300i,2013,Scooter,0,0,0,0,0
Keeway ry6,2013,Scooter,0,0,0,0,0
Honda wave 100,2013,Scooter,0,0,0,0,0
Honda wave 100r,2013,Scooter,0,0,0,0,0
Vento phantom r5,2013,Scooter,0,0,0,1,0
Aprilia scarabeo 200ie,2013,Scooter,0,0,0,0,0
Hyosung sense,2013,Scooter,0,0,0,0,0
Aprilia scarabeo 125ie,2013,Scooter,0,0,0,0,0
Honda wave 110i,2013,Scooter,0,0,0,0,0
Mz anthony 50 2t,2013,Scooter,0,0,0,0,0
Hyosung rally,2013,Scooter,0,0,0,0,0
Hyosung prima,2013,Scooter,0,0,0,0,0
Keeway kee 110,2013,Scooter,0,0,0,0,0
Hyosung ms3-250,2013,Scooter,0,0,0,0,0
Honda wave 125,2013,Scooter,0,0,0,0,0
Honda wave dash 110,2013,Scooter,0,0,0,0,0
Bmw c 600 sport,2013,Scooter,1,0,0,0,0
Kymco downtown 200i,2013,Scooter,0,0,0,0,0
Honda xrm 125 dual sport,2013,Scooter,0,0,0,0,0
Honda xrm 125 motard,2013,Scooter,0,0,0,0,0
Kreidler florett 2.0 rs 50,2013,Scooter,0,0,0,1,0
Keeway target 125,2013,Scooter,0,0,0,0,0
Keeway kee 100,2013,Scooter,0,0,0,0,0
Kreidler florett 50 city,2013,Scooter,0,0,0,1,0
Keeway joy 110,2013,Scooter,0,0,0,0,0
Kreidler florett rs 50 dd,2013,Scooter,0,0,0,1,0
Honda xrm 125 off-road,2013,Scooter,0,0,0,0,0
Kreidler flory 50 classic,2013,Scooter,0,0,0,0,0
Honda zoomer,2013,Scooter,0,0,0,0,0
Piaggio fly 50 4v,2013,Scooter,0,0,0,0,0
Vento hot rod,2013,Scooter,0,0,0,1,0
Kymco agility 125,2013,Scooter,0,0,0,1,0
Keeway victoria 50,2013,Scooter,0,0,0,0,0
Kreidler galactica 2.0 50 dd,2013,Scooter,0,0,0,1,0
Kreidler galactica 2.0 50 dd city,2013,Scooter,0,0,0,1,0
Puma verbano 250,2013,Scooter,0,0,0,0,0
Kreidler galactica 2.0 rc 50,2013,Scooter,0,0,0,1,0
Mz emmely 50 4t,2013,Scooter,0,0,0,0,0
Mz emmely el2,2013,Scooter,0,0,0,0,0
Kreidler galactica 2.0 rs 50 dd,2013,Scooter,0,0,0,1,0
Lambretta lt 50,2013,Scooter,0,0,0,0,0
Vespa px 125,2013,Scooter,0,0,0,0,0
Qlink estate 50,2013,Scooter,0,0,0,0,0
Suzuki skydrive 125,2013,Scooter,0,0,0,0,0
Kreidler insignio 2.0 125 dd,2013,Scooter,0,0,0,0,0
Kreidler insignio 2.0 250 dd,2013,Scooter,0,0,0,1,0
Lambretta ln151,2013,Scooter,0,0,0,0,0
Lambretta ln125,2013,Scooter,0,0,0,0,0
Loncin lx150t-7ii falcon iv,2013,Scooter,0,0,0,0,0
Yamaha x-city 125,2013,Scooter,0,0,0,0,0
Mz max 50 2t,2013,Scooter,0,0,0,0,0
Vespa lxv 125,2013,Scooter,0,0,0,0,0
Vespa lxv 150 ie,2013,Scooter,0,0,0,0,0
Lambretta lj 50,2013,Scooter,0,0,0,0,0
Kymco xciting 400i,2013,Scooter,0,0,0,0,0
Vespa s 150 ie.,2013,Scooter,0,0,0,0,0
Kymco super 8 50,2013,Scooter,0,0,0,0,0
Kymco super 8 150,2013,Scooter,0,0,0,0,0
Vespa lx 50 4v,2013,Scooter,0,0,0,0,0
Loncin th125,2013,Scooter,0,0,0,0,0
Honda beat scooter,2013,Scooter,0,0,0,0,0
Vespa s 150 sport se,2013,Scooter,0,0,0,0,0
Kreidler vabene 50,2013,Scooter,0,0,0,0,0
Honda benly,2013,Scooter,0,0,0,0,0
Vento zip r3i turbocam,2013,Scooter,0,0,0,0,0
Honda benly 110,2013,Scooter,0,0,0,0,0
Suzuki nex 115,2013,Scooter,0,0,0,0,0
Sachs bee 2,2013,Scooter,0,0,0,0,0
Sachs futuro 125,2013,Scooter,0,0,0,0,0
Vespa gts 300 super sport se,2013,Scooter,0,0,0,0,0
Honda benly 110 pro,2013,Scooter,0,0,0,0,0
Honda benly pro,2013,Scooter,0,0,0,0,0
Kymco super 8 125,2013,Scooter,0,0,0,0,0
Yamaha x-max 125 abs,2013,Scooter,0,0,0,0,0
Bmw c 650 gt,2013,Scooter,1,0,0,0,0
Yamaha x-max 125 abs business,2013,Scooter,0,0,0,0,0
Yamaha bws naked 50,2013,Scooter,0,0,0,0,0
Sachs madass 125,2013,Scooter,0,0,0,1,0
Lml star 150 2s,2013,Scooter,0,0,0,1,0
Sachs madass 50,2013,Scooter,0,0,0,1,0
Aprilia srv 850 absatc,2013,Scooter,1,0,1,0,0
Sachs speedforce,2013,Scooter,0,0,0,0,0
Vespa gtv 300 ie,2013,Scooter,0,0,0,0,0
Kymco people one 125,2013,Scooter,0,0,0,0,0
Yamaha bws original 50,2013,Scooter,0,0,0,0,0
Sachs speedjet,2013,Scooter,0,0,0,0,0
Yamaha vity,2013,Scooter,0,0,0,0,0
Aprilia srv 850,2013,Scooter,1,0,1,0,0
Honda faze,2013,Scooter,0,0,0,0,0
Vespa gts 300 ie super,2013,Scooter,0,0,0,0,0
Sachs speedjet r,2013,Scooter,0,0,0,0,0
Vespa lxv 125 i.e.,2013,Scooter,0,0,0,0,0
Vespa lxv vie della moda,2013,Scooter,0,0,0,0,0
Sachs speedjet rs,2013,Scooter,0,0,0,0,0
Vespa gtv vie della moda,2013,Scooter,0,0,0,0,0
Yamaha bws 12 inch,2013,Scooter,0,0,0,0,0
Vento triton li,2013,Scooter,0,0,0,0,0
Honda gyro x,2013,Scooter,0,0,0,0,0
Sachs sx,2013,Scooter,0,0,0,0,0
Aprilia sr motard 125,2013,Scooter,0,0,0,0,0
Aprilia sportcity 250,2013,Scooter,0,0,0,0,0
Honda ps125i passion,2013,Scooter,0,0,0,0,0
Kymco like 50 lx,2013,Scooter,0,0,0,0,0
Honda rs 125,2013,Scooter,0,0,0,0,0
Honda s-wing 125,2013,Scooter,0,0,0,0,0
Honda scoopy,2013,Scooter,0,0,0,0,0
Kymco like 50,2013,Scooter,0,0,0,0,0
Yamaha cygnus x,2013,Scooter,0,0,0,0,0
Kymco like 200i lx,2013,Scooter,0,0,0,0,0
Honda sh300i,2013,Scooter,0,0,0,0,0
Cf Moto jetmax,2013,Scooter,0,0,0,0,0
Honda super cub 110,2013,Scooter,0,0,0,0,0
Honda super cub 50,2013,Scooter,0,0,0,0,0
Kymco like 200i,2013,Scooter,0,0,0,0,0
Aprilia scarabeo 500ie,2013,Scooter,0,0,0,0,0
Yamaha cygnus x sr,2013,Scooter,0,0,0,0,0
Kymco like 125i,2013,Scooter,0,0,0,0,0
Qlink hawk 50,2013,Scooter,0,0,0,0,0
Vespa gts 300 ie,2013,Scooter,0,0,0,0,0
Keeway silverblade 250,2013,Scooter,0,0,0,0,0
Bmw s 1000 rr,2013,Sport,1,1,1,1,0
Bimota db 9 brivido italia,2013,Sport,1,0,1,0,0
Zontes monster 125,2013,Sport,0,0,0,0,0
Ducati 1199 panigale s tricolore,2013,Sport,1,0,1,1,0
Zontes panther 125,2013,Sport,0,0,0,0,0
Zontes tiger 125,2013,Sport,0,0,0,0,0
Ducati 1199 panigale s,2013,Sport,1,0,1,1,0
Ducati 1199 panigale,2013,Sport,1,0,1,1,0
Ducati 1199 panigale r,2013,Sport,1,0,1,1,0
Keeway arsen 150,2013,Sport,0,0,0,0,0
Keeway arsen 125,2013,Sport,0,0,0,0,0
Bmw k 1300 s special model,2013,Sport,1,1,1,1,0
Bmw k 1300 s,2013,Sport,1,1,1,1,0
Kawasaki ninja 400r special edition,2013,Sport,0,0,0,0,0
Ktm 1190 rc8 r,2013,Sport,1,0,1,0,0
Bmw hp4,2013,Sport,1,1,1,1,0
Ktm 1190 rc8 r track,2013,Sport,1,0,1,1,0
Yamaha tzr50,2013,Sport,0,0,0,1,0
Johnny Pag falcon 320i,2013,Sport,0,0,0,0,0
Jawa-Cz 50 robby,2013,Sport,0,0,0,0,0
Jawa-Cz 350,2013,Sport,0,0,0,1,0
Jawa-Cz 250,2013,Sport,0,0,0,1,0
Jawa-Cz 125,2013,Sport,0,0,0,1,0
Keeway strike 150,2013,Sport,0,0,0,0,0
Keeway strike 125,2013,Sport,0,0,0,0,0
Mv Agusta f4 rr,2013,Sport,1,1,1,1,0
Megelli sport 250 se,2013,Sport,0,0,0,0,0
Megelli sport 250 r,2013,Sport,0,0,0,0,0
Hyosung gt250r,2013,Sport,0,0,0,0,0
Megelli sport 125 r,2013,Sport,0,0,0,0,0
Hyosung gt250,2013,Sport,0,0,0,0,0
Mv Agusta f4 r,2013,Sport,1,1,1,1,0
Hyosung gt125r,2013,Sport,0,0,0,0,0
Hyosung gt125,2013,Sport,0,0,0,0,0
Aprilia rsv4 r aprc,2013,Sport,1,1,1,1,0
Mv Agusta f4,2013,Sport,1,1,1,1,0
Aprilia rsv4 factory aprc,2013,Sport,1,1,1,1,0
Ccm spider rl-125,2013,Sport,0,0,0,0,0
Honda xl 125 varadero,2013,Sport,0,0,0,0,0
Fischer mrx race,2013,Sport,1,0,1,0,0
Keeway rk iii 200,2013,Sport,0,0,0,0,0
Yamaha fazer 8,2013,Sport,1,1,1,1,0
Keeway rk iii 150,2013,Sport,0,0,0,0,0
Keeway rk iii 125,2013,Sport,0,0,0,0,0
Bimota tesi 3d e,2013,Sport,1,0,1,0,0
Kinroad xt125-18,2013,Sport,0,0,0,0,0
Bimota db9 brivido s,2013,Sport,1,0,1,0,0
Bimota db9 brivido,2013,Sport,1,0,1,0,0
Bimota db8 sp,2013,Sport,1,0,1,0,0
Honda cbr1000rr,2013,Sport,1,1,1,1,0
Bimota db8 biposto,2013,Sport,1,0,1,0,0
Honda cbf125,2013,Sport,0,0,0,0,0
Kymco pulsar 125,2013,Sport,0,0,0,0,0
Honda cb500x,2013,Sport,0,0,0,0,0
Bennche rival 250 r,2013,Sport,0,0,0,0,0
Bimota db7 oronero,2013,Sport,1,0,1,0,0
Honda cb400 super four abs,2013,Sport,0,1,0,0,0
Honda cb400 super four,2013,Sport,0,1,0,0,0
Honda cb400 super bol dor abs,2013,Sport,0,1,0,0,0
Honda cb400 super bol dor,2013,Sport,0,1,0,0,0
Mv Agusta f3 675,2013,Sport,1,1,1,0,0
Honda cb110,2013,Sport,0,0,0,0,0
Ducati 848 evo dark,2013,Sport,1,0,1,1,0
Ducati 848 evo corse se,2013,Sport,1,0,1,1,0
Bimota db5 re,2013,Sport,1,0,1,0,0
Ducati 848 evo,2013,Sport,1,0,1,1,0
Hero passion x pro,2013,Sport,0,0,0,0,0
Bimota db5 e desiderio,2013,Sport,1,0,1,0,0
Bimota db11 vlx,2013,Sport,1,0,1,0,0
Hartford vr-200x,2013,Sport,0,0,0,1,0
Hartford vr-125z,2013,Sport,0,0,0,0,0
Hartford vr-125h,2013,Sport,0,0,0,1,0
Loncin lx150-70c comanche,2013,Sport,0,0,0,0,0
Loncin lx150-30 spitzer,2013,Sport,0,0,0,0,0
Bimota db11,2013,Sport,1,0,1,0,0
Bimota db10 rd,2013,Sport,1,0,1,1,0
Bimota db10 r,2013,Sport,1,0,1,1,0
Ducati multistrada 1200 s touring,2013,Sport touring,1,0,1,1,0
Honda vfr800,2013,Sport touring,1,1,1,0,0
Ducati diavel strada,2013,Sport touring,1,0,1,0,0
Bimota db12 b tourist,2013,Sport touring,1,0,1,1,0
Moto Guzzi norge gt 8v,2013,Sport touring,1,0,1,0,0
Kawasaki 1400gtr grand tourer,2013,Sport touring,1,1,1,1,0
Ktm 990 sm r,2013,Super motard,1,0,1,1,0
Rieju marathon 125 pro sm,2013,Super motard,0,0,0,1,0
Qlink xp 200,2013,Super motard,0,0,0,0,0
Ktm 990 sm t,2013,Super motard,1,0,1,1,0
Qlink mt 250,2013,Super motard,0,0,0,1,0
Keeway kxm 200,2013,Super motard,0,0,0,1,0
Aprilia sx 125,2013,Super motard,0,0,0,1,0
Ktm 690 smc r,2013,Super motard,1,0,0,1,0
Aprilia dorsoduro 750 factory,2013,Super motard,1,0,1,1,0
Honda transalp,2013,Super motard,1,0,0,1,0
Ducati hypermotard,2013,Super motard,1,0,1,1,0
Jawa-Cz 660,2013,Super motard,1,0,0,1,0
Aprilia dorsoduro 750,2013,Super motard,1,0,1,1,0
Buccimoto br1-f6 motard,2013,Super motard,0,0,0,0,0
Ccm sm125,2013,Super motard,0,0,0,1,0
Yamaha wr125 x,2013,Super motard,0,0,0,1,0
Kreidler supermoto 125 dd,2013,Super motard,0,0,0,1,0
Ducati multistrada 1200 s pikes peak,2013,Super motard,1,0,1,1,0
Ducati hypermotard sp,2013,Super motard,1,0,1,1,0
Kreidler supermoto 50 dd,2013,Super motard,0,0,0,1,0
Loncin jl200gy-2c ranger,2013,Super motard,0,0,0,1,0
Aprilia dorsoduro 750 factory abs,2013,Super motard,1,0,1,1,0
Ktm 990 adventure r,2013,Super motard,1,0,1,1,0
Honda xl1000v varadero,2013,Super motard,1,0,1,1,0
Sachs zz 125 supermoto,2013,Super motard,0,0,0,1,0
Husqvarna nuda 900r,2013,Super motard,1,0,1,1,0
Loncin jl250gy rover,2013,Super motard,0,0,0,1,0
Kawasaki d-tracker x,2013,Super motard,0,0,0,1,0
Aprilia dorsoduro 750 abs,2013,Super motard,1,0,1,1,0
Ccm r35,2013,Super motard,0,0,0,1,0
Ktm 990 adventure,2013,Super motard,1,0,1,1,0
Kawasaki d-tracker 125,2013,Super motard,0,0,0,0,0
Megelli supermoto 250 m,2013,Super motard,0,0,0,1,0
Bmw r 1200 rt,2013,Touring,1,1,1,1,0
Cf Moto cruz,2013,Touring,0,0,0,0,0
Ducati multistrada 1200 s granturismo,2013,Touring,1,0,1,1,0
Rewaco ct 2300 t,2013,Touring,1,1,1,0,0
Victory arlen ness vision,2013,Touring,1,0,1,0,0
Bmw k 1600 gtl,2013,Touring,1,1,1,0,0
Bmw k 1600 gt,2013,Touring,1,1,1,0,0
Honda cb1300 super touring,2013,Touring,1,1,1,0,0
Qlink tour 250,2013,Touring,0,0,0,0,0
Victory cross country tour,2013,Touring,1,0,1,0,0
Victory cory ness cross country tour,2013,Touring,1,0,1,0,0
Victory vision tour,2013,Touring,1,0,1,0,0
Clipic hit80g,2013,Trial,0,0,0,0,0
Clipic hit65g,2013,Trial,0,0,0,0,0
Bmw r 1200 r 90 years,2014,Allround,1,1,1,0,0
Honda ape 100 type d,2014,Allround,0,0,0,0,0
Honda ape 100,2014,Allround,0,0,0,0,0
Ktm 1190 adventure,2014,Allround,1,0,1,1,0
Bmw r 1200 r,2014,Allround,1,1,1,0,0
Ktm 1190 adventure r,2014,Allround,1,0,1,1,0
Ural sportsman azur,2014,Allround,1,1,0,0,0
Skyteam st125 bubbly,2014,Allround,0,0,0,0,0
Sommer 462,2014,Allround,0,1,0,0,0
Suzuki st250 e type,2014,Allround,0,0,0,0,0
Quadro aatw r,2014,Allround,0,0,0,0,0
Kawasaki zrx1200 daeg,2014,Allround,1,1,1,0,0
Honda tmx supremo,2014,Allround,0,0,0,0,0
Hartford hd200s,2014,Allround,0,0,0,0,0
Hartford hd-125s,2014,Allround,0,0,0,0,0
Hartford hd-125l,2014,Allround,0,0,0,0,0
Keeway owen ii 150,2014,Allround,0,0,0,0,0
Kawasaki zrx1200 daeg black limited,2014,Allround,1,1,1,0,0
Suzuki thunder 125,2014,Allround,0,0,0,0,0
Keeway city 100,2014,Allround,0,0,0,0,0
Aprilia mana 850 gt abs,2014,Allround,1,0,1,0,0
Ducati multistrada 1200,2014,Allround,1,0,1,1,0
Keeway owen 150,2014,Allround,0,0,0,0,0
Suzuki grass tracker,2014,Allround,0,0,0,0,0
Bmw r 1200 r classic,2014,Allround,1,1,1,0,0
Cectek gladiator t6,2014,ATV,0,0,0,1,0
Cectek kingcobra ixd t5,2014,ATV,0,0,0,1,0
Bennche gray wolf 500,2014,ATV,0,0,0,1,0
Hyosung te450s,2014,ATV,0,0,0,1,0
Polaris sportsman 800 efi,2014,ATV,1,0,0,1,0
Ural ranger tundra,2014,Classic,1,1,0,0,0
Kikker 5150 hardknock frisco bobber,2014,Classic,0,0,0,0,0
Norton commando 961 cafe racer,2014,Classic,1,0,1,0,0
Honda cb 1100,2014,Classic,1,1,1,0,0
Ural t,2014,Classic,1,1,0,0,0
Horex vr6 classic,2014,Classic,1,1,1,0,0
Ural cross,2014,Classic,1,1,0,0,0
Norton commando 961 sf,2014,Classic,1,0,1,0,0
Ural ranger frog,2014,Classic,1,1,0,0,0
Norton commando 961 sport,2014,Classic,1,0,1,0,0
Ural retro,2014,Classic,1,1,0,0,0
Buccimoto br1f6 cross,2014,Cross / motocross,0,0,0,0,0
Husqvarna fc350,2014,Cross / motocross,0,0,0,1,0
Sukida macross 250,2014,Cross / motocross,0,0,0,1,0
Ktm 350 sx-f,2014,Cross / motocross,0,0,0,1,0
Suzuki intruder m1800rb,2014,Custom / cruiser,1,0,1,0,0
Hyosung st7 deluxe,2014,Custom / cruiser,1,0,1,0,0
Suzuki intruder m1800rz,2014,Custom / cruiser,1,0,1,0,0
Honda vt400s,2014,Custom / cruiser,0,0,0,0,0
Keeway superlight 125,2014,Custom / cruiser,0,0,0,0,0
Keeway superlight 200,2014,Custom / cruiser,0,0,0,0,0
Ajs spt 350,2014,Custom / cruiser,0,0,0,0,0
Gogo Moto go 125-18,2014,Custom / cruiser,0,0,0,0,0
Ajs regal raptor eos 350,2014,Custom / cruiser,0,0,0,0,0
Gogo Moto go 250-18,2014,Custom / cruiser,0,0,0,0,0
Gogo Moto go 50,2014,Custom / cruiser,0,0,0,0,0
Suzuki boulevard 400,2014,Custom / cruiser,0,0,0,0,0
Ajs regal raptor eco custom 125,2014,Custom / cruiser,0,0,0,0,0
Suzuki intruder classic 400 cast wheel,2014,Custom / cruiser,0,0,0,0,0
Atk gv650,2014,Custom / cruiser,1,0,1,0,0
Jianshe js150-7f,2014,Custom / cruiser,0,0,0,0,0
Harley-Davidson sportster 883 roadster,2014,Custom / cruiser,1,0,0,0,0
Big Bear Choppers venom 2up v111 efi,2014,Custom / cruiser,1,0,1,0,0
Daelim daystar  250,2014,Custom / cruiser,0,0,0,0,0
Atk gv250,2014,Custom / cruiser,0,0,0,0,0
Keeway blackster 250i,2014,Custom / cruiser,0,0,0,0,0
Suzuki intruder classic 400,2014,Custom / cruiser,0,0,0,0,0
Keeway dorado 250,2014,Custom / cruiser,0,0,0,0,0
Lexmoto ranger 125,2014,Custom / cruiser,0,0,0,0,0
Keeway v-blade 250i,2014,Custom / cruiser,0,0,0,0,0
California Scooter military sarge,2014,Custom / cruiser,0,0,0,0,0
Hyosung gv250,2014,Custom / cruiser,0,0,0,0,0
Suzuki intruder m1800rbz b.o.s.s.,2014,Custom / cruiser,1,0,1,0,0
Yuki 400 darker,2014,Custom / cruiser,0,0,0,0,0
Hyosung gv650,2014,Custom / cruiser,1,0,1,0,0
Hyosung st7,2014,Custom / cruiser,1,0,1,0,0
Kawasaki 250tr,2014,Enduro / offroad,0,0,0,0,0
Bmw f 800 gs,2014,Enduro / offroad,1,0,1,1,0
Bmw g 650 gs sertao,2014,Enduro / offroad,1,0,0,1,0
Ktm 690 enduro r,2014,Enduro / offroad,1,0,0,1,0
Sachs zx 125 enduro,2014,Enduro / offroad,0,0,0,1,0
Honda xr 200,2014,Enduro / offroad,0,0,0,1,0
Bmw g 650 gs,2014,Enduro / offroad,1,0,0,0,0
Bmw f 800 gs adventure,2014,Enduro / offroad,1,0,1,1,0
Rokon scout,2014,Enduro / offroad,0,0,0,0,0
Derbi terra adventure 125,2014,Enduro / offroad,0,0,0,1,0
Keeway tx 200 en,2014,Enduro / offroad,0,0,0,1,0
Bmw f 800 gs adventure travel,2014,Enduro / offroad,1,0,1,1,0
Hartford vr200h,2014,Enduro / offroad,0,0,0,1,0
Keeway tx 125 en,2014,Enduro / offroad,0,0,0,1,0
Yamaha xt660r,2014,Enduro / offroad,1,0,0,1,0
Husqvarna fe350,2014,Enduro / offroad,0,0,0,1,0
Bmw f 700 gs,2014,Enduro / offroad,1,0,0,1,0
Husqvarna tr650 terra,2014,Enduro / offroad,1,0,0,1,0
Bmw r 1200 gs adventure xe,2014,Enduro / offroad,1,1,1,1,0
Skyteam st125 skymax,2014,"Minibike, cross",0,0,0,0,0
Horex vr6 roadster,2014,Naked bike,1,1,1,0,0
Benelli tnt 899,2014,Naked bike,1,1,1,1,0
Benelli tnt 1130 r,2014,Naked bike,1,1,1,1,0
Ducati streetfighter 848,2014,Naked bike,1,0,1,1,0
Ducati superleggera 1199,2014,Naked bike,1,0,1,1,0
Benelli bn 600 r,2014,Naked bike,1,1,1,0,0
Ducati monster 796 corse stripe,2014,Naked bike,1,0,1,0,0
Ducati monster 796,2014,Naked bike,1,0,1,0,0
Ducati monster 795,2014,Naked bike,1,0,1,0,0
Ducati monster 696,2014,Naked bike,1,0,1,0,0
Ecosse the heretic,2014,Naked bike,1,0,1,0,0
Ecosse titanium,2014,Naked bike,1,0,1,0,0
Ducati monster 1200 s,2014,Naked bike,1,0,1,0,0
Ducati monster 1200,2014,Naked bike,1,0,1,0,0
Suzuki gsr 400 abs,2014,Naked bike,0,1,0,0,0
Mv Agusta brutale 1090,2014,Naked bike,1,1,1,1,0
Mv Agusta brutale 1090 r,2014,Naked bike,1,1,1,1,0
Ducati diavel dark,2014,Naked bike,1,0,1,0,0
Mv Agusta brutale 1090 rr,2014,Naked bike,1,1,1,1,0
Ducati diavel carbon,2014,Naked bike,1,0,1,0,0
Mv Agusta brutale 675,2014,Naked bike,1,1,1,0,0
Ducati diavel,2014,Naked bike,1,0,1,0,0
Mv Agusta brutale 800,2014,Naked bike,1,1,1,0,0
Mv Agusta brutale 800 dragster,2014,Naked bike,1,1,1,0,0
Benelli bn 600 gt,2014,Naked bike,1,1,1,0,0
Mv Agusta brutale corsa,2014,Naked bike,1,1,1,1,0
Benelli bn 302,2014,Naked bike,0,0,0,0,0
Travertson v-rex,2014,Naked bike,1,0,1,0,0
Bimota db6 delirio e,2014,Naked bike,1,0,1,0,0
Bimota db6 delirio re,2014,Naked bike,1,0,1,0,0
Honda cb400f,2014,Naked bike,0,1,0,0,0
Honda cb500f,2014,Naked bike,0,0,0,0,0
Honda cb500f abs,2014,Naked bike,0,0,0,0,0
Daelim roadsport 125,2014,Naked bike,0,0,0,0,0
Cr&S vun,2014,Naked bike,1,0,0,0,0
Cr&S duu,2014,Naked bike,1,0,1,0,0
Confederate x132 hellcat combat,2014,Naked bike,1,0,1,0,0
Confederate r135 wraith combat,2014,Naked bike,1,0,1,0,0
Yamaha fz1 fazer,2014,Naked bike,1,1,1,1,0
Avinton vintage,2014,Naked bike,1,0,1,0,0
Avinton super snake,2014,Naked bike,1,0,1,0,0
Suzuki gsr250s,2014,Naked bike,0,0,0,0,0
Husqvarna nuda 900,2014,Naked bike,1,0,1,1,0
Husqvarna nuda 900r,2014,Naked bike,1,0,1,1,0
Yamaha xjr1300 eau rouge by deus,2014,Naked bike,1,1,1,0,0
Avinton grand sport,2014,Naked bike,1,0,1,0,0
Avinton deluxe,2014,Naked bike,1,0,1,0,0
Aprilia shiver 750 abs,2014,Naked bike,1,0,1,0,0
Ktm 690 duke r abs,2014,Naked bike,1,0,0,1,0
Avinton cult,2014,Naked bike,1,0,1,0,0
Bmw f 800 r,2014,Naked bike,1,0,1,0,0
Ktm 690 abs duke,2014,Naked bike,1,0,0,1,0
Avinton collector roadster,2014,Naked bike,1,0,1,0,0
Yamaha xjr1300,2014,Naked bike,1,1,1,0,0
Mv Agusta rivale 800,2014,Naked bike,1,1,1,0,0
Avinton collector race,2014,Naked bike,1,0,1,0,0
Ktm 1290 superduke pp,2014,Naked bike,1,0,1,1,0
Ktm 1290 super duke r abs,2014,Naked bike,1,0,1,1,0
Ktm 1290 super duke r,2014,Naked bike,1,0,1,1,0
Ktm 125 rc pp,2014,Naked bike,0,0,0,1,0
Ktm 125 duke,2014,Naked bike,0,0,0,0,0
Yamaha mt-07,2014,Naked bike,1,0,0,1,0
Bmw k 1300 r,2014,Naked bike,1,1,1,1,0
Keeway rk6 600i,2014,Naked bike,1,1,1,0,0
Keeway rks 125,2014,Naked bike,0,0,0,0,0
Keeway rks 150,2014,Naked bike,0,0,0,0,0
Keeway rks 200,2014,Naked bike,0,0,0,0,0
Keeway rks 200s,2014,Naked bike,0,0,0,0,0
Keeway rkv 125,2014,Naked bike,0,0,0,0,0
Aprilia tuono v4 r aprc,2014,Naked bike,1,1,1,1,0
Keeway rkv 150,2014,Naked bike,0,0,0,0,0
Keeway rkv 200,2014,Naked bike,0,0,0,0,0
Keeway rkv 200s,2014,Naked bike,0,0,0,0,0
Keeway rkv 200s factory,2014,Naked bike,0,0,0,0,0
Sonik vortex,2014,Scooter,0,0,0,1,0
Yamaha bws naked 50,2014,Scooter,0,0,0,0,0
Tauris estoril 50 2t,2014,Scooter,0,0,0,0,0
Sonik tour,2014,Scooter,0,0,0,0,0
Benelli pepe 50 classic 2t,2014,Scooter,0,0,0,0,0
Keeway hurricane 50,2014,Scooter,0,0,0,0,0
Benelli pepe 4t,2014,Scooter,0,0,0,0,0
Gilera fuoco 500,2014,Scooter,0,0,0,0,0
Honda s-wing 125,2014,Scooter,0,0,0,0,0
Yamaha vity,2014,Scooter,0,0,0,0,0
Benelli velvet 150,2014,Scooter,0,0,0,1,0
Ajs modena 125,2014,Scooter,0,0,0,0,0
Benelli caffenero 250,2014,Scooter,0,0,0,0,0
Honda scoopy,2014,Scooter,0,0,0,0,0
Daelim s1 125,2014,Scooter,0,0,0,0,0
Yamaha x-city 125,2014,Scooter,0,0,0,0,0
Aprilia srv 850,2014,Scooter,1,0,1,0,0
Benelli caffenero 125,2014,Scooter,0,0,0,0,0
Honda sh125i,2014,Scooter,0,0,0,0,0
Suzuki skywave 400 type s abs,2014,Scooter,0,0,0,0,0
Bmw c 650 gt,2014,Scooter,1,0,0,0,0
Tauris piccadilly 50 4t,2014,Scooter,0,0,0,0,0
Sonik modena,2014,Scooter,0,0,0,0,0
Benelli x 125,2014,Scooter,0,0,0,1,0
Tauris movida 125 4t,2014,Scooter,0,0,0,0,0
Tauris firefly 50 2t,2014,Scooter,0,0,0,0,0
Daelim b-bone 125,2014,Scooter,0,0,0,0,0
Yamaha cygnus x,2014,Scooter,0,0,0,0,0
Tauris freccia 125 4t,2014,Scooter,0,0,0,0,0
Over b uno,2014,Scooter,0,0,0,0,0
Suzuki address v125s,2014,Scooter,0,0,0,0,0
Ajs modena 50,2014,Scooter,0,0,0,0,0
Tauris freccia 50 4t,2014,Scooter,0,0,0,0,0
Daelim s3 125,2014,Scooter,0,0,0,0,0
Keeway milan 50,2014,Scooter,0,0,0,0,0
Bmw c 600 sport,2014,Scooter,1,0,0,0,0
Cf Moto jetmax 250,2014,Scooter,0,0,0,0,0
Suzuki skywave 250 type s,2014,Scooter,0,0,0,0,0
Sonik strada,2014,Scooter,0,0,0,1,0
Hyosung ms3-250,2014,Scooter,0,0,0,0,0
Over b tre,2014,Scooter,0,0,0,0,0
Quadro s,2014,Scooter,0,0,0,0,0
Tauris capri 50 2t art,2014,Scooter,0,0,0,0,0
Suzuki burgman 125,2014,Scooter,0,0,0,0,0
Quadro 350 d,2014,Scooter,0,0,0,0,0
Hyosung prima,2014,Scooter,0,0,0,0,0
Tauris piccadilly 125 4t,2014,Scooter,0,0,0,0,0
Adiva ad tre,2014,Scooter,0,0,0,0,0
Vento vortex 150,2014,Scooter,0,0,0,1,0
Aprilia sr motard 125,2014,Scooter,0,0,0,0,0
Benelli caffenero 150,2014,Scooter,0,0,0,0,0
Aeon elite 400i,2014,Scooter,0,0,0,0,0
Honda faze,2014,Scooter,0,0,0,0,0
Sonik siena,2014,Scooter,0,0,0,1,0
Tauris movida 50 2t,2014,Scooter,0,0,0,0,0
Quadro 4,2014,Scooter,0,0,0,0,0
Honda faze abs,2014,Scooter,0,0,0,0,0
Honda zoomer-x,2014,Scooter,0,0,0,0,0
Honda faze type-s,2014,Scooter,0,0,0,0,0
Adiva ad tre 55,2014,Scooter,0,0,0,0,0
Aprilia sr motard 50,2014,Scooter,0,0,0,0,0
Hyosung rally,2014,Scooter,0,0,0,0,0
Suzuki skydrive 125,2014,Scooter,0,0,0,0,0
Suzuki shooter 115 fi,2014,Scooter,0,0,0,0,0
Sonik free wind,2014,Scooter,0,0,0,0,0
Ajs digita 50,2014,Scooter,0,0,0,0,0
Honda beat 110,2014,Scooter,0,0,0,0,0
Honda wave dash 110,2014,Scooter,0,0,0,0,0
Honda forza z,2014,Scooter,0,0,0,0,0
Over thor,2014,Scooter,0,0,0,0,0
Honda wave 110i,2014,Scooter,0,0,0,0,0
Suzuki nex 115,2014,Scooter,0,0,0,0,0
Honda wave 100r,2014,Scooter,0,0,0,0,0
Honda forza z abs,2014,Scooter,0,0,0,0,0
Honda wave 100,2014,Scooter,0,0,0,0,0
Keeway target 110,2014,Scooter,0,0,0,0,0
Sonik raptor,2014,Scooter,0,0,0,0,0
Keeway swan 50,2014,Scooter,0,0,0,0,0
Daelim s3 advance 250,2014,Scooter,0,0,0,0,0
Hyosung sense,2014,Scooter,0,0,0,0,0
Sonik mach 2,2014,Scooter,0,0,0,0,0
Honda nc750d integra,2014,Scooter,1,0,0,0,0
Aeon urban 350i,2014,Scooter,0,0,0,1,0
Sonik eagle king,2014,Scooter,0,0,0,1,0
Ktm 1190 rc8 r,2014,Sport,1,0,1,0,0
Honda cb125 cl,2014,Sport,0,0,0,0,0
Honda cb400,2014,Sport,0,1,0,0,0
Daelim vjf 250,2014,Sport,0,0,0,0,0
Keeway strike 125,2014,Sport,0,0,0,0,0
Erik Buell Racing 1190sx,2014,Sport,1,0,1,1,0
Zontes zt125-8a panther,2014,Sport,0,0,0,0,0
Mv Agusta f4 rr,2014,Sport,1,1,1,1,0
Erik Buell Racing 1190rx,2014,Sport,1,0,1,1,0
Zontes zt125-5a monster,2014,Sport,0,0,0,0,0
Aprilia rsv4 r aprc abs,2014,Sport,1,1,1,1,0
Bimota db10 b.motard,2014,Sport,1,0,1,1,0
Keeway strike 150,2014,Sport,0,0,0,0,0
Ktm rc 125,2014,Sport,0,0,0,1,0
Aprilia rsv4 factory aprc abs,2014,Sport,1,1,1,1,0
Mv Agusta f4,2014,Sport,1,1,1,1,0
Zontes zt125-3a tiger,2014,Sport,0,0,0,0,0
Ktm rc 200,2014,Sport,0,0,0,1,0
Ktm rc 390,2014,Sport,0,0,0,1,0
Ducati 1199 panigale s,2014,Sport,1,0,1,1,0
Mv Agusta f3 800 ago,2014,Sport,1,1,1,0,0
Ducati 1199 panigale r,2014,Sport,1,0,1,1,0
Jawa-Cz 125,2014,Sport,0,0,0,1,0
Jawa-Cz 250,2014,Sport,0,0,0,1,0
Jawa-Cz 350,2014,Sport,0,0,0,1,0
Ducati 1199 panigale,2014,Sport,1,0,1,1,0
Jawa-Cz 50 robby,2014,Sport,0,0,0,0,0
Bmw s 1000 rr,2014,Sport,1,1,1,1,0
Atk gt650r,2014,Sport,1,0,1,1,0
Keeway rk iii 200,2014,Sport,0,0,0,0,0
Bmw s 1000 r sport,2014,Sport,1,1,1,1,0
Mv Agusta f3 800,2014,Sport,1,1,1,0,0
Keeway rk iii 150s,2014,Sport,0,0,0,0,0
Keeway rk iii 150,2014,Sport,0,0,0,0,0
Mv Agusta f4 r,2014,Sport,1,1,1,1,0
Keeway rk iii 125s,2014,Sport,0,0,0,0,0
Keeway rk iii 125,2014,Sport,0,0,0,0,0
Hyosung gt250r,2014,Sport,0,0,0,0,0
Bimota tesi 3d naked,2014,Sport,1,0,1,0,0
Bimota db11,2014,Sport,1,0,1,0,0
Ajs nac12 125 mk2,2014,Sport,0,0,0,0,0
Hartford vr-125h,2014,Sport,0,0,0,1,0
Bimota tesi 3d e,2014,Sport,1,0,1,0,0
Hartford vr125z,2014,Sport,0,0,0,0,0
Hartford vr200x,2014,Sport,0,0,0,1,0
Gogo Moto go 200-d,2014,Sport,0,0,0,0,0
Bmw s 1000 r,2014,Sport,1,1,1,1,0
Bimota db9 brivido s,2014,Sport,1,0,1,0,0
Derbi gpr 125,2014,Sport,0,0,0,0,0
Bimota db9 brivido,2014,Sport,1,0,1,0,0
Hyosung gt250,2014,Sport,0,0,0,0,0
Bmw hp4,2014,Sport,1,1,1,1,0
Keeway arsen 150,2014,Sport,0,0,0,0,0
Keeway arsen 125,2014,Sport,0,0,0,0,0
Bimota db5 e desiderio,2014,Sport,1,0,1,0,0
Bmw hp4 carbon,2014,Sport,1,1,1,1,0
Bimota db8 italia,2014,Sport,1,0,1,0,0
Honda cbf125,2014,Sport,0,0,0,0,0
Daelim roadsport 250,2014,Sport,0,0,0,0,0
Honda cb500x abs,2014,Sport,0,0,0,0,0
Honda cb500x,2014,Sport,0,0,0,0,0
Bimota db7 oronero,2014,Sport,1,0,1,0,0
Atk gt250r,2014,Sport,0,0,0,0,0
Ducati 899 panigale,2014,Sport,1,0,1,1,0
Bimota db5 re,2014,Sport,1,0,1,0,0
Suzuki hayabusa abs z,2014,Sport,1,1,1,0,0
Bmw k 1300 s sport,2014,Sport,1,1,1,1,0
Honda cb110,2014,Sport,0,0,0,0,0
Bmw k 1300 s,2014,Sport,1,1,1,1,0
Mv Agusta f3 675,2014,Sport,1,1,1,0,0
Suzuki bandit 1250f abs,2014,Sport touring,1,1,1,0,0
Kawasaki 1400gtr grand tourer,2014,Sport touring,1,1,1,1,0
Moto Guzzi norge gt 8v,2014,Sport touring,1,0,1,0,0
Honda vfr800f,2014,Sport touring,1,1,1,0,0
Ducati multistrada 1200 s touring,2014,Sport touring,1,0,1,1,0
Mv Agusta turismo veloce lusso 800,2014,Sport touring,1,1,1,1,0
Mv Agusta turismo veloce 800,2014,Sport touring,1,1,1,1,0
Ducati diavel strada,2014,Sport touring,1,0,1,0,0
Ducati multistrada 1200 s pikes peak,2014,Super motard,1,0,1,1,0
Kreidler supermoto 125 dd,2014,Super motard,0,0,0,1,0
Ducati hypermotard sp,2014,Super motard,1,0,1,1,0
Jawa-Cz 660,2014,Super motard,1,0,0,1,0
Kawasaki d-tracker 150,2014,Super motard,0,0,0,0,0
Kawasaki d-tracker x,2014,Super motard,0,0,0,1,0
Xingyue xy400gy-3,2014,Super motard,0,0,0,1,0
Ktm 690 smc r,2014,Super motard,1,0,0,1,0
Keeway tx 200 sm,2014,Super motard,0,0,0,1,0
Keeway tx 125 sm,2014,Super motard,0,0,0,1,0
Aprilia dorsoduro 750 abs,2014,Super motard,1,0,1,1,0
Ducati hypermotard,2014,Super motard,1,0,1,1,0
Ccm gp450,2014,Super motard,0,0,0,1,0
Yamaha tmax hypermodified,2014,Super motard,0,0,0,1,0
Buccimoto br1f6 motard,2014,Super motard,0,0,0,0,0
Sachs zz 125 supermoto,2014,Super motard,0,0,0,1,0
Keeway kxm 200,2014,Super motard,0,0,0,1,0
Derbi senda drd 125 sm,2014,Super motard,0,0,0,1,0
Bmw k 1600 gt sport,2014,Touring,1,1,1,0,0
Bmw k 1600 gtl e,2014,Touring,1,1,1,0,0
Bmw k 1600 gt se,2014,Touring,1,1,1,0,0
Bmw r 1200 rt le,2014,Touring,1,1,1,0,0
Bmw k 1600 gtl,2014,Touring,1,1,1,0,0
Moto Guzzi california 1400 touring,2014,Touring,1,0,1,0,0
Gogo Moto go 125-27,2014,Touring,0,0,0,0,0
Bmw r 1200 rt se,2014,Touring,1,1,1,0,0
Bmw k 1600 gt,2014,Touring,1,1,1,0,0
Ducati multistrada 1200 s granturismo,2014,Touring,1,0,1,1,0
Bmw r 1200 rt,2014,Touring,1,1,1,0,0
Gogo Moto mt 150-5f,2014,Touring,0,0,0,0,0
Bmw k 1600 gtl exclusive,2014,Touring,1,1,1,0,0
Brudeli 654l,2015,Allround,1,0,0,1,0
Ktm 1190 adventure,2015,Allround,1,0,1,1,0
Triumph tiger explorer xc abs,2015,Allround,1,1,1,1,0
Di Blasi express,2015,Allround,0,1,0,0,0
Honda ape 100,2015,Allround,0,0,0,0,0
Aprilia mana 850 gt abs,2015,Allround,1,0,1,0,0
Honda cb1300 super four,2015,Allround,1,1,1,0,0
Honda cb1300 super bol dor,2015,Allround,1,1,1,0,0
Kawasaki zrx1200 daeg black limited,2015,Allround,1,1,1,0,0
Ducati multistrada 1200 s,2015,Allround,1,0,1,1,0
Bmw r 1200 rs,2015,Allround,1,1,1,1,0
Kawasaki zrx1200 daeg,2015,Allround,1,1,1,0,0
Ajs eco-2 125,2015,Allround,0,0,0,0,0
Ducati multistrada 1200 s d-air,2015,Allround,1,0,1,1,0
Honda tmx 125 alpha,2015,Allround,0,0,0,0,0
Suzuki st250 e type,2015,Allround,0,0,0,0,0
Honda tmx supremo,2015,Allround,0,0,0,0,0
Ktm 1190 adventure r,2015,Allround,1,0,1,1,0
Ktm 1290 super adventure,2015,Allround,1,0,1,1,0
Ktm 1050 adventure,2015,Allround,1,0,1,1,0
Sommer diesel 462,2015,Allround,0,1,0,0,0
Ducati multistrada 1200,2015,Allround,1,0,1,1,0
Triumph tiger explorer,2015,Allround,1,1,1,1,0
Suzuki grass tracker,2015,Allround,0,0,0,0,0
Honda ape 50 type d,2015,Allround,0,0,0,0,0
Cectek kingcobra ix t5,2015,ATV,0,0,0,1,0
Cectek kingcobra ixd t5,2015,ATV,0,0,0,1,0
Cectek gladiator t5,2015,ATV,0,0,0,1,0
Cf Moto cforce 500,2015,ATV,0,0,0,1,0
Cf Moto cforce 550,2015,ATV,0,0,0,1,0
Cf Moto cforce 800s,2015,ATV,1,0,0,0,0
Bennche gray wolf 500,2015,ATV,0,0,0,1,0
Cectek gladiator t6,2015,ATV,0,0,0,1,0
Cf Moto cforce 800,2015,ATV,1,0,0,0,0
Goes g 400i sm,2015,ATV,0,0,0,1,0
Goes g 450r sm,2015,ATV,0,0,0,0,0
Goes g 520f,2015,ATV,0,0,0,1,0
Cf Moto cforce 600,2015,ATV,1,0,0,1,0
Goes g 520 eps,2015,ATV,0,0,0,1,0
Goes g 520 f max,2015,ATV,0,0,0,1,0
Goes g 300 s,2015,ATV,0,0,0,1,0
Bennche gray wolf 700,2015,ATV,1,0,0,1,0
Triumph bonneville,2015,Classic,1,0,0,0,0
Kikker 5150 hardknock,2015,Classic,0,0,0,0,0
Triumph bonneville t100,2015,Classic,1,0,0,0,0
Triumph bonneville spirit,2015,Classic,1,0,0,0,0
Triumph thruxton,2015,Classic,1,0,0,1,0
Triumph bonneville newchurch,2015,Classic,1,0,0,0,0
Ducati scrambler deus  ex machina,2015,Classic,1,0,0,0,0
Ducati scrambler full throttle,2015,Classic,1,0,0,0,0
Ducati scrambler icon,2015,Classic,1,0,0,0,0
Triumph bonneville t100 black,2015,Classic,1,0,0,0,0
Ducati scrambler urban enduro,2015,Classic,1,0,0,0,0
Triumph scrambler,2015,Classic,1,0,0,1,0
Ducati scrambler classic,2015,Classic,1,0,0,0,0
Triumph bonneville t214,2015,Classic,1,0,0,0,0
Norton commando 961 cafe racer,2015,Classic,1,0,1,0,0
Horex vr6 classic,2015,Classic,1,1,1,0,0
Triumph thruxton ace,2015,Classic,1,0,0,1,0
Norton commando 961 sf,2015,Classic,1,0,1,0,0
Norton commando 961 sport,2015,Classic,1,0,1,0,0
Yamaha xjr1300,2015,Classic,1,1,1,0,0
Ural ct,2015,Classic,1,1,0,0,0
Ural gear up,2015,Classic,1,1,0,0,0
Ural m70,2015,Classic,1,1,0,0,0
Ural patrol,2015,Classic,1,1,0,0,0
Buccimoto br-1f15 cross,2015,Cross / motocross,0,0,0,1,0
Triumph thunderbird commander abs,2015,Custom / cruiser,1,0,1,0,0
Keeway speedcruiser 250,2015,Custom / cruiser,0,0,0,0,0
Big Bear Choppers venom chopper 111 efi,2015,Custom / cruiser,1,0,1,0,0
Harley-Davidson dyna low rider,2015,Custom / cruiser,1,0,1,0,0
Big Bear Choppers sled prostreet 111  carb,2015,Custom / cruiser,1,0,1,0,0
Ajs eos 125 mk2,2015,Custom / cruiser,0,0,0,0,0
Big Bear Choppers sled chopper 111 carb,2015,Custom / cruiser,1,0,1,0,0
Big Bear Choppers devils advocate chopper 111 efi,2015,Custom / cruiser,1,0,1,0,0
Qlink adventure 250,2015,Custom / cruiser,0,0,0,0,0
Big Bear Choppers venom prostreet 111 efi,2015,Custom / cruiser,1,0,1,0,0
Big Bear Choppers rage 111 efi,2015,Custom / cruiser,1,0,1,0,0
Triumph rocket iii roadster,2015,Custom / cruiser,1,1,1,0,0
Big Bear Choppers athena chopper 111 carb,2015,Custom / cruiser,1,0,1,0,0
Keeway blackster 250,2015,Custom / cruiser,0,0,0,0,0
Big Bear Choppers bear bones 111 smooth efi,2015,Custom / cruiser,1,0,1,0,0
Ajs daytona 125,2015,Custom / cruiser,0,0,0,0,0
Harley-Davidson softail slim,2015,Custom / cruiser,1,0,1,0,0
Harley-Davidson sportster superlow,2015,Custom / cruiser,1,0,0,0,0
Big Bear Choppers athena chopper 111 efi,2015,Custom / cruiser,1,0,1,0,0
Big Bear Choppers venom chopper 111 carb,2015,Custom / cruiser,1,0,1,0,0
Big Bear Choppers redemption 111 carb,2015,Custom / cruiser,1,0,1,0,0
Suzuki intruder classic 400,2015,Custom / cruiser,0,0,0,0,0
Triumph rocket x,2015,Custom / cruiser,1,1,1,0,0
Indian scout,2015,Custom / cruiser,1,0,1,0,0
Harley-Davidson sportster seventy-two dark custom,2015,Custom / cruiser,1,0,0,0,0
Big Bear Choppers redemption 111 efi,2015,Custom / cruiser,1,0,1,0,0
Harley-Davidson sportster seventy-two,2015,Custom / cruiser,1,0,0,0,0
Ajs bobber 125,2015,Custom / cruiser,0,0,0,0,0
Big Bear Choppers devils advocate chopper 111 carb,2015,Custom / cruiser,1,0,1,0,0
Victory hammer s,2015,Custom / cruiser,1,0,1,0,0
Triumph america,2015,Custom / cruiser,1,0,0,0,0
Big Bear Choppers sled prostreet 111  efi,2015,Custom / cruiser,1,0,1,0,0
Atk gv650,2015,Custom / cruiser,1,0,1,0,0
Atk gv250,2015,Custom / cruiser,0,0,0,0,0
Big Bear Choppers athena prostreet 111 carb,2015,Custom / cruiser,1,0,1,0,0
Keeway superlight 125,2015,Custom / cruiser,0,0,0,0,0
Keeway superlight 150,2015,Custom / cruiser,0,0,0,0,0
Suzuki boulevard 400,2015,Custom / cruiser,0,0,0,0,0
Harley-Davidson sportster 1200 custom,2015,Custom / cruiser,1,0,0,0,0
Dafra horizon 250,2015,Custom / cruiser,0,0,0,0,0
Harley-Davidson softail fat boy special,2015,Custom / cruiser,1,0,1,0,0
Big Bear Choppers merc rigid 111 carb,2015,Custom / cruiser,1,0,1,0,0
Suzuki intruder m1800rbz b.o.s.s.,2015,Custom / cruiser,1,0,1,0,0
Harley-Davidson sportster forty-eight,2015,Custom / cruiser,1,0,0,0,0
Honda vt1300c,2015,Custom / cruiser,1,0,0,0,0
Harley-Davidson dyna street bob,2015,Custom / cruiser,1,0,1,0,0
Triumph speedmaster,2015,Custom / cruiser,1,0,0,0,0
Big Bear Choppers sled chopper 111 efi,2015,Custom / cruiser,1,0,1,0,0
Triumph thunderbird,2015,Custom / cruiser,1,0,1,0,0
Harley-Davidson dyna street bob dark custom,2015,Custom / cruiser,1,0,1,0,0
Harley-Davidson sportster iron 883 dark custom,2015,Custom / cruiser,1,0,0,0,0
Big Bear Choppers venom prostreet 111 carb,2015,Custom / cruiser,1,0,1,0,0
Triumph thunderbird storm abs,2015,Custom / cruiser,1,0,1,0,0
Harley-Davidson dyna wide glide,2015,Custom / cruiser,1,0,1,0,0
California Scooter babydoll,2015,Custom / cruiser,0,0,0,0,0
Big Bear Choppers merc softail 111 carb,2015,Custom / cruiser,1,0,1,0,0
Daelim daystar,2015,Custom / cruiser,0,0,0,0,0
Big Bear Choppers bear bones 111 smooth carb,2015,Custom / cruiser,1,0,1,0,0
Big Bear Choppers athena prostreet 111 efi,2015,Custom / cruiser,1,0,1,0,0
Ajs dd 125e mk3,2015,Custom / cruiser,0,0,0,0,0
Harley-Davidson sportster iron 883,2015,Custom / cruiser,1,0,0,0,0
Ajs eos 350,2015,Custom / cruiser,0,0,0,0,0
Harley-Davidson v-rod muscle,2015,Custom / cruiser,1,0,1,0,0
Suzuki intruder m1800rb,2015,Custom / cruiser,1,0,1,0,0
Suzuki intruder m1800r,2015,Custom / cruiser,1,0,1,0,0
Harley-Davidson softail deluxe,2015,Custom / cruiser,1,0,1,0,0
Triumph thunderbird nightstorm,2015,Custom / cruiser,1,0,1,0,0
Big Bear Choppers rage 111 carb,2015,Custom / cruiser,1,0,1,0,0
Harley-Davidson softail breakout,2015,Custom / cruiser,1,0,1,0,0
Harley-Davidson softail fat boy,2015,Custom / cruiser,1,0,1,0,0
Bmw f 800 gs,2015,Enduro / offroad,1,0,1,1,0
Rokon for hunters,2015,Enduro / offroad,0,0,0,0,0
Bmw r 1200 gs adventure,2015,Enduro / offroad,1,1,1,1,0
Bimota db x,2015,Enduro / offroad,1,0,1,1,0
Yamaha serow 250,2015,Enduro / offroad,0,0,0,0,0
Bmw f 700 gs,2015,Enduro / offroad,1,0,0,1,0
Bmw g 650 gs sertao,2015,Enduro / offroad,1,0,0,1,0
Rokon scout,2015,Enduro / offroad,0,0,0,0,0
Keeway tx 125en,2015,Enduro / offroad,0,0,0,1,0
Derbi terra adventure 125,2015,Enduro / offroad,0,0,0,1,0
Bmw f 800 gs adventure,2015,Enduro / offroad,1,0,1,1,0
Gilera rcr 50,2015,Enduro / offroad,0,0,0,1,0
Ktm 690 enduro r,2015,Enduro / offroad,1,0,0,1,0
Borile multiuso 230,2015,Enduro / offroad,0,0,0,1,0
Yamaha xt660r,2015,Enduro / offroad,1,0,0,1,0
Rokon trail-breaker,2015,Enduro / offroad,0,0,0,0,0
Ducati scrambler officine mermaid,2015,Enduro / offroad,1,0,0,0,0
Bamx bx200-db outback,2015,Enduro / offroad,0,0,0,1,0
Keeway txm 150,2015,Enduro / offroad,0,0,0,1,0
Bmw g 650 gs,2015,Enduro / offroad,1,0,0,0,0
Ajp pr4 125 enduro,2015,Enduro / offroad,0,0,0,1,0
Bamx bx50-db pee wee,2015,"Minibike, cross",0,0,0,0,0
Bamx bx150-db voyager,2015,"Minibike, cross",0,0,0,0,0
Bamx bx125 db1 enforcer,2015,"Minibike, cross",0,0,0,0,0
Bamx bx125 db2 renegade,2015,"Minibike, cross",0,0,0,0,0
Bamx bx70-db trailstar,2015,"Minibike, cross",0,0,0,0,0
Bimota bb3,2015,Naked bike,1,1,1,1,0
Atk gt250,2015,Naked bike,0,0,0,0,0
Mv Agusta brutale 1090 rr,2015,Naked bike,1,1,1,1,0
Ducati monster 821 dark,2015,Naked bike,1,0,1,0,0
Ducati monster 1200 s,2015,Naked bike,1,0,1,0,0
Ktm 1290 super duke r abs,2015,Naked bike,1,0,1,1,0
Ducati monster 796 corse stripe,2015,Naked bike,1,0,1,0,0
Honda cb500f abs,2015,Naked bike,0,0,0,0,0
Keeway rks 125,2015,Naked bike,0,0,0,0,0
Mv Agusta brutale 800,2015,Naked bike,1,1,1,0,0
Ducati diavel carbon,2015,Naked bike,1,0,1,0,0
Honda vtr 250,2015,Naked bike,0,0,0,0,0
Aprilia tuono v4 r abs,2015,Naked bike,1,1,1,1,0
Horex vr6 cafe racer,2015,Naked bike,1,1,1,0,0
Sym wolf 300,2015,Naked bike,0,0,0,0,0
Mv Agusta brutale 1090 r,2015,Naked bike,1,1,1,1,0
Triumph street triple abs,2015,Naked bike,1,1,1,0,0
Aprilia shiver 750 abs,2015,Naked bike,1,0,1,0,0
Ducati diavel titanium,2015,Naked bike,1,0,1,0,0
Triumph street triple r abs,2015,Naked bike,1,1,1,0,0
Ducati monster 821,2015,Naked bike,1,0,1,0,0
Mv Agusta brutale 1090,2015,Naked bike,1,1,1,1,0
Mv Agusta brutale corsa,2015,Naked bike,1,1,1,1,0
Honda cb250f,2015,Naked bike,0,0,0,0,0
Kawasaki er-6n,2015,Naked bike,1,0,0,0,0
Benelli bn 251,2015,Naked bike,0,0,0,0,0
Bimota db9,2015,Naked bike,1,0,1,0,0
Cr&S vun,2015,Naked bike,1,0,0,0,0
Yamaha mt-07 moto cage abs,2015,Naked bike,1,0,0,0,0
Ktm 690 duke r abs,2015,Naked bike,1,0,0,1,0
Travertson v-rex,2015,Naked bike,1,0,1,0,0
Mv Agusta brutale 675,2015,Naked bike,1,1,1,0,0
Cr&S duu,2015,Naked bike,1,0,1,0,0
Ducati monster 1200 s stripe,2015,Naked bike,1,0,1,0,0
Ktm 690 duke abs,2015,Naked bike,1,0,0,1,0
Honda cb500f,2015,Naked bike,0,0,0,0,0
Benelli bn 302,2015,Naked bike,0,0,0,0,0
Confederate x132 hellcat speedster,2015,Naked bike,1,0,1,0,0
Benelli bn 600 r,2015,Naked bike,1,1,1,0,0
Ducati streetfighter 848,2015,Naked bike,1,0,1,1,0
Ajs tn 12,2015,Naked bike,0,0,0,1,0
Triumph speed triple abs,2015,Naked bike,1,1,1,1,0
Bmw f 800 r,2015,Naked bike,1,0,1,0,0
Ducati diavel,2015,Naked bike,1,0,1,0,0
Mv Agusta brutale 800 rr,2015,Naked bike,1,1,1,0,0
Aprilia tuono v4 1100 factory,2015,Naked bike,1,1,1,1,0
Ducati monster 795,2015,Naked bike,1,0,1,0,0
Suzuki gsr 400 abs,2015,Naked bike,0,1,0,0,0
Bmw k 1300 r,2015,Naked bike,1,1,1,1,0
Avinton collector roadster,2015,Naked bike,1,0,1,0,0
Ducati monster s2r,2015,Naked bike,1,0,1,0,0
Ducati monster 1200,2015,Naked bike,1,0,1,0,0
Ecosse titanium rr,2015,Naked bike,1,0,1,0,0
Honda cb400f,2015,Naked bike,0,1,0,0,0
Horex vr6 roadster,2015,Naked bike,1,1,1,0,0
Harley-Davidson v-rod night rod special,2015,Naked bike,1,0,1,0,0
Mv Agusta brutale 800 dragster rr,2015,Naked bike,1,1,1,0,0
Benelli tnt r,2015,Naked bike,1,1,1,1,0
Ducati monster 821 stripe,2015,Naked bike,1,0,1,0,0
Daelim roadsport 125,2015,Naked bike,0,0,0,0,0
Benelli tnt 899,2015,Naked bike,1,1,1,1,0
Mv Agusta rivale 800,2015,Naked bike,1,1,1,0,0
Avinton collector race,2015,Naked bike,1,0,1,0,0
Triumph speed triple r abs,2015,Naked bike,1,1,1,1,0
Ecosse heretic,2015,Naked bike,1,0,1,0,0
Ktm 125 duke,2015,Naked bike,0,0,0,0,0
Aprilia tuono v4 1100 rr,2015,Naked bike,1,1,1,1,0
Keeway rkv 125r,2015,Naked bike,0,0,0,0,0
Triumph street triple rx,2015,Naked bike,1,1,1,0,0
Ducati monster 795 abs,2015,Naked bike,1,0,1,0,0
Mv Agusta brutale 800 dragster,2015,Naked bike,1,1,1,0,0
Derbi dh 2.0 concept,2015,Prototype / concept model,0,0,0,1,0
Ajp pr7,2015,Prototype / concept model,1,0,0,1,0
Quadro 4 adventure,2015,Prototype / concept model,0,0,0,0,0
Neander kraftrad,2015,Prototype / concept model,1,1,1,0,0
Honda zoomer,2015,Scooter,0,0,0,0,0
Daelim s3 advance,2015,Scooter,0,0,0,0,0
Bmw c 600 sport,2015,Scooter,1,0,0,0,0
Suzuki skywave 400 type s abs,2015,Scooter,0,0,0,0,0
Keeway target 125,2015,Scooter,0,0,0,0,0
Suzuki burgman 125,2015,Scooter,0,0,0,0,0
Dafra maxsym 400i,2015,Scooter,0,0,0,0,0
Daelim s3 125,2015,Scooter,0,0,0,0,0
Honda benly pro,2015,Scooter,0,0,0,0,0
Suzuki skywave ss,2015,Scooter,0,0,0,0,0
Honda benly 110 pro,2015,Scooter,0,0,0,0,0
Honda benly 110,2015,Scooter,0,0,0,0,0
Honda benly,2015,Scooter,0,0,0,0,0
Daelim s1,2015,Scooter,0,0,0,0,0
Honda beat fi,2015,Scooter,0,0,0,0,0
Suzuki birdie 50,2015,Scooter,0,0,0,0,0
Yamaha bws naked,2015,Scooter,0,0,0,0,0
Benelli caffenero 125,2015,Scooter,0,0,0,0,0
Honda cross cub,2015,Scooter,0,0,0,0,0
Daelim b-bone,2015,Scooter,0,0,0,0,0
Honda faze type-s,2015,Scooter,0,0,0,0,0
Honda forza,2015,Scooter,0,0,0,0,0
Yamaha vity,2015,Scooter,0,0,0,0,0
Honda forza abs,2015,Scooter,0,0,0,0,0
Honda forza si,2015,Scooter,0,0,0,0,0
Benelli caffenero 150,2015,Scooter,0,0,0,0,0
Honda lead 125,2015,Scooter,0,0,0,0,0
Honda lead ex,2015,Scooter,0,0,0,0,0
Keeway cs 125,2015,Scooter,0,0,0,0,0
Keeway goccia 50,2015,Scooter,0,0,0,0,0
Honda rs 125,2015,Scooter,0,0,0,0,0
Ajs sorvio 125,2015,Scooter,0,0,0,0,0
Honda scoopy 110,2015,Scooter,0,0,0,0,0
Keeway kee 110,2015,Scooter,0,0,0,0,0
Vespa px 125,2015,Scooter,0,0,0,0,0
Yamaha cygnus x,2015,Scooter,0,0,0,0,0
Ajs modena 50,2015,Scooter,0,0,0,0,0
Cf Moto jetmax 250,2015,Scooter,0,0,0,0,0
Suzuki address v50,2015,Scooter,0,0,0,0,0
Aprilia srv 850 abs-atc,2015,Scooter,1,0,0,0,0
Honda super cub,2015,Scooter,0,0,0,0,0
Vespa gts 125ie super,2015,Scooter,0,0,0,0,0
Xingyue xy150zk-3,2015,Scooter,0,0,0,0,0
Suzuki skywave 250 type m,2015,Scooter,0,0,0,0,0
Ajs modena 125,2015,Scooter,0,0,0,0,0
Aprilia srv 850,2015,Scooter,1,0,1,0,0
Vespa gts 300,2015,Scooter,0,0,0,0,0
Yamaha cygnus x sr,2015,Scooter,0,0,0,0,0
Vespa gts 300  super,2015,Scooter,0,0,0,0,0
Benelli pepe 50,2015,Scooter,0,0,0,0,0
Gilera fuoco 500,2015,Scooter,0,0,0,0,0
Keeway zahara 50,2015,Scooter,0,0,0,0,0
Suzuki let,2015,Scooter,0,0,0,0,0
Keeway zahara 125,2015,Scooter,0,0,0,0,0
Honda wave 110 alpha,2015,Scooter,0,0,0,0,0
Quadro s,2015,Scooter,0,0,0,0,0
Honda wave 125 alpha,2015,Scooter,0,0,0,0,0
Honda wave dash 110,2015,Scooter,0,0,0,0,0
Aprilia sr motard 50,2015,Scooter,0,0,0,0,0
Peugeot django evasion 50,2015,Scooter,0,0,0,0,0
Honda xrm125 dsx,2015,Scooter,0,0,0,0,0
Honda xrm125 dual sport,2015,Scooter,0,0,0,0,0
Honda xrm125 motard,2015,Scooter,0,0,0,0,0
Suzuki address v125ss,2015,Scooter,0,0,0,0,0
Honda zoomer-x,2015,Scooter,0,0,0,0,0
Ajs firefox 50,2015,Scooter,0,0,0,0,0
Suzuki address v125s limited,2015,Scooter,0,0,0,0,0
Suzuki address v125s,2015,Scooter,0,0,0,0,0
Aprilia sr motard 125,2015,Scooter,0,0,0,0,0
Yamaha vox deluxe,2015,Scooter,0,0,0,0,0
Bmw c 650 gt,2015,Scooter,1,0,0,0,0
Vespa gts supersport,2015,Scooter,0,0,0,0,0
Aprilia scarabeo 125ie,2015,Scooter,0,0,0,0,0
Quadro 3,2015,Scooter,0,0,0,0,0
Yamaha vox,2015,Scooter,0,0,0,0,0
Peugeot streetzone 50,2015,Scooter,0,0,0,0,0
Yamaha axis treet,2015,Scooter,0,0,0,0,0
Suzuki skywave 250 limited,2015,Scooter,0,0,0,0,0
Ajs a9 flight 125,2015,Scooter,0,0,0,1,0
Keeway silverblade 250i,2015,Scooter,0,0,0,0,0
Suzuki address v125g,2015,Scooter,0,0,0,0,0
Vespa gts 300ie touring,2015,Scooter,0,0,0,0,0
Suzuki address v125,2015,Scooter,0,0,0,0,0
Ajs digita 50,2015,Scooter,0,0,0,0,0
Sym citycom s 300i cbs,2015,Scooter,0,0,0,0,0
Yamaha maxam,2015,Scooter,0,0,0,0,0
Aprilia scarabeo 200ie,2015,Scooter,0,0,0,0,0
Peugeot django 125,2015,Scooter,0,0,0,0,0
Peugeot django sport 50,2015,Scooter,0,0,0,0,0
Quadro 4,2015,Scooter,0,0,0,0,0
Wt Motors miami grandvolum,2015,Scooter,0,0,0,0,0
Bmw k 1300 s,2015,Sport,1,1,1,1,0
Daelim roadsport,2015,Sport,0,0,0,0,0
Mv Agusta f4,2015,Sport,1,1,1,1,0
Ducati 1299 panigale,2015,Sport,1,0,1,1,0
Atk gt650r,2015,Sport,1,0,1,1,0
Ktm rc 125,2015,Sport,0,0,0,1,0
Suzuki gsr250s,2015,Sport,0,0,0,0,0
Bmw s 1000 rr,2015,Sport,1,1,1,1,0
Aprilia rsv4 rr,2015,Sport,1,1,1,1,0
Aprilia rsv4 r abs,2015,Sport,1,1,1,1,0
Honda cb110,2015,Sport,0,0,0,0,0
Mv Agusta f4 rr,2015,Sport,1,1,1,1,0
Honda cb500x,2015,Sport,0,0,0,0,0
Honda varadero 125,2015,Sport,0,0,0,0,0
Honda cb400 super bol dor,2015,Sport,0,1,0,0,0
Suzuki hayabusa,2015,Sport,1,1,1,0,0
Bmw hp4,2015,Sport,1,1,1,1,0
Bimota db8,2015,Sport,1,0,1,0,0
Ducati panigale r,2015,Sport,1,0,1,1,0
Ajs nac12 125 mk2,2015,Sport,0,0,0,0,0
Dafra next 250,2015,Sport,0,0,0,0,0
Aprilia rsv4 rf,2015,Sport,1,1,1,1,0
Honda cb125cl,2015,Sport,0,0,0,0,0
Keeway ajax 150,2015,Sport,0,0,0,0,0
Yamaha tzr50,2015,Sport,0,0,0,1,0
Bmw s 1000 r,2015,Sport,1,1,1,1,0
Bimota db8 oronero,2015,Sport,1,0,1,0,0
Honda cbr125r,2015,Sport,0,0,0,0,0
Derbi gpr 125,2015,Sport,0,0,0,0,0
Ajs r7,2015,Sport,0,0,0,0,0
Suzuki hayabusa z,2015,Sport,1,1,1,0,0
Triumph daytona 675 r abs,2015,Sport,1,1,1,1,0
Ktm rc 390,2015,Sport,0,0,0,1,0
Honda cbf125,2015,Sport,0,0,0,0,0
Mv Agusta f3 800,2015,Sport,1,1,1,0,0
Triumph daytona 675,2015,Sport,1,1,1,1,0
Bimota tesi 3d,2015,Sport,1,0,1,0,0
Yamaha mt-07 abs,2015,Sport,1,0,0,0,0
Mv Agusta f3 675,2015,Sport,1,1,1,0,0
Honda cb500x abs,2015,Sport,0,0,0,0,0
Honda cb400 super four,2015,Sport,0,1,0,0,0
Daelim vjf 250,2015,Sport,0,0,0,0,0
Keeway handy 150,2015,Sport,0,0,0,0,0
Zontes tiger 125,2015,Sport,0,0,0,0,0
Aprilia rsv4 factory abs,2015,Sport,1,1,1,1,0
Bmw hp4 carbon,2015,Sport,1,1,1,1,0
Ktm rc 200,2015,Sport,0,0,0,1,0
Mv Agusta f4 r,2015,Sport,1,1,1,1,0
Bmw s 1000 xr,2015,Sport,1,1,1,1,0
Ducati 899 panigale,2015,Sport,1,0,1,1,0
Mv Agusta f3 800 ago,2015,Sport,1,1,1,0,0
Kawasaki ninja 250sl abs,2015,Sport,0,0,0,0,0
Atk gt250r,2015,Sport,0,0,0,0,0
Ducati 1299 panigale s,2015,Sport,1,0,1,1,0
Ktm 1190 rc8 r,2015,Sport,1,0,1,0,0
Keeway city 150,2015,Sport,0,0,0,0,0
Mv Agusta turismo veloce 800,2015,Sport touring,1,1,1,1,0
Mv Agusta turismo veloce lusso 800,2015,Sport touring,1,1,1,1,0
Moto Guzzi norge gt 8v,2015,Sport touring,1,0,1,0,0
Benelli bn 600 gt,2015,Sport touring,1,1,1,0,0
Ducati hyperstrada,2015,Sport touring,1,0,1,1,0
Benelli tre k 1130 amazonas,2015,Sport touring,1,1,1,0,0
Benelli tre-k 1130k,2015,Sport touring,1,1,1,0,0
Mv Agusta stradale 800,2015,Sport touring,1,1,1,1,0
Aprilia dorsoduro 1200,2015,Sport touring,1,0,1,1,0
Benelli tre k 1130,2015,Sport touring,1,1,1,0,0
Suzuki bandit 1250f abs,2015,Sport touring,1,1,1,0,0
Benelli tre-k 1130k amazonas,2015,Sport touring,1,1,1,0,0
Suzuki v-strom 650xt abs,2015,Super motard,1,0,0,1,0
Suzuki v-strom 650xt abs adventure,2015,Super motard,1,0,0,1,0
Triumph tiger 800 xcx,2015,Super motard,1,1,1,1,0
Ducati hypermotard,2015,Super motard,1,0,1,1,0
Derbi senda drd 125 sm,2015,Super motard,0,0,0,1,0
Triumph tiger 800 xrx,2015,Super motard,1,1,1,0,0
Ccm gp 450 adventure,2015,Super motard,0,0,0,1,0
Triumph tiger 800 xc,2015,Super motard,1,1,1,1,0
Ajp pr3 125 supermoto,2015,Super motard,0,0,0,1,0
Ktm 690 smc r abs,2015,Super motard,1,0,0,1,0
Kawasaki d-tracker 125,2015,Super motard,0,0,0,0,0
Kawasaki d-tracker x,2015,Super motard,0,0,0,1,0
Ajp pr4 240 supermoto,2015,Super motard,0,0,0,1,0
Buccimoto br-1f15 motard,2015,Super motard,0,0,0,0,0
Ajp pr3 240 supermoto,2015,Super motard,0,0,0,1,0
Keeway txm 125 s,2015,Super motard,0,0,0,1,0
Triumph tiger 800 abs,2015,Super motard,1,1,1,1,0
Aprilia dorsoduro 750 abs,2015,Super motard,1,0,1,1,0
Ducati hypermotard sp,2015,Super motard,1,0,1,1,0
Qlink mt 250,2015,Super motard,0,0,0,1,0
Triumph tiger 800 xr,2015,Super motard,1,1,1,0,0
Gilera smt 50,2015,Super motard,0,0,0,1,0
Ajs jsm motard,2015,Super motard,0,0,0,1,0
Yamaha tricker,2015,Super motard,0,0,0,0,0
Harley-Davidson road glide,2015,Touring,1,0,1,0,0
California Scooter cyclone rx-3,2015,Touring,0,0,0,0,0
Triumph thunderbird lt abs,2015,Touring,1,0,1,0,0
Qlink tour 250,2015,Touring,0,0,0,0,0
Bmw r 1200 rt,2015,Touring,1,1,1,0,0
Harley-Davidson electra glide ultra classic,2015,Touring,1,0,1,0,0
Harley-Davidson sportster superlow  1200t,2015,Touring,1,0,0,0,0
Big Bear Choppers titanium,2015,Touring,1,0,1,1,0
Harley-Davidson road king,2015,Touring,1,0,1,0,0
Harley-Davidson road glide special,2015,Touring,1,0,1,0,0
Harley-Davidson cvo street glide,2015,Touring,1,0,1,0,0
Harley-Davidson tri glide ultra,2015,Touring,1,0,1,0,0
Moto Guzzi california 1400 touring,2015,Touring,1,0,1,0,0
Bmw k 1600 gtl exclusive,2015,Touring,1,1,1,0,0
Harley-Davidson street glide,2015,Touring,1,0,1,0,0
Harley-Davidson heritage softail classic,2015,Touring,1,0,0,0,0
Harley-Davidson cvo road glide ultra,2015,Touring,1,0,1,0,0
Victory cross country,2015,Touring,1,0,1,0,0
Harley-Davidson dyna switchback,2015,Touring,1,0,1,0,0
Harley-Davidson street glide special,2015,Touring,1,0,1,0,0
Harley-Davidson cvo limited,2015,Touring,1,0,1,0,0
Bmw k 1600 gtl,2015,Touring,1,1,1,0,0
Harley-Davidson electra glide ultra limited low,2015,Touring,1,0,1,0,0
Bmw k 1600 gt,2015,Touring,1,1,1,0,0
Harley-Davidson electra glide ultra limited,2015,Touring,1,0,1,0,0
Triumph tiger explorer,2016,Allround,1,1,1,1,0
Zontes mantis 125,2016,Allround,0,0,0,0,0
Ajs eco-3,2016,Allround,0,0,0,0,0
Lexmoto zsb 125,2016,Allround,0,0,0,0,0
Lexmoto michigan 125,2016,Allround,0,0,0,0,0
Lexmoto arizona 125,2016,Allround,0,0,0,0,0
Honda 400x,2016,Allround,0,0,0,0,0
Honda ape 100,2016,Allround,0,0,0,0,0
Hanway raw 50,2016,Allround,0,0,0,0,0
Hanway raw 125,2016,Allround,0,0,0,0,0
Suzuki grass tracker big boy,2016,Allround,0,0,0,0,0
Honda ftr,2016,Allround,0,0,0,0,0
Mash cafe racer 125,2016,Allround,0,0,0,0,0
Mash cafe racer 250 black edition,2016,Allround,0,0,0,0,0
Aprilia mana 850 gt,2016,Allround,1,0,1,0,0
Mash scrambler 125,2016,Allround,0,0,0,0,0
Mash scrambler 400,2016,Allround,0,0,0,0,0
Sommer diesel 462,2016,Allround,0,1,0,0,0
Mash seventy 125,2016,Allround,0,0,0,0,0
Mash seventy five 125,2016,Allround,0,0,0,0,0
Mash two fifty,2016,Allround,0,0,0,0,0
Ducati multistrada 1200 s d-air,2016,Allround,1,0,1,1,0
Ice Bear 150-19n trike,2016,Allround,0,0,0,0,0
Ice Bear ace 50 trike,2016,Allround,0,0,0,0,0
Ice Bear elf 50 trike,2016,Allround,0,0,0,0,0
Ice Bear hawk 150 trike,2016,Allround,0,0,0,1,0
Ice Bear mojo 150 trike,2016,Allround,0,0,0,1,0
Ice Bear mojo 50 trike,2016,Allround,0,0,0,1,0
Ice Bear pluto 50 trike,2016,Allround,0,0,0,0,0
Ice Bear pst50-19n trike,2016,Allround,0,0,0,0,0
Ice Bear q6 50 trike,2016,Allround,0,0,0,0,0
Ice Bear viking 150 trike,2016,Allround,0,0,0,0,0
Triumph tiger sport,2016,Allround,1,1,1,1,0
Triumph tiger explorer xrx,2016,Allround,1,1,1,1,0
Triumph tiger explorer xrt,2016,Allround,1,1,1,1,0
Triumph tiger explorer xr,2016,Allround,1,1,1,1,0
Triumph tiger explorer xcx,2016,Allround,1,1,1,1,0
Triumph tiger explorer xca,2016,Allround,1,1,1,1,0
Triumph tiger explorer xc,2016,Allround,1,1,1,1,0
Ktm 1290 super adventure,2016,Allround,1,0,1,1,0
Ducati multistrada 1200,2016,Allround,1,0,1,1,0
Ktm 1050 adventure,2016,Allround,1,0,1,1,0
Bmw r 1200 rs,2016,Allround,1,1,1,1,0
Ducati multistrada 1200 pikes peak,2016,Allround,1,0,1,1,0
Ktm 1190 adventure,2016,Allround,1,0,1,1,0
Ktm 1190 adventure r,2016,Allround,1,0,1,1,0
Kawasaki zrx1200 daeg,2016,Allround,1,1,1,0,0
Ducati multistrada 1200 s,2016,Allround,1,0,1,1,0
Di Blasi express 50,2016,Allround,0,1,0,0,0
Bennche gray wolf 500,2016,ATV,0,0,0,1,0
Bennche gray wolf 700,2016,ATV,1,0,0,1,0
Cf Moto cforce 800 25th,2016,ATV,1,0,0,1,0
Cf Moto cforce 550,2016,ATV,0,0,0,1,0
Cf Moto cforce 450,2016,ATV,0,0,0,0,0
Ice Bear pah110-2,2016,ATV,0,0,0,0,0
Cf Moto cforce 800 classic,2016,ATV,1,0,0,1,0
Cleveland ace standard,2016,Classic,0,0,0,0,0
Triumph thruxton 1200,2016,Classic,1,0,1,0,0
Ural dark force,2016,Classic,1,1,0,0,0
Herald classic 250,2016,Classic,0,0,0,0,0
Herald classic 125,2016,Classic,0,0,0,0,0
Ural ct,2016,Classic,1,1,0,0,0
Triumph bonneville,2016,Classic,1,0,0,0,0
Ural cross twd,2016,Classic,1,1,0,0,0
Norton commando 961 sport mk ii,2016,Classic,1,0,1,0,0
Ural cross,2016,Classic,1,1,0,0,0
Cleveland ace scrambler,2016,Classic,0,0,0,0,0
Norton commando 961 sf mk ii,2016,Classic,1,0,1,0,0
Herald vagabond 250,2016,Classic,0,0,0,0,0
Triumph bonneville t214,2016,Classic,1,0,0,0,0
Kikker 5150 hardknock,2016,Classic,0,0,0,0,0
Fb Mondial hipster 250,2016,Classic,0,0,0,0,0
Herald nomad 250,2016,Classic,0,0,0,0,0
Ural gear up,2016,Classic,1,1,0,0,0
Ural ranger,2016,Classic,1,1,0,0,0
Triumph thruxton 1200 r,2016,Classic,1,0,1,0,0
Herald roamer 250,2016,Classic,0,0,0,0,0
Ural scrambler,2016,Classic,1,1,0,0,0
Ural retro,2016,Classic,1,1,0,0,0
Moto Guzzi eldorado,2016,Classic,1,0,1,0,0
Ural t twd,2016,Classic,1,1,0,0,0
Norton commando 961 cafe racer mk ii,2016,Classic,1,0,1,0,0
Herald rambler 250,2016,Classic,0,0,0,0,0
Ural m70,2016,Classic,1,1,0,0,0
Ural tourist,2016,Classic,1,1,0,0,0
Triumph thruxton,2016,Classic,1,0,0,1,0
Norton dominator,2016,Classic,1,0,1,0,0
Moto Guzzi v7 ii stone abs,2016,Classic,1,0,0,0,0
Triumph scrambler,2016,Classic,1,0,0,1,0
Cleveland ace deluxe,2016,Classic,0,0,0,0,0
Cleveland ace cafe,2016,Classic,0,0,0,0,0
Horex vr6 classic,2016,Classic,1,1,1,0,0
Ural sportsman,2016,Classic,1,1,0,0,0
Black Douglas countryman deluxe 250,2016,Classic,0,0,0,1,0
Ural patrol,2016,Classic,1,1,0,0,0
Motors Europe fx200,2016,Cross / motocross,0,0,0,1,0
Motors Europe rx250r,2016,Cross / motocross,0,0,0,1,0
Motors Europe mx4 pro,2016,Cross / motocross,0,0,0,0,0
Husqvarna fc 250,2016,Cross / motocross,0,0,0,1,0
Motors Europe fx250,2016,Cross / motocross,0,0,0,1,0
Motors Europe fx150,2016,Cross / motocross,0,0,0,1,0
Motors Europe fx125x,2016,Cross / motocross,0,0,0,1,0
Husqvarna fc 350,2016,Cross / motocross,0,0,0,1,0
Motors Europe rx250,2016,Cross / motocross,0,0,0,1,0
Husqvarna fc 450,2016,Cross / motocross,0,0,0,1,0
Motors Europe mx4,2016,Cross / motocross,0,0,0,0,0
Ajs daytona 125,2016,Custom / cruiser,0,0,0,0,0
Triumph rocket iii roadster,2016,Custom / cruiser,1,1,1,0,0
Suzuki intruder classic 400,2016,Custom / cruiser,0,0,0,0,0
Atk gv250,2016,Custom / cruiser,0,0,0,0,0
Honda vt1300cx,2016,Custom / cruiser,1,0,0,0,0
Df Motor 250 outlaw chopper,2016,Custom / cruiser,0,0,0,0,0
Harley-Davidson sportster 1200 custom,2016,Custom / cruiser,1,0,0,0,0
Harley-Davidson sportster forty-eight,2016,Custom / cruiser,1,0,0,0,0
Boss Hoss bhc-9 truck trike,2016,Custom / cruiser,1,1,1,0,0
Triumph america,2016,Custom / cruiser,1,0,0,0,0
Harley-Davidson sportster forty-eight dark custom,2016,Custom / cruiser,1,0,0,0,0
Harley-Davidson softail slim s,2016,Custom / cruiser,1,0,1,0,0
Harley-Davidson softail deluxe,2016,Custom / cruiser,1,0,1,0,0
Boss Hoss bhc-9 chevy trike,2016,Custom / cruiser,1,1,1,0,0
Harley-Davidson sportster iron 883,2016,Custom / cruiser,1,0,0,0,0
Harley-Davidson sportster iron 883 dark custom,2016,Custom / cruiser,1,0,0,0,0
Indian scout,2016,Custom / cruiser,1,0,1,0,0
Harley-Davidson sportster seventy-two,2016,Custom / cruiser,1,0,0,0,0
Boss Hoss bhc-3 ls3 ss,2016,Custom / cruiser,1,1,1,0,0
Harley-Davidson sportster seventy-two dark custom,2016,Custom / cruiser,1,0,0,0,0
Harley-Davidson sportster superlow,2016,Custom / cruiser,1,0,0,0,0
Indian scout sixty,2016,Custom / cruiser,1,0,1,0,0
Harley-Davidson fat boy s,2016,Custom / cruiser,1,0,1,0,0
Ice Bear road warrrior 250 trike,2016,Custom / cruiser,0,0,0,0,0
Harley-Davidson street 750 dark custom,2016,Custom / cruiser,1,0,0,0,0
Keeway superlight 200,2016,Custom / cruiser,0,0,0,0,0
Df Motor 250 bubba chopper,2016,Custom / cruiser,0,0,0,0,0
Triumph thunderbird commander,2016,Custom / cruiser,1,0,1,0,0
Triumph thunderbird,2016,Custom / cruiser,1,0,1,0,0
Ajs eos 125,2016,Custom / cruiser,0,0,0,0,0
Harley-Davidson v-rod muscle,2016,Custom / cruiser,1,0,1,0,0
Keeway superlight 125 limited,2016,Custom / cruiser,0,0,0,0,0
Harley-Davidson dyna wide glide,2016,Custom / cruiser,1,0,1,0,0
Harley-Davidson dyna street bob dark custom,2016,Custom / cruiser,1,0,1,0,0
Suzuki boulevard 400,2016,Custom / cruiser,0,0,0,0,0
Harley-Davidson dyna street bob,2016,Custom / cruiser,1,0,1,0,0
Harley-Davidson dyna low rider,2016,Custom / cruiser,1,0,1,0,0
Harley-Davidson dyna fat bob,2016,Custom / cruiser,1,0,1,0,0
Veli vl250 kn,2016,Custom / cruiser,0,0,0,0,0
Suzuki intruder m1800r,2016,Custom / cruiser,1,0,1,0,0
Hyosung st7 d,2016,Custom / cruiser,1,0,1,0,0
Triumph thunderbird storm,2016,Custom / cruiser,1,0,1,0,0
Harley-Davidson softail slim,2016,Custom / cruiser,1,0,1,0,0
Keeway blackster 250 efi,2016,Custom / cruiser,0,0,0,0,0
Kymco venox 250i,2016,Custom / cruiser,0,0,0,0,0
Ajs dd 125e-8,2016,Custom / cruiser,0,0,0,0,0
Hyosung st7,2016,Custom / cruiser,1,0,1,0,0
Harley-Davidson softail fat boy special,2016,Custom / cruiser,1,0,1,0,0
Ajs bobber 125,2016,Custom / cruiser,0,0,0,0,0
Triumph speedmaster,2016,Custom / cruiser,1,0,0,0,0
Triumph thunderbird nightstorm,2016,Custom / cruiser,1,0,1,0,0
Keeway superlight 125 standard,2016,Custom / cruiser,0,0,0,0,0
Dafra horizon 250,2016,Custom / cruiser,0,0,0,0,0
Harley-Davidson 1200 custom limited edition b,2016,Custom / cruiser,1,0,0,0,0
Harley-Davidson 1200 custom limited edition a,2016,Custom / cruiser,1,0,0,0,0
Atk gv650,2016,Custom / cruiser,1,0,1,0,0
Suzuki intruder m1800rbz b o s s,2016,Custom / cruiser,1,0,1,0,0
Victory hammer s,2016,Custom / cruiser,1,0,1,0,0
Daelim daystar 250,2016,Custom / cruiser,0,0,0,0,0
Harley-Davidson softail fat boy,2016,Custom / cruiser,1,0,1,0,0
Harley-Davidson softail breakout,2016,Custom / cruiser,1,0,1,0,0
Hyosung gv250,2016,Custom / cruiser,0,0,0,0,0
Harley-Davidson freewheeler,2016,Custom / cruiser,1,0,1,0,0
Hyosung gv650p,2016,Custom / cruiser,1,0,1,0,0
Xmotos xz250r,2016,Enduro / offroad,0,0,0,1,0
Qlink db 250,2016,Enduro / offroad,0,0,0,1,0
Bmw f 800 gs adventure,2016,Enduro / offroad,1,0,1,1,0
Orion supra 110,2016,Enduro / offroad,0,0,0,0,0
Rokon trail-breaker,2016,Enduro / offroad,0,0,0,0,0
Ktm 350 exc-f six days,2016,Enduro / offroad,0,0,0,1,0
Rieju marathon 125 pro,2016,Enduro / offroad,0,0,0,1,0
Ducati multistrada 1200 enduro,2016,Enduro / offroad,1,0,1,1,0
Bmw f 700 gs,2016,Enduro / offroad,1,0,0,1,0
Bmw r 1200 gs adventure,2016,Enduro / offroad,1,1,1,1,0
Keeway tx2,2016,Enduro / offroad,0,0,0,1,0
Ktm 690 enduro r,2016,Enduro / offroad,1,0,0,1,0
Rokon scout,2016,Enduro / offroad,0,0,0,0,0
California Scooter tt250,2016,Enduro / offroad,0,0,0,1,0
Derbi terra adventure 125,2016,Enduro / offroad,0,0,0,1,0
Cleveland fxr,2016,Enduro / offroad,0,0,0,1,0
Keeway tx 125 enduro,2016,Enduro / offroad,0,0,0,1,0
Xmotos xzp250w,2016,Enduro / offroad,0,0,0,1,0
Bimota dbx,2016,Enduro / offroad,1,0,1,1,0
Gas Gas ec cami 250,2016,Enduro / offroad,0,0,0,1,0
Orion gazelle,2016,Enduro / offroad,0,0,0,0,0
Bmw f 800 gs,2016,Enduro / offroad,1,0,1,1,0
Orion jaguar,2016,Enduro / offroad,0,0,0,1,0
Orion mini jaguar,2016,Enduro / offroad,0,0,0,1,0
Cleveland fxx,2016,Enduro / offroad,0,0,0,1,0
Cleveland hooligun 450x,2016,Enduro / offroad,0,0,0,1,0
Orion rx 250,2016,Enduro / offroad,0,0,0,1,0
Bmw g 650 gs,2016,Enduro / offroad,1,0,0,0,0
Orion kiddy,2016,"Minibike, cross",0,0,0,0,0
Motors Europe mx3,2016,"Minibike, cross",0,0,0,0,0
Motors Europe mx2,2016,"Minibike, cross",0,0,0,0,0
Skyteam cobra,2016,"Minibike, cross",0,0,0,0,0
Ice Bear monkey blade,2016,"Minibike, cross",0,0,0,0,0
Skyteam skymax-pro,2016,"Minibike, cross",0,0,0,0,0
Skyteam v-raptor,2016,"Minibike, sport",0,0,0,0,0
Polini 911 s air 6.2 hp,2016,"Minibike, sport",0,0,0,0,0
Kawasaki ksr pro,2016,"Minibike, sport",0,0,0,0,0
Ducati monster 1200,2016,Naked bike,1,0,1,0,0
Mv Agusta dragster 800,2016,Naked bike,1,1,1,0,0
Triumph street triple r,2016,Naked bike,1,1,1,1,0
Aprilia shiver 750 abs,2016,Naked bike,1,0,1,0,0
Megelli naked 250s,2016,Naked bike,0,0,0,0,0
Ktm 690 duke r,2016,Naked bike,1,0,0,1,0
Ktm 690 duke,2016,Naked bike,1,0,0,1,0
Benelli bn 600 i,2016,Naked bike,1,1,1,0,0
Benelli tnt 1130 r,2016,Naked bike,1,1,1,1,0
Bmw f 800 r,2016,Naked bike,1,0,1,0,0
Horex vr6 snowdance,2016,Naked bike,1,1,1,0,0
Ducati xdiavel s,2016,Naked bike,1,0,1,0,0
Horex vr6 silver edition,2016,Naked bike,1,1,1,0,0
Mv Agusta rivale 800,2016,Naked bike,1,1,1,1,0
Veli vl250gs rz,2016,Naked bike,0,0,0,0,0
Veli vl250gs-r,2016,Naked bike,0,0,0,0,0
Ducati xdiavel,2016,Naked bike,1,0,1,0,0
Ktm 250 duke,2016,Naked bike,0,0,0,0,0
Ktm 200 duke,2016,Naked bike,0,0,0,0,0
Triumph street triple,2016,Naked bike,1,1,1,0,0
Horex vr6 cafe racer,2016,Naked bike,1,1,1,0,0
Horex vr6 black edition,2016,Naked bike,1,1,1,0,0
Ducati monster 821,2016,Naked bike,1,0,1,0,0
Loncin cr5,2016,Naked bike,0,0,0,0,0
Ducati diavel carbon,2016,Naked bike,1,0,1,0,0
Honda vtr 250,2016,Naked bike,0,0,0,0,0
Bimota tesi3d 40th anniversary,2016,Naked bike,1,0,1,0,0
Bimota tesi3d,2016,Naked bike,1,0,1,0,0
Kymco k-pipe 125,2016,Naked bike,0,0,0,0,0
Mv Agusta brutale 1090 rr,2016,Naked bike,1,1,1,1,0
Ktm 125 duke,2016,Naked bike,0,0,0,0,0
Ducati monster 821 dark,2016,Naked bike,1,0,1,0,0
Bimota tesi 3d evo,2016,Naked bike,1,0,1,0,0
Ducati monster 821 stripe,2016,Naked bike,1,0,1,0,0
Cleveland misfit gen ii,2016,Naked bike,0,0,0,0,0
Ducati diavel,2016,Naked bike,1,0,1,0,0
Bimota impeto,2016,Naked bike,1,0,1,0,0
Yamaha mt-07 moto cage,2016,Naked bike,1,0,0,0,0
Mv Agusta f3 675 rc,2016,Naked bike,1,1,1,0,0
Bimota db9 brivido,2016,Naked bike,1,0,1,0,0
Keeway rkv 125,2016,Naked bike,0,0,0,0,0
Confederate x132 hellcat speedster,2016,Naked bike,1,0,1,0,0
Cr&S duu,2016,Naked bike,1,0,1,0,0
Mv Agusta brutale 675,2016,Naked bike,1,1,1,0,0
Bimota db9,2016,Naked bike,1,0,1,0,0
Cr&S vun,2016,Naked bike,1,0,0,0,0
Neander turbo-diesel,2016,Naked bike,1,1,1,0,0
Mv Agusta brutale 800,2016,Naked bike,1,1,1,1,0
Aprilia tuono v4 1100 factory,2016,Naked bike,1,1,1,1,0
Benelli bn 302,2016,Naked bike,0,0,0,0,0
Kymco quannon naked 125,2016,Naked bike,0,0,0,0,0
Honda cb500f,2016,Naked bike,0,0,0,0,0
Atk gt250,2016,Naked bike,0,0,0,0,0
Benelli tornado naked t,2016,Naked bike,0,0,0,0,0
Moto Guzzi audace,2016,Naked bike,1,0,1,0,0
Triumph speed 94,2016,Naked bike,1,1,1,1,0
Honda cb250f,2016,Naked bike,0,0,0,0,0
Triumph speed 94 r,2016,Naked bike,1,1,1,1,0
Triumph speed triple r,2016,Naked bike,1,1,1,1,0
Bimota bb3,2016,Naked bike,1,1,1,1,0
Mv Agusta dragster 800 rr lh44,2016,Naked bike,1,1,1,0,0
Ajs tn25 250,2016,Naked bike,0,0,0,1,0
Ajs tn 12,2016,Naked bike,0,0,0,1,0
Benelli bn 251,2016,Naked bike,0,0,0,0,0
Suzuki gsr 400 abs,2016,Naked bike,0,1,0,0,0
Mv Agusta dragster 800 rr,2016,Naked bike,1,1,1,0,0
Triumph street twin,2016,Naked bike,1,0,0,0,0
Lexmoto aspire 125,2016,Naked bike,0,0,0,0,0
Lexmoto assault 125,2016,Naked bike,0,0,0,0,0
Aprilia tuono v4 1100 rr,2016,Naked bike,1,1,1,1,0
Keeway rks 125,2016,Naked bike,0,0,0,0,0
Keeway rks 150 sport,2016,Naked bike,0,0,0,0,0
Harley-Davidson night rod special,2016,Naked bike,1,0,1,0,0
Lexmoto venom 125,2016,Naked bike,0,0,0,0,0
Lexmoto venom se 125,2016,Naked bike,0,0,0,0,0
Lexmoto zsf 125,2016,Naked bike,0,0,0,0,0
Triumph speed triple rx,2016,Naked bike,1,1,1,1,0
Ducati monster 1200 r,2016,Naked bike,1,0,1,1,0
Hyosung gt250p,2016,Naked bike,0,0,0,1,0
Ducati monster 1200 s,2016,Naked bike,1,0,1,0,0
Vyrus 986 m2,2016,Naked bike,1,0,1,1,0
Mv Agusta brutale 800 rr,2016,Naked bike,1,1,1,0,0
Triumph speed triple s,2016,Naked bike,1,1,1,1,0
Honda super cub concept,2016,Prototype / concept model,0,0,0,0,0
Mv Agusta f3 amg,2016,Prototype / concept model,1,1,1,0,0
Bintelli fury 150,2016,Scooter,0,0,0,0,0
Lexmoto verona 125,2016,Scooter,0,0,0,1,0
Znen heritage 150,2016,Scooter,0,0,0,0,0
Aprilia sr motard 50,2016,Scooter,0,0,0,0,0
Kymco people gt 300i,2016,Scooter,0,0,0,0,0
Linhai aeolus 260,2016,Scooter,0,0,0,0,0
Kymco dj 50 s,2016,Scooter,0,0,0,0,0
Motorino amore 150,2016,Scooter,0,0,0,0,0
Vento street rod,2016,Scooter,0,0,0,0,0
Motorino amore 50,2016,Scooter,0,0,0,0,0
Peugeot tweet evo 125,2016,Scooter,0,0,0,0,0
Znen v9 150,2016,Scooter,0,0,0,0,0
Vespa gts 300,2016,Scooter,0,0,0,0,0
Peugeot django 151,2016,Scooter,0,0,0,0,0
Vespa gts 300 super,2016,Scooter,0,0,0,0,0
Benelli pepe 50,2016,Scooter,0,0,0,0,0
Lexmoto dart 125,2016,Scooter,0,0,0,0,0
Lexmoto diablo 125,2016,Scooter,0,0,0,0,0
Tauris broadway 125,2016,Scooter,0,0,0,0,0
Lexmoto echo 50,2016,Scooter,0,0,0,1,0
Lexmoto fm 50,2016,Scooter,0,0,0,1,0
Keeway zahara 125,2016,Scooter,0,0,0,0,0
Lexmoto fmr 50,2016,Scooter,0,0,0,1,0
Lexmoto fms 125,2016,Scooter,0,0,0,0,0
Lexmoto fmx 125,2016,Scooter,0,0,0,0,0
Lexmoto matador 125,2016,Scooter,0,0,0,0,0
Peugeot speedfight  4,2016,Scooter,0,0,0,0,0
Over b1 50,2016,Scooter,0,0,0,0,0
Peugeot satelis evo 400,2016,Scooter,0,0,0,0,0
Yamaha cygnus x,2016,Scooter,0,0,0,0,0
Over b3 125,2016,Scooter,0,0,0,0,0
Nipponia arte 125,2016,Scooter,0,0,0,0,0
Kymco like 200i,2016,Scooter,0,0,0,0,0
Benelli zenzero 350,2016,Scooter,0,0,0,0,0
Honda sh125i,2016,Scooter,0,0,0,0,0
Nipponia ezio 50,2016,Scooter,0,0,0,0,0
Aprilia srv 850,2016,Scooter,1,0,1,0,0
Vento phantom zx,2016,Scooter,0,0,0,0,0
Znen zenking 150,2016,Scooter,0,0,0,0,0
Vento terra z,2016,Scooter,0,0,0,0,0
Peugeot kisbee 50,2016,Scooter,0,0,0,0,0
Suzuki lets,2016,Scooter,0,0,0,0,0
Lexmoto scout 49,2016,Scooter,0,0,0,0,0
Vespa gts 300 super sport,2016,Scooter,0,0,0,0,0
Lexmoto valencia 125,2016,Scooter,0,0,0,0,0
Honda vision,2016,Scooter,0,0,0,0,0
Keeway ry6 50 2t,2016,Scooter,0,0,0,0,0
Malaguti spidermax rs500,2016,Scooter,0,0,0,0,0
Suzuki skydrive 125,2016,Scooter,0,0,0,0,0
Lexmoto valencia 50,2016,Scooter,0,0,0,0,0
Keeway ry6,2016,Scooter,0,0,0,0,0
Gilera fuoco 500,2016,Scooter,0,0,0,0,0
Honda forza abs,2016,Scooter,0,0,0,0,0
Peugeot satelis evo 300,2016,Scooter,0,0,0,0,0
Peugeot django 125,2016,Scooter,0,0,0,0,0
Znen pathfinder 150,2016,Scooter,0,0,0,1,0
Honda forza 300,2016,Scooter,0,0,0,0,0
Suzuki skywave ss,2016,Scooter,0,0,0,0,0
Bmw c 650 gt,2016,Scooter,1,0,0,0,0
Peugeot satelis evo 125,2016,Scooter,0,0,0,0,0
Daelim aroma 125,2016,Scooter,0,0,0,0,0
Kymco downtown 300i,2016,Scooter,0,0,0,0,0
Motorino riviera 150,2016,Scooter,0,0,0,0,0
Motorino cassini 150,2016,Scooter,0,0,0,0,0
Nipponia vorrei 125,2016,Scooter,0,0,0,0,0
Daelim beagle 50,2016,Scooter,0,0,0,0,0
Daelim dart 125,2016,Scooter,0,0,0,0,0
Lexmoto vienna 125,2016,Scooter,0,0,0,0,0
Keeway silver blade 250efi,2016,Scooter,0,0,0,0,0
Over b3 50,2016,Scooter,0,0,0,0,0
Bmw c 650 sport,2016,Scooter,1,0,0,0,0
Peugeot kisbee 100,2016,Scooter,0,0,0,0,0
Suzuki burgman 125,2016,Scooter,0,0,0,0,0
Sachs madass 125,2016,Scooter,0,0,0,0,0
Daelim steezer,2016,Scooter,0,0,0,0,0
Kymco compagno 110i,2016,Scooter,0,0,0,0,0
Quadro 4,2016,Scooter,0,0,0,0,0
Daelim steezer s,2016,Scooter,0,0,0,0,0
Keeway target 125,2016,Scooter,0,0,0,0,0
Yamaha bws naked,2016,Scooter,0,0,0,0,0
Suzuki skywave 400 type s abs,2016,Scooter,0,0,0,0,0
Aprilia sr motard 125,2016,Scooter,0,0,0,0,0
Over thor 125,2016,Scooter,0,0,0,0,0
Suzuki skywave 400 limited abs,2016,Scooter,0,0,0,0,0
Kymco super 8 150r,2016,Scooter,0,0,0,0,0
Xingyue xy 300 t,2016,Scooter,0,0,0,0,0
Kymco super 8 50r,2016,Scooter,0,0,0,0,0
Piaggio mp3 500 sport,2016,Scooter,0,0,0,0,0
Benelli caffenero 125,2016,Scooter,0,0,0,0,0
Suzuki skywave 250 type s basic,2016,Scooter,0,0,0,0,0
Kymco super 8 50x,2016,Scooter,0,0,0,0,0
Piaggio fly 50 4v,2016,Scooter,0,0,0,0,0
Aprilia mojito 125,2016,Scooter,0,0,0,0,0
Piaggio bv 350 abs,2016,Scooter,0,0,0,0,0
Peugeot django s,2016,Scooter,0,0,0,0,0
Kymco agility 50,2016,Scooter,0,0,0,0,0
Aprilia sr 50 street,2016,Scooter,0,0,0,1,0
Ice Bear maddog 50,2016,Scooter,0,0,0,0,0
Keeway cityblade 150,2016,Scooter,0,0,0,0,0
Kymco xciting 500i abs,2016,Scooter,0,0,0,0,0
Benelli caffenero 150,2016,Scooter,0,0,0,0,0
Keeway cub 110,2016,Scooter,0,0,0,0,0
Peugeot metropolis,2016,Scooter,0,0,0,0,0
Znen sabertooth tiger 150,2016,Scooter,0,0,0,0,0
Benelli macis 125,2016,Scooter,0,0,0,0,0
Kymco agility 125,2016,Scooter,0,0,0,0,0
Benelli macis 150,2016,Scooter,0,0,0,0,0
Keeway hurricane 50 2t,2016,Scooter,0,0,0,0,0
Znen tbx 150,2016,Scooter,0,0,0,0,0
Yamaha vity,2016,Scooter,0,0,0,0,0
Tvs scooty pep,2016,Scooter,0,0,0,0,0
Tvs scooty zest 110,2016,Scooter,0,0,0,0,0
Peugeot vogue 50,2016,Scooter,0,0,0,0,0
Peugeot citystar 125,2016,Scooter,0,0,0,0,0
Znen tbx 260,2016,Scooter,0,0,0,0,0
Peugeot tweet evo 50,2016,Scooter,0,0,0,0,0
Suzuki skywave 250 type m,2016,Scooter,0,0,0,0,0
Kymco quannon 125,2016,Sport,0,0,0,0,0
Honda cb500x,2016,Sport,0,0,0,0,0
Atk gt650r,2016,Sport,1,0,1,1,0
Ducati 959 panigale,2016,Sport,1,0,1,1,0
Mv Agusta f4,2016,Sport,1,1,1,1,0
Ducati 1299 panigale,2016,Sport,1,0,1,1,0
Lexmoto zsx 125,2016,Sport,0,0,0,0,0
Tvs apache rtr 200 4v,2016,Sport,0,0,0,0,0
Bmw hp4,2016,Sport,1,1,1,1,0
Atk gt250r,2016,Sport,0,0,0,0,0
Honda cb400a,2016,Sport,0,1,0,0,0
Ktm rc 250,2016,Sport,0,0,0,1,0
Benelli tornado 302,2016,Sport,0,0,0,0,0
California Scooter rc3,2016,Sport,0,0,0,0,0
Bmw k 1300 s,2016,Sport,1,1,1,1,0
Aprilia rsv4 rr,2016,Sport,1,1,1,1,0
Suzuki hayabusa,2016,Sport,1,1,1,0,0
Megelli sport 250r,2016,Sport,0,0,0,0,0
Kymco ck1 125,2016,Sport,0,0,0,0,0
Bimota db8 sp,2016,Sport,1,0,1,0,0
Aurora hellfire v8,2016,Sport,1,1,1,1,0
Bimota db11,2016,Sport,1,0,1,0,0
Daelim vjf 250,2016,Sport,0,0,0,0,0
Ajs r7,2016,Sport,0,0,0,0,0
Triumph daytona 675 r,2016,Sport,1,1,1,1,0
Yamaha tzr50,2016,Sport,0,0,0,1,0
Bimota db8 oronero,2016,Sport,1,0,1,0,0
Derbi gpr 125,2016,Sport,0,0,0,0,0
Ktm rc 200,2016,Sport,0,0,0,1,0
Aprilia rsv4 rf,2016,Sport,1,1,1,1,0
Bmw s 1000 r,2016,Sport,1,1,1,1,0
Mv Agusta f4 rc,2016,Sport,1,1,1,1,0
Hyosung gt250rc,2016,Sport,0,0,0,1,0
Suzuki gixxer sf,2016,Sport,0,0,0,0,0
Bimota db5 r,2016,Sport,1,0,1,0,0
Bmw s 1000 xr,2016,Sport,1,1,1,1,0
Bimota db8,2016,Sport,1,0,1,0,0
Bmw s 1000 rr,2016,Sport,1,1,1,1,0
Mv Agusta f4 rr,2016,Sport,1,1,1,1,0
Ktm rc 390,2016,Sport,0,0,0,1,0
Mv Agusta f3 800,2016,Sport,1,1,1,0,0
Keeway rk 125,2016,Sport,0,0,0,0,0
Mv Agusta f3 800 ago,2016,Sport,1,1,1,0,0
Mv Agusta f3 800 rc,2016,Sport,1,1,1,0,0
Bimota db8 italia,2016,Sport,1,0,1,0,0
Suzuki gsr250s,2016,Sport,0,0,0,0,0
Hyosung gt250r,2016,Sport,0,0,0,1,0
Ducati panigale r,2016,Sport,1,0,1,1,0
Bimota db5,2016,Sport,1,0,1,0,0
Mv Agusta f3 675,2016,Sport,1,1,1,0,0
Tvs apache rtr 180 abs,2016,Sport,0,0,0,0,0
Suzuki hayabusa z,2016,Sport,1,1,1,0,0
Honda rc213v-s,2016,Sport,1,1,1,1,0
Ducati 1299 panigale s,2016,Sport,1,0,1,1,0
Ktm rc 125,2016,Sport,0,0,0,1,0
Triumph daytona 675,2016,Sport,1,1,1,1,0
Hyosung gt125 comet,2016,Sport,0,0,0,0,0
Moto Guzzi norge gt 8v,2016,Sport touring,1,0,1,0,0
Ducati hyperstrada 939,2016,Sport touring,1,0,1,0,0
Suzuki bandit 1250s abs,2016,Sport touring,1,1,1,0,0
Mv Agusta turismo veloce 800 lusso,2016,Sport touring,1,1,1,1,0
Mv Agusta turismo veloce 800,2016,Sport touring,1,1,1,1,0
Mv Agusta stradale 800,2016,Sport touring,1,1,1,1,0
Benelli bn 600 gt,2016,Sport touring,1,1,1,0,0
Benelli tre 1130 k,2016,Sport touring,1,1,1,1,0
Cleveland hooligun 450r,2016,Super motard,0,0,0,1,0
Kawasaki d-tracker,2016,Super motard,0,0,0,1,0
Triumph tiger 800 xrx low,2016,Super motard,1,1,1,0,0
Triumph tiger 800 xrx,2016,Super motard,1,1,1,0,0
Triumph tiger 800 xr,2016,Super motard,1,1,1,0,0
Husqvarna 701 supermoto,2016,Super motard,1,0,0,1,0
Aprilia dorsoduro 750 abs,2016,Super motard,1,0,1,1,0
Ajs jsm 50,2016,Super motard,0,0,0,1,0
Suzuki v-strom 650xt abs,2016,Super motard,1,0,0,1,0
Over tourer 250,2016,Super motard,0,0,0,0,0
Megelli motard 250m,2016,Super motard,0,0,0,1,0
Triumph tiger 800 xcx low,2016,Super motard,1,1,1,0,0
Suzuki v-strom 650 abs,2016,Super motard,1,0,0,1,0
Bimota db10 rd,2016,Super motard,1,0,1,0,0
Triumph tiger 800 xcx,2016,Super motard,1,1,1,1,0
Derbi senda drd 125 sm,2016,Super motard,0,0,0,1,0
Husqvarna fs 450,2016,Super motard,0,0,0,1,0
Triumph tiger 800 xc,2016,Super motard,1,1,1,1,0
Triumph tiger 800 xca,2016,Super motard,1,1,1,1,0
Ccm gp450,2016,Super motard,0,0,0,1,0
Triumph tiger 800 xrt,2016,Super motard,1,1,1,0,0
Ktm 690 smc r,2016,Super motard,1,0,0,1,0
Bimota dbx  1100,2016,Super motard,1,0,1,0,0
Benelli bx 250 motard,2016,Super motard,0,0,0,1,0
Qlink mt 250,2016,Super motard,0,0,0,1,0
Ducati hypermotard 939 sp,2016,Super motard,1,0,1,1,0
Xmotos x33md 125,2016,Super motard,0,0,0,1,0
Triumph thunderbird lt,2016,Touring,1,0,1,0,0
Can-Am spyder f3-t,2016,Touring,1,1,1,0,0
Can-Am spyder f3-s,2016,Touring,1,1,1,0,0
Triumph trophy se,2016,Touring,1,1,1,0,0
Harley-Davidson cvo street glide,2016,Touring,1,0,1,0,0
Harley-Davidson cvo road glide ultra,2016,Touring,1,0,1,0,0
Can-Am spyder f3 limited,2016,Touring,1,1,1,0,0
Harley-Davidson cvo limited,2016,Touring,1,0,1,0,0
Can-Am spyder f3,2016,Touring,1,1,1,0,0
Harley-Davidson road glide ultra,2016,Touring,1,0,1,0,0
Harley-Davidson sportster superlow  1200t,2016,Touring,1,0,0,0,0
Harley-Davidson road glide special,2016,Touring,1,0,1,0,0
Harley-Davidson road glide,2016,Touring,1,0,1,0,0
Harley-Davidson street glide,2016,Touring,1,0,1,0,0
Bmw r 1200 rt,2016,Touring,1,1,1,0,0
Harley-Davidson street glide special,2016,Touring,1,0,1,0,0
Can-Am spyder rt limited,2016,Touring,1,1,1,0,0
Can-Am spyder rt-s,2016,Touring,1,1,1,0,0
Harley-Davidson tri glide ultra,2016,Touring,1,0,1,0,0
Triumph america lt,2016,Touring,1,0,0,0,0
California Scooter rx-3,2016,Touring,0,0,0,0,0
Moto Guzzi california 1400 touring se,2016,Touring,1,0,1,0,0
Harley-Davidson ultra limited,2016,Touring,1,0,1,0,0
Harley-Davidson heritage softail classic,2016,Touring,1,0,0,0,0
Harley-Davidson electra glide ultra classic low,2016,Touring,1,0,1,0,0
Harley-Davidson ultra limited low,2016,Touring,1,0,1,0,0
Moto Guzzi california 1400 touring,2016,Touring,1,0,1,0,0
Bmw k 1600 gt,2016,Touring,1,1,1,0,0
Harley-Davidson road king classic,2016,Touring,1,0,1,0,0
Harley-Davidson electra glide ultra classic,2016,Touring,1,0,1,0,0
Ice Bear cyclone 150 trike,2016,Touring,0,0,0,0,0
Bmw k 1600 gtl,2016,Touring,1,1,1,0,0
Can-Am spyder st,2016,Touring,1,0,1,0,0
Bmw k 1600 gtl exclusive,2016,Touring,1,1,1,0,0
Can-Am spyder st limited,2016,Touring,1,0,1,0,0
Can-Am spyder st-s,2016,Touring,1,0,1,0,0
Harley-Davidson dyna switchback,2016,Touring,1,0,1,0,0
Ice Bear magnum 300 trike,2016,Touring,0,0,0,1,0
Ice Bear tornado 300 trike,2016,Touring,0,0,0,0,0
Ice Bear zodiac 300 trike,2016,Touring,0,0,0,1,0
Harley-Davidson road king,2016,Touring,1,0,1,0,0
Can-Am spyder rt,2016,Touring,1,1,1,0,0
Can-Am spyder rs,2016,Touring,1,0,1,0,0
Triumph tiger explorer xrx,2017,Allround,1,1,1,1,0
Triumph tiger explorer xrt,2017,Allround,1,1,1,1,0
Brudeli 654l,2017,Allround,1,0,0,1,0
Ktm 1090 adventure r,2017,Allround,1,0,1,1,0
Triumph tiger explorer xca,2017,Allround,1,1,1,1,0
Sinnis retrostar 250,2017,Allround,0,0,0,0,0
Yamaha sz-rr version 2,2017,Allround,0,0,0,0,0
Keeway city 150,2017,Allround,0,0,0,0,0
Ktm 1090 adventure,2017,Allround,1,0,1,1,0
Ducati multistrada 1200 s d air,2017,Allround,1,0,1,1,0
Yamaha saluto disk brake,2017,Allround,0,0,0,0,0
Ducati multistrada 1200 pikes peak,2017,Allround,1,0,1,1,0
Keeway ajax 150,2017,Allround,0,0,0,0,0
Mash black 7,2017,Allround,0,0,0,0,0
Triumph tiger explorer xrx low,2017,Allround,1,1,1,0,0
Herald cafe racer 250,2017,Allround,0,0,0,0,0
Kawasaki zrx1200 daeg,2017,Allround,1,1,1,0,0
Ducati multistrada 1200 s,2017,Allround,1,0,1,1,0
Sinnis cafe 125,2017,Allround,0,0,0,0,0
Ktm 1290 super adventure r,2017,Allround,1,0,1,1,0
Triumph tiger explorer xcx,2017,Allround,1,1,1,1,0
Sinnis max ii 125,2017,Allround,0,0,0,0,0
Herald flat tracker 250,2017,Allround,0,0,0,0,0
Triumph tiger explorer xcx low,2017,Allround,1,1,1,0,0
Triumph tiger explorer xr,2017,Allround,1,1,1,1,0
Sinnis trackstar 125,2017,Allround,0,0,0,0,0
Ktm 1290 super adventure s,2017,Allround,1,0,1,1,0
Yamaha saluto,2017,Allround,0,0,0,0,0
Ducati multistrada 950,2017,Allround,1,0,1,1,0
Wk rt 125 cafe,2017,Allround,0,0,0,0,0
Wk rt 125,2017,Allround,0,0,0,0,0
Ktm 1290 super adventure t,2017,Allround,1,0,1,1,0
Yamaha saluto rx,2017,Allround,0,0,0,0,0
Ducati multistrada 1200,2017,Allround,1,0,1,1,0
Jawa-Cz 660 sportard adenium,2017,Allround,1,0,0,1,0
Bennche gray wolf 700,2017,ATV,1,0,0,1,0
Polaris sportsman 570,2017,ATV,1,0,0,1,0
Polaris sportsman 850 sp,2017,ATV,1,0,1,1,0
Polaris sportsman 450 ho,2017,ATV,0,0,0,1,0
Kymco mxu 500 irs,2017,ATV,0,0,0,1,0
Polaris sportsman 570 sp,2017,ATV,1,0,0,1,0
Polaris sportsman xp 1000,2017,ATV,1,0,1,1,0
Polaris sportsman 850,2017,ATV,1,0,1,1,0
Kymco mxu 300 r,2017,ATV,0,0,0,0,0
Kymco mxu 150 rl,2017,ATV,0,0,0,0,0
Bennche gray wolf 500,2017,ATV,0,0,0,1,0
Herald roamer 250,2017,Classic,0,0,0,0,0
Herald vagabond 250,2017,Classic,0,0,0,0,0
Horex vr6 classic,2017,Classic,1,1,1,0,0
Moto Guzzi eldorado,2017,Classic,1,0,1,0,0
Ducati scrambler full throttle,2017,Classic,1,0,0,0,0
Ducati scrambler classic,2017,Classic,1,0,0,0,0
Ducati scrambler icon,2017,Classic,1,0,0,0,0
Herald classic 125,2017,Classic,0,0,0,0,0
Herald classic 250,2017,Classic,0,0,0,0,0
Vervemoto classic s 250,2017,Classic,0,0,0,0,0
Jawa-Cz 350 retro,2017,Classic,0,0,0,1,0
Norton commando 961 cafe racer mk ii,2017,Classic,1,0,1,0,0
Vervemoto classic s 125,2017,Classic,0,0,0,0,0
Herald nomad 250,2017,Classic,0,0,0,0,0
Fb Mondial hps 125 hipster,2017,Classic,0,0,0,0,0
Fb Mondial hps 250 hipster,2017,Classic,0,0,0,0,0
Ducati scrambler sixty2,2017,Classic,0,0,0,0,0
Vervemoto classic 125,2017,Classic,0,0,0,0,0
Norton commando 961 sf mk ii,2017,Classic,1,0,1,0,0
Triumph thruxton 1200 r,2017,Classic,1,0,1,0,0
Triumph thruxton 1200,2017,Classic,1,0,1,0,0
Norton commando 961 sport mk ii,2017,Classic,1,0,1,0,0
Triumph scrambler,2017,Classic,1,0,0,1,0
Norton dominator,2017,Classic,1,0,1,0,0
Ural ct,2017,Classic,1,1,0,0,0
Ural gear up,2017,Classic,1,1,0,0,0
Ural m70,2017,Classic,1,1,0,0,0
Ural patrol,2017,Classic,1,1,0,0,0
Ural pustinja ii,2017,Classic,1,1,0,0,0
Indian chief vintage,2017,Classic,1,0,0,0,0
Kikker 5150 hardknock,2017,Classic,0,0,0,0,0
Ducati scrambler cafe racer,2017,Classic,1,0,0,0,0
Husqvarna fc 250,2017,Cross / motocross,0,0,0,1,0
Husqvarna tc 125,2017,Cross / motocross,0,0,0,1,0
Husqvarna fc 350,2017,Cross / motocross,0,0,0,1,0
Pitster Pro lxr 250f mx - enduro efi,2017,Cross / motocross,0,0,0,1,0
Husqvarna fc 450,2017,Cross / motocross,0,0,0,1,0
Boss Hoss bhc-9 coupe trike,2017,Custom / cruiser,1,1,1,0,0
Boss Hoss bhc-9 gangsta trike,2017,Custom / cruiser,1,1,1,0,0
Harley-Davidson dyna fat bob,2017,Custom / cruiser,1,0,1,0,0
Harley-Davidson dyna low rider,2017,Custom / cruiser,1,0,1,0,0
Boss Hoss bhc-9 truck trike,2017,Custom / cruiser,1,1,1,0,0
Lifan royal 250,2017,Custom / cruiser,0,0,0,0,0
Boss Hoss bhc-3 ls3,2017,Custom / cruiser,1,1,1,0,0
Indian scout,2017,Custom / cruiser,1,0,1,0,0
Boss Hoss bhc-3 ls3 ss,2017,Custom / cruiser,1,1,1,0,0
Boss Hoss bhc-9 chevy trike,2017,Custom / cruiser,1,1,1,0,0
Keeway superlight 125,2017,Custom / cruiser,0,0,0,0,0
Triumph rocket iii roadster,2017,Custom / cruiser,1,1,1,0,0
Harley-Davidson v-rod muscle,2017,Custom / cruiser,1,0,1,0,0
Hyosung st7 deluxe,2017,Custom / cruiser,1,0,1,0,0
Hyosung st7,2017,Custom / cruiser,1,0,1,0,0
Harley-Davidson dyna wide glide,2017,Custom / cruiser,1,0,1,0,0
Keeway blackster 250,2017,Custom / cruiser,0,0,0,0,0
Hyosung gv650 pro,2017,Custom / cruiser,1,0,1,0,0
Harley-Davidson fat boy special,2017,Custom / cruiser,1,0,0,0,0
Hyosung gv250,2017,Custom / cruiser,0,0,0,0,0
Harley-Davidson freewheeler,2017,Custom / cruiser,1,0,1,0,0
Keeway superlight 125 ltd,2017,Custom / cruiser,0,0,0,0,0
Harley-Davidson street 750,2017,Custom / cruiser,1,0,0,0,0
Harley-Davidson sportster superlow,2017,Custom / cruiser,1,0,0,0,0
Harley-Davidson sportster iron 883,2017,Custom / cruiser,1,0,0,0,0
Mh street evolution 125,2017,Custom / cruiser,0,0,0,0,0
Harley-Davidson sportster forty-eight,2017,Custom / cruiser,1,0,0,0,0
Harley-Davidson sportster 1200 custom,2017,Custom / cruiser,1,0,0,0,0
Harley-Davidson softail slim s,2017,Custom / cruiser,1,0,1,0,0
Harley-Davidson softail slim,2017,Custom / cruiser,1,0,0,0,0
Honda rebel 500,2017,Custom / cruiser,0,0,0,0,0
Harley-Davidson softail fat boy s,2017,Custom / cruiser,1,0,1,0,0
Harley-Davidson softail deluxe,2017,Custom / cruiser,1,0,1,0,0
Harley-Davidson cvo pro street breakout,2017,Custom / cruiser,1,0,1,0,0
Harley-Davidson softail fat boy,2017,Custom / cruiser,1,0,0,0,0
Daelim daystar 250,2017,Custom / cruiser,0,0,0,0,0
Daelim daystar 125,2017,Custom / cruiser,0,0,0,0,0
Indian scout sixty,2017,Custom / cruiser,1,0,1,0,0
Suzuki intruder m1800rbz b o s s,2017,Custom / cruiser,1,0,1,0,0
Harley-Davidson dyna low rider s,2017,Custom / cruiser,1,0,1,0,0
Harley-Davidson softail breakout,2017,Custom / cruiser,1,0,0,0,0
Harley-Davidson dyna street bob,2017,Custom / cruiser,1,0,1,0,0
Triumph thunderbird storm,2017,Custom / cruiser,1,0,1,0,0
Victory octane,2017,Custom / cruiser,1,0,1,0,0
Husqvarna fx 450,2017,Enduro / offroad,0,0,0,1,0
Ducati scrambler desert sled,2017,Enduro / offroad,1,0,0,1,0
Ktm 690 enduro r,2017,Enduro / offroad,1,0,0,1,0
Benelli leoncino trail 500,2017,Enduro / offroad,0,0,0,1,0
Benelli leoncino 500,2017,Enduro / offroad,0,0,0,1,0
Sinnis blade 125,2017,Enduro / offroad,0,0,0,1,0
Mh ranger 125 lc,2017,Enduro / offroad,0,0,0,0,0
Fb Mondial smx 125,2017,Enduro / offroad,0,0,0,1,0
Bmw g 650 gs,2017,Enduro / offroad,1,0,0,0,0
Benelli leoncino,2017,Enduro / offroad,0,0,0,1,0
Bmw r 1200 gs adventure,2017,Enduro / offroad,1,0,1,1,0
Keeway tx 125 enduro,2017,Enduro / offroad,0,0,0,1,0
Herald terra rambler 250,2017,Enduro / offroad,0,0,0,0,0
Lifan x-pect,2017,Enduro / offroad,0,0,0,1,0
Husqvarna fx 350,2017,Enduro / offroad,0,0,0,1,0
California Scooter tt250,2017,Enduro / offroad,0,0,0,1,0
Bmw f 700 gs,2017,Enduro / offroad,1,0,0,1,0
Loncin sx1,2017,Enduro / offroad,0,0,0,1,0
Rieju marathon 125 pro,2017,Enduro / offroad,0,0,0,1,0
Bmw f 800 gs,2017,Enduro / offroad,1,0,1,1,0
Derbi terra adventure 125,2017,Enduro / offroad,0,0,0,1,0
Bmw f 800 gs adventure,2017,Enduro / offroad,1,0,1,1,0
Benelli trk 502,2017,Enduro / offroad,0,0,0,1,0
Ktm 350 exc-f six days,2017,Enduro / offroad,0,0,0,1,0
Herald rambler 250,2017,Enduro / offroad,0,0,0,0,0
Loncin sx2,2017,Enduro / offroad,0,0,0,1,0
Rokon trail-breaker,2017,Enduro / offroad,0,0,0,0,0
Ducati multistrada 1200 enduro,2017,Enduro / offroad,1,0,1,1,0
Hyosung gt250,2017,Naked bike,0,0,0,1,0
Bimota tesi 3d evo,2017,Naked bike,1,0,1,0,0
Yamaha byson fi,2017,Naked bike,0,0,0,0,0
Bimota tesi 3d 40 anniversario,2017,Naked bike,1,0,1,0,0
Bimota tesi 3d,2017,Naked bike,1,0,1,0,0
Bimota impeto,2017,Naked bike,1,0,1,0,0
Mv Agusta dragster 800 rr lh44,2017,Naked bike,1,1,1,0,0
Mv Agusta f3 675 rc,2017,Naked bike,1,1,1,0,0
Bimota db9 brivido s,2017,Naked bike,1,0,1,0,0
Bimota db9 brivido,2017,Naked bike,1,0,1,0,0
Cr&S duu,2017,Naked bike,1,0,1,0,0
Bimota db9,2017,Naked bike,1,0,1,0,0
Neander kraftrad,2017,Naked bike,1,1,1,0,0
Cr&S vun,2017,Naked bike,1,0,0,0,0
Benelli tnt 300,2017,Naked bike,0,0,0,0,0
Honda cb400a,2017,Naked bike,0,1,0,0,0
Honda cb500f,2017,Naked bike,0,0,0,0,0
Honda cb500f abs,2017,Naked bike,0,0,0,0,0
Aprilia tuono v4 1100 factory,2017,Naked bike,1,1,1,1,0
Ducati monster 821 stripe,2017,Naked bike,1,0,1,0,0
Ducati xdiavel s,2017,Naked bike,1,0,1,0,0
Yamaha mt-07 moto cage,2017,Naked bike,1,0,0,0,0
Bmw r ninet scrambler,2017,Naked bike,1,1,1,1,0
Ducati superleggera 1299,2017,Naked bike,1,0,1,1,0
Ducati monster 821,2017,Naked bike,1,0,1,0,0
Keeway rks 200,2017,Naked bike,0,0,0,0,0
Ducati xdiavel,2017,Naked bike,1,0,1,0,0
Ktm 125 duke,2017,Naked bike,0,0,0,1,0
Keeway rks 150 sport,2017,Naked bike,0,0,0,0,0
Mh nk3 125,2017,Naked bike,0,0,0,0,0
Ducati monster 797,2017,Naked bike,1,0,0,0,0
Ducati monster 1200 s,2017,Naked bike,1,0,1,0,0
Ducati monster 1200 r,2017,Naked bike,1,0,1,1,0
Vyrus 986 m2,2017,Naked bike,1,0,1,1,0
Ducati monster 1200,2017,Naked bike,1,0,1,0,0
Ktm 1290 super duke gt,2017,Naked bike,1,0,1,1,0
Ktm 1290 super duke r,2017,Naked bike,1,0,1,1,0
Benelli bn 600 i,2017,Naked bike,1,1,1,0,0
Ktm 250 duke,2017,Naked bike,0,0,0,0,0
Benelli tnt 600,2017,Naked bike,1,1,1,0,0
Ducati diavel diesel,2017,Naked bike,1,0,1,0,0
Benelli tnt 25,2017,Naked bike,0,0,0,0,0
Ducati diavel carbon,2017,Naked bike,1,0,1,0,0
Mv Agusta rivale 800,2017,Naked bike,1,1,1,1,0
Mv Agusta brutale 1090 rr,2017,Naked bike,1,1,1,1,0
Aprilia shiver sport 750 abs,2017,Naked bike,1,0,1,0,0
Ktm 390 duke,2017,Naked bike,0,0,0,1,0
Ducati diavel,2017,Naked bike,1,0,1,0,0
Mv Agusta brutale 800,2017,Naked bike,1,1,1,1,0
Triumph speed triple r,2017,Naked bike,1,1,1,1,0
Aprilia shiver 900,2017,Naked bike,1,0,1,0,0
Aprilia shiver 750 abs,2017,Naked bike,1,0,1,0,0
Ktm 690 duke,2017,Naked bike,1,0,0,1,0
Ktm 690 duke r,2017,Naked bike,1,0,0,1,0
Benelli tnt 135,2017,Naked bike,0,0,0,0,0
Benelli tnt 1130 r,2017,Naked bike,1,1,1,1,0
Aprilia tuono v4 1100 rr,2017,Naked bike,1,1,1,1,0
Harley-Davidson night rod special,2017,Naked bike,1,0,1,0,0
Triumph speed triple s,2017,Naked bike,1,1,1,1,0
Avinton originale,2017,Naked bike,1,0,1,0,0
Keeway rks 125,2017,Naked bike,0,0,0,0,0
Mv Agusta brutale 800 rr,2017,Naked bike,1,1,1,0,0
Bimota bb3,2017,Naked bike,1,1,1,1,0
Triumph street cup,2017,Naked bike,1,0,0,0,0
Triumph street scrambler,2017,Naked bike,1,0,0,0,0
Benelli bn 302,2017,Naked bike,0,0,0,0,0
Triumph street triple r,2017,Naked bike,1,1,1,0,0
Lexmoto viper 125,2017,Naked bike,0,0,0,0,0
Lexmoto venom 125 efi,2017,Naked bike,0,0,0,0,0
Harley-Davidson sportster roadster,2017,Naked bike,1,0,0,0,0
Mv Agusta dragster 800,2017,Naked bike,1,1,1,0,0
Yamaha fz25,2017,Naked bike,0,0,0,0,0
Benelli tornado tnt 125,2017,Naked bike,0,0,0,0,0
Keeway rkv 125,2017,Naked bike,0,0,0,0,0
Triumph street triple rs,2017,Naked bike,1,1,1,0,0
Mv Agusta dragster 800 rc,2017,Naked bike,1,1,1,0,0
Triumph street triple s,2017,Naked bike,1,1,1,0,0
Horex vr6 cafe racer,2017,Naked bike,1,1,1,0,0
Benelli bn 251,2017,Naked bike,0,0,0,0,0
Triumph street twin,2017,Naked bike,1,0,0,0,0
Mv Agusta dragster 800 rr,2017,Naked bike,1,1,1,0,0
Honda vtr-f 250,2017,Naked bike,0,0,0,0,0
Kymco k-pipe 125,2017,Naked bike,0,0,0,0,0
Yamaha v-ixion advance,2017,Naked bike,0,0,0,0,0
Bimota tesi 3d naked,2017,Naked bike,1,0,1,0,0
Loncin reiz,2017,Scooter,0,0,0,1,0
Keeway silverblade 250,2017,Scooter,0,0,0,0,0
Keeway zahara 125,2017,Scooter,0,0,0,0,0
Keeway kee 100,2017,Scooter,0,0,0,0,0
Keeway goccia 50,2017,Scooter,0,0,0,0,0
Yamaha x-ride,2017,Scooter,0,0,0,0,0
Aprilia srv 850,2017,Scooter,1,0,1,0,0
Yamaha ray z,2017,Scooter,0,0,0,0,0
Aprilia sr motard 50,2017,Scooter,0,0,0,0,0
Quadro 4 steinbock,2017,Scooter,0,0,0,0,0
Aprilia sr motard 125,2017,Scooter,0,0,0,0,0
Yamaha ray zr,2017,Scooter,0,0,0,0,0
Yamaha mio z,2017,Scooter,0,0,0,0,0
Yamaha mio m3 125 aks sss,2017,Scooter,0,0,0,0,0
Yamaha mio m3 125,2017,Scooter,0,0,0,0,0
Yamaha jupiter z1,2017,Scooter,0,0,0,0,0
Yamaha jupiter mx king 150,2017,Scooter,0,0,0,0,0
Bmw c 650 sport,2017,Scooter,1,0,0,0,0
Bmw c 650 gt,2017,Scooter,1,0,0,0,0
Yamaha jupiter mx 150,2017,Scooter,0,0,0,0,0
Kymco agility 125,2017,Scooter,0,0,0,0,0
Kymco agility 50,2017,Scooter,0,0,0,0,0
Kymco agility city 125i cbs,2017,Scooter,0,0,0,1,0
Kymco agility rs 50,2017,Scooter,0,0,0,0,0
Kymco city plus 50,2017,Scooter,0,0,0,0,0
Piaggio mp3 500ie business,2017,Scooter,0,0,0,0,0
Kymco compagno 110i,2017,Scooter,0,0,0,0,0
Kymco dj 50 s,2017,Scooter,0,0,0,0,0
Kymco downtown 125i abs,2017,Scooter,0,0,0,0,0
Bintelli bolt 49,2017,Scooter,0,0,0,0,0
Honda wave 110i,2017,Scooter,0,0,0,0,0
Yamaha fino 125 blue core - grande,2017,Scooter,0,0,0,0,0
Kymco downtown 300i,2017,Scooter,0,0,0,0,0
Bintelli bolt 150,2017,Scooter,0,0,0,0,0
Yamaha fino 125 blue core,2017,Scooter,0,0,0,0,0
Yamaha fascino,2017,Scooter,0,0,0,0,0
Honda vision 110,2017,Scooter,0,0,0,0,0
Yamaha soul gt,2017,Scooter,0,0,0,0,0
Yamaha soul gt aks sss,2017,Scooter,0,0,0,0,0
Kymco like 125,2017,Scooter,0,0,0,0,0
Honda super cub pro 50,2017,Scooter,0,0,0,0,0
Honda super cub pro 110,2017,Scooter,0,0,0,0,0
Kymco like 200i,2017,Scooter,0,0,0,0,0
Honda sh125i,2017,Scooter,0,0,0,0,0
Honda forza,2017,Scooter,0,0,0,0,0
Honda faze,2017,Scooter,0,0,0,0,0
Daelim b-bone,2017,Scooter,0,0,0,0,0
Honda click 125i,2017,Scooter,0,0,0,0,0
Daelim dart 125,2017,Scooter,0,0,0,0,0
Kymco people gt 300i,2017,Scooter,0,0,0,0,0
Kymco people gt 300i abs,2017,Scooter,0,0,0,0,0
Daelim s1,2017,Scooter,0,0,0,0,0
Sinnis street 50,2017,Scooter,0,0,0,0,0
Daelim steezer,2017,Scooter,0,0,0,0,0
Honda aviator,2017,Scooter,0,0,0,0,0
Honda activa i deluxe,2017,Scooter,0,0,0,0,0
Honda activa i,2017,Scooter,0,0,0,0,0
Kymco super 8 50,2017,Scooter,0,0,0,0,0
Kymco super 8 50x,2017,Scooter,0,0,0,0,0
Kymco xciting 400i abs,2017,Scooter,0,0,0,0,0
Kymco xciting 500 ri abs,2017,Scooter,0,0,0,0,0
Vespa gts 150,2017,Scooter,0,0,0,0,0
Vespa gts 300,2017,Scooter,0,0,0,0,0
Lexmoto diablo 125 efi,2017,Scooter,0,0,0,0,0
Vespa gts super 125,2017,Scooter,0,0,0,0,0
Vespa gts super 300,2017,Scooter,0,0,0,0,0
Vespa gts touring 300,2017,Scooter,0,0,0,0,0
Linhai aeolus mainstreet 300,2017,Scooter,0,0,0,0,0
Linhai aeolus passportz 50,2017,Scooter,0,0,0,0,0
Linhai aeolus prescott 50xt,2017,Scooter,0,0,0,0,0
Linhai aeolus retro 150,2017,Scooter,0,0,0,0,0
Linhai prescott 150 xt-3,2017,Scooter,0,0,0,0,0
Suzuki skydrive 125,2017,Scooter,0,0,0,0,0
Vespa gtv 300,2017,Scooter,0,0,0,0,0
Vespa px 125,2017,Scooter,0,0,0,0,0
Vespa settantesimo,2017,Scooter,0,0,0,0,0
Suzuki burgman 125,2017,Scooter,0,0,0,0,0
Sachs speedjet rs,2017,Scooter,0,0,0,0,0
Scomadi tl 125,2017,Scooter,0,0,0,0,0
Scomadi tl 200,2017,Scooter,0,0,0,0,0
Scomadi tl50,2017,Scooter,0,0,0,0,0
Gilera fuoco 500,2017,Scooter,0,0,0,0,0
Wk vs125,2017,Scooter,0,0,0,0,0
Wk vs50,2017,Scooter,0,0,0,0,0
Sinnis encanto 50,2017,Scooter,0,0,0,0,0
Sinnis shuttle 125,2017,Scooter,0,0,0,0,0
Sinnis matrix ii 125,2017,Scooter,0,0,0,0,0
Sinnis phoenix 50,2017,Scooter,0,0,0,0,0
Sinnis prime 50,2017,Scooter,0,0,0,0,0
Yamaha vity,2017,Scooter,0,0,0,0,0
Keeway target 125,2017,Scooter,0,0,0,0,0
Derbi gpr 125,2017,Sport,0,0,0,0,0
Suzuki hayabusa,2017,Sport,1,1,1,0,0
Bmw s 1000 r,2017,Sport,1,1,1,1,0
Daelim roadsport 250,2017,Sport,0,0,0,0,0
Ktm rc 125,2017,Sport,0,0,0,1,0
Honda cbr400r,2017,Sport,0,0,0,0,0
Bimota db8,2017,Sport,1,0,1,0,0
Ktm rc 250,2017,Sport,0,0,0,1,0
Honda cbr150r,2017,Sport,0,0,0,0,0
Mv Agusta f3 800,2017,Sport,1,1,1,0,0
Swm gran turismo,2017,Sport,0,0,0,0,0
Honda cb500x,2017,Sport,0,0,0,0,0
Honda rc213v-s,2017,Sport,1,1,1,1,0
Lifan kp-200,2017,Sport,0,0,0,0,0
Bimota db8 italia,2017,Sport,1,0,1,0,0
Ktm rc 200,2017,Sport,0,0,0,1,0
Ducati 959 panigale,2017,Sport,1,0,1,1,0
Keeway rks 125 sport,2017,Sport,0,0,0,0,0
Suzuki gsx-s1000 carbon edition,2017,Sport,1,1,1,0,0
Honda cbf125,2017,Sport,0,0,0,0,0
Bmw s 1000 xr,2017,Sport,1,1,1,1,0
Bimota db11,2017,Sport,1,0,1,0,0
Daelim roadsport 125,2017,Sport,0,0,0,0,0
Ducati supersport,2017,Sport,1,0,1,0,0
Bimota db8 sp,2017,Sport,1,0,1,0,0
Kymco ck1 125,2017,Sport,0,0,0,0,0
Ktm rc 390,2017,Sport,0,0,0,1,0
Lifan kpr 200,2017,Sport,0,0,0,0,0
Yamaha yzf-r1m,2017,Sport,1,1,1,1,0
Mv Agusta f3 675,2017,Sport,1,1,1,0,0
Keeway handy 150,2017,Sport,0,0,0,0,0
Aurora hellfire v8,2017,Sport,1,1,1,1,0
Bimota db5 r,2017,Sport,1,0,1,0,0
Mh street 125 ac,2017,Sport,0,0,0,0,0
Mv Agusta f4 rr,2017,Sport,1,1,1,1,0
Jawa-Cz 350 style,2017,Sport,0,0,0,1,0
Megelli sport 250r,2017,Sport,0,0,0,0,0
Suzuki gixxer sf,2017,Sport,0,0,0,0,0
Ducati 1299 panigale s anniversario,2017,Sport,1,0,1,1,0
Ducati 1299 panigale s,2017,Sport,1,0,1,1,0
Ducati panigale r,2017,Sport,1,0,1,1,0
Mv Agusta f4 rc,2017,Sport,1,1,1,1,0
Suzuki hayabusa z,2017,Sport,1,1,1,0,0
Ducati 1299 panigale,2017,Sport,1,0,1,1,0
Loncin gp250,2017,Sport,0,0,0,0,0
Jawa-Cz 350 military,2017,Sport,0,0,0,1,0
Wk 650i,2017,Sport,1,0,0,0,0
Loncin gp200,2017,Sport,0,0,0,0,0
California Scooter rc3,2017,Sport,0,0,0,0,0
Bimota db8 oronero,2017,Sport,1,0,1,0,0
Mv Agusta f3 800 rc,2017,Sport,1,1,1,0,0
Hyosung gt250r,2017,Sport,0,0,0,1,0
California Scooter rz3,2017,Sport,0,0,0,0,0
Keeway rk 125,2017,Sport,0,0,0,0,0
Yamaha mt-09 tracer,2017,Sport,1,1,1,1,0
Ducati supersport s,2017,Sport,1,0,1,0,0
Sachs xtc-s 50,2017,Sport,0,0,0,0,0
Aprilia rsv4 rr,2017,Sport,1,1,1,1,0
Triumph daytona 675 r,2017,Sport,1,1,1,1,0
Honda cb unicorn 160,2017,Sport,0,0,0,0,0
Aprilia rsv4 rf,2017,Sport,1,1,1,1,0
Daelim vjf 250,2017,Sport,0,0,0,0,0
Mv Agusta f4,2017,Sport,1,1,1,1,0
Benelli bn 302 r,2017,Sport,0,0,0,0,0
Benelli tre 1130 k,2017,Sport touring,1,1,1,1,0
Bmw f 800 gt,2017,Sport touring,1,0,1,0,0
Moto Guzzi norge gt 8v,2017,Sport touring,1,0,1,0,0
Mv Agusta stradale 800,2017,Sport touring,1,1,1,1,0
Benelli bn 600 gt,2017,Sport touring,1,1,1,0,0
Mv Agusta turismo veloce 800,2017,Sport touring,1,1,1,1,0
Mv Agusta turismo veloce 800 rc,2017,Sport touring,1,1,1,1,0
Benelli tnt 600 gt,2017,Sport touring,1,1,1,0,0
Mv Agusta turismo veloce 800 lusso,2017,Sport touring,1,1,1,1,0
Suzuki bandit 1250s abs,2017,Sport touring,1,1,1,0,0
Aprilia dorsoduro 900,2017,Super motard,1,0,1,1,0
Aprilia dorsoduro 750 abs,2017,Super motard,1,0,1,1,0
Bimota db10 rd,2017,Super motard,1,0,1,0,0
Triumph tiger 800 xrx,2017,Super motard,1,1,1,0,0
Triumph tiger 800 xrx low,2017,Super motard,1,1,1,0,0
Fb Mondial smt 125,2017,Super motard,0,0,0,1,0
Ducati hypermotard 939 sp,2017,Super motard,1,0,1,1,0
Jawa-Cz 660 sportard,2017,Super motard,1,0,0,1,0
Suzuki v-strom 650xt abs,2017,Super motard,1,0,0,1,0
Suzuki v-strom 650,2017,Super motard,1,0,0,1,0
Ccm gp450 s,2017,Super motard,0,0,0,1,0
Bimota dbx  1100,2017,Super motard,1,0,1,0,0
Ccm gp450 rs,2017,Super motard,0,0,0,1,0
Husqvarna 701 supermoto,2017,Super motard,1,0,0,1,0
Ccm gp450 adventure,2017,Super motard,0,0,0,1,0
Derbi senda drd 125 sm,2017,Super motard,0,0,0,1,0
Lifan kp mini,2017,Super motard,0,0,0,0,0
Husqvarna fs 450,2017,Super motard,0,0,0,1,0
Triumph tiger 800 xrt,2017,Super motard,1,1,1,0,0
Keeway dream,2017,Super motard,0,0,0,1,0
Triumph tiger 800 xcx,2017,Super motard,1,1,1,1,0
Linhai aeolus denali 125 fx,2017,Super motard,0,0,0,0,0
Triumph tiger 800 xcx low,2017,Super motard,1,1,1,0,0
Ktm 690 smc r,2017,Super motard,1,0,0,1,0
Triumph tiger 800 xr,2017,Super motard,1,1,1,0,0
Keeway txm 125,2017,Super motard,0,0,0,1,0
Kawasaki d-tracker x,2017,Super motard,0,0,0,1,0
Kawasaki d-tracker,2017,Super motard,0,0,0,1,0
Triumph tiger 800 xca,2017,Super motard,1,1,1,1,0
Harley-Davidson ultra limited,2017,Touring,1,0,1,0,0
Harley-Davidson street glide special,2017,Touring,1,0,1,0,0
Victory police commander i,2017,Touring,1,0,1,0,0
Triumph rocket iii touring,2017,Touring,1,1,1,0,0
Harley-Davidson road king,2017,Touring,1,0,1,0,0
Harley-Davidson tri glide ultra,2017,Touring,1,0,1,0,0
Victory police commander ii,2017,Touring,1,0,1,0,0
Harley-Davidson cvo limited,2017,Touring,1,0,1,0,0
Harley-Davidson electra glide ultra classic,2017,Touring,1,0,1,0,0
Harley-Davidson cvo street glide,2017,Touring,1,0,1,0,0
Harley-Davidson road glide ultra,2017,Touring,1,0,1,0,0
Victory police stealth commander i,2017,Touring,1,0,1,0,0
Triumph trophy se,2017,Touring,1,1,1,0,0
Moto Guzzi california se,2017,Touring,1,0,1,0,0
Wk 650tr,2017,Touring,1,0,0,0,0
Bmw k 1600 gtl,2017,Touring,1,1,1,0,0
Harley-Davidson road glide special,2017,Touring,1,0,1,0,0
Triumph thunderbird lt,2017,Touring,1,0,1,0,0
Harley-Davidson heritage softail classic,2017,Touring,1,0,1,0,0
California Scooter rx3,2017,Touring,0,0,0,0,0
Harley-Davidson street glide,2017,Touring,1,0,1,0,0
Harley-Davidson road glide,2017,Touring,1,0,1,0,0
Harley-Davidson sportster superlow  1200t,2017,Touring,1,0,0,0,0
Moto Guzzi california 1400 touring,2017,Touring,1,0,1,0,0
Harley-Davidson ultra limited low,2017,Touring,1,0,1,0,0
Clipic hit80g,2017,Trial,0,0,0,0,0
Clipic hit65g,2017,Trial,0,0,0,0,0
Triumph tiger 1200 xrt,2018,Allround,1,1,1,1,0
Um renegade commando,2018,Allround,0,0,0,0,0
Hanway blackcafe 125,2018,Allround,0,0,0,0,0
Ktm 1290 super adventure s,2018,Allround,1,0,1,1,0
Mash dirt track 125,2018,Allround,0,0,0,0,0
Yamaha saluto,2018,Allround,0,0,0,0,0
Herald scrambler 125,2018,Allround,0,0,0,0,0
Triumph tiger 1200 xca,2018,Allround,1,1,1,1,0
Keeway brusco 125,2018,Allround,0,0,0,0,0
Mh bogga 125,2018,Allround,0,0,0,0,0
Benelli trk 251,2018,Allround,0,0,0,1,0
Ducati multistrada 1260 s,2018,Allround,1,0,1,1,0
Hanway muscle 125,2018,Allround,0,0,0,0,0
Triumph tiger 1200 xrx,2018,Allround,1,1,1,1,0
Hanway muscle 50,2018,Allround,0,0,0,0,0
Keeway hyperbrusco 175,2018,Allround,0,0,0,0,0
Triumph tiger 1200 xrx low,2018,Allround,1,1,1,0,0
Ajs tempest scrambler 125,2018,Allround,0,0,0,0,0
Ktm 1090 adventure,2018,Allround,1,0,1,1,0
Ducati multistrada 950,2018,Allround,1,0,1,1,0
Ktm 1290 super adventure r,2018,Allround,1,0,1,1,0
Yuki 125 manxman,2018,Allround,0,0,0,0,0
California Scooter sg250 cafe racer,2018,Allround,0,0,0,0,0
Triumph tiger 1200 xr,2018,Allround,1,1,1,1,0
Benelli trk 502,2018,Allround,0,0,0,0,0
Ducati multistrada 1260 d-air,2018,Allround,1,0,1,1,0
Yuki 250i manxcafe,2018,Allround,0,0,0,0,0
Ktm 1090 adventure r,2018,Allround,1,0,1,1,0
Yuki 125i manxcafe,2018,Allround,0,0,0,0,0
Bintelli beast 49,2018,Allround,0,0,0,0,0
Lexmoto tempest 125,2018,Allround,0,0,0,0,0
Ducati multistrada 1260 pikes peak,2018,Allround,1,0,1,1,0
Hanway blackcafe 50,2018,Allround,0,0,0,0,0
Triumph tiger 1200 xcx,2018,Allround,1,1,1,1,0
Bennche mb200,2018,Allround,0,0,0,0,0
Ducati multistrada 1260,2018,Allround,1,0,1,1,0
Yuki 125 manxman s,2018,Allround,0,0,0,0,0
Benelli trk 502 x,2018,Allround,0,0,0,1,0
Sommer hatz 1b50 diesel,2018,Allround,0,1,0,0,0
Kawasaki versys  650 abs,2018,Allround,1,0,0,1,0
Aeon crossland 600 efi,2018,ATV,1,0,0,1,0
Aeon cobra supermoto,2018,ATV,0,0,0,0,0
Aeon overland 200 t3,2018,ATV,0,0,0,0,0
Ducati scrambler full throttle,2018,Classic,1,0,0,0,0
Ajs tempest roadster 125,2018,Classic,0,0,0,0,0
Triumph thruxton 1200 r,2018,Classic,1,0,1,0,0
Ajs cadwell clubman 125,2018,Classic,0,0,0,0,0
Ducati scrambler cafe racer,2018,Classic,1,0,0,0,0
Triumph bonneville speedmaster,2018,Classic,1,0,1,0,0
Ducati scrambler 1100 special,2018,Classic,1,0,1,0,0
Triumph bonneville t100,2018,Classic,1,0,0,0,0
Triumph thruxton 1200,2018,Classic,1,0,1,0,0
Horex vr6 classic hl,2018,Classic,1,1,1,0,0
Benelli imperiale 400,2018,Classic,0,0,0,0,0
Ducati scrambler icon,2018,Classic,1,0,0,0,0
Horex vr6 classic,2018,Classic,1,1,1,0,0
Ducati scrambler mach 2.0,2018,Classic,1,0,0,0,0
Moto Guzzi v7 iii milano,2018,Classic,1,0,0,0,0
Ducati scrambler 1100,2018,Classic,1,0,1,0,0
Triumph bonneville bobber,2018,Classic,1,0,1,0,0
Ducati scrambler sixty2,2018,Classic,0,0,0,0,0
Triumph bonneville t100 black,2018,Classic,1,0,0,0,0
Black Douglas sport sapphire,2018,Classic,0,0,0,1,0
Ducati scrambler street classic,2018,Classic,1,0,0,0,0
Triumph bonneville t120,2018,Classic,1,0,1,0,0
Norton dominator,2018,Classic,1,0,1,0,0
Moto Guzzi v7 ii stornello,2018,Classic,1,0,0,0,0
Norton commando 961 cafe racer mk ii,2018,Classic,1,0,1,0,0
Fb Mondial pagani 1948,2018,Classic,0,0,0,0,0
Triumph bonneville bobber black,2018,Classic,1,0,1,0,0
Ducati scrambler 1100 sport,2018,Classic,1,0,1,0,0
Triumph bonneville t120 black,2018,Classic,1,0,1,0,0
Norton commando 961 sport mk ii,2018,Classic,1,0,1,0,0
Hanway hs125i scrambler,2018,Classic,0,0,0,0,0
Ducati scrambler classic,2018,Classic,1,0,0,0,0
Black Douglas jade wonder imperial,2018,Classic,0,0,0,1,0
Fb Mondial sport classic 125,2018,Classic,0,0,0,0,0
Husqvarna fc 450,2018,Cross / motocross,0,0,0,1,0
Husqvarna tc 125,2018,Cross / motocross,0,0,0,1,0
Husqvarna fc 350,2018,Cross / motocross,0,0,0,1,0
Husqvarna fc 250,2018,Cross / motocross,0,0,0,1,0
Herald phantom 250,2018,Custom / cruiser,0,0,0,0,0
Honda rebel 500 abs,2018,Custom / cruiser,0,0,0,0,0
Harley-Davidson street rod dark custom,2018,Custom / cruiser,1,0,0,0,0
Harley-Davidson street rod,2018,Custom / cruiser,1,0,0,0,0
Harley-Davidson street 750 dark custom,2018,Custom / cruiser,1,0,0,0,0
Harley-Davidson street 750,2018,Custom / cruiser,1,0,0,0,0
Harley-Davidson sportster superlow,2018,Custom / cruiser,1,0,0,0,0
Harley-Davidson sportster iron 883 dark custom,2018,Custom / cruiser,1,0,0,0,0
Harley-Davidson sportster iron 883,2018,Custom / cruiser,1,0,0,0,0
Triumph thunderbird,2018,Custom / cruiser,1,0,1,0,0
Harley-Davidson sportster forty-eight dark custom,2018,Custom / cruiser,1,0,0,0,0
Harley-Davidson sportster forty-eight,2018,Custom / cruiser,1,0,0,0,0
Harley-Davidson sportster 1200 custom,2018,Custom / cruiser,1,0,0,0,0
Harley-Davidson sport glide,2018,Custom / cruiser,1,0,1,0,0
Harley-Davidson softail street bob dark custom,2018,Custom / cruiser,1,0,1,0,0
Harley-Davidson softail street bob,2018,Custom / cruiser,1,0,1,0,0
Harley-Davidson softail slim,2018,Custom / cruiser,1,0,1,0,0
Harley-Davidson softail low rider,2018,Custom / cruiser,1,0,1,0,0
Harley-Davidson softail heritage classic 114,2018,Custom / cruiser,1,0,1,0,0
Harley-Davidson softail heritage classic,2018,Custom / cruiser,1,0,1,0,0
Harley-Davidson softail fat boy 114,2018,Custom / cruiser,1,0,1,0,0
Harley-Davidson softail fat boy,2018,Custom / cruiser,1,0,1,0,0
Harley-Davidson softail fat bob dark custom,2018,Custom / cruiser,1,0,1,0,0
Harley-Davidson softail fat bob 114,2018,Custom / cruiser,1,0,1,0,0
Triumph thunderbird commander,2018,Custom / cruiser,1,0,1,0,0
Harley-Davidson softail fat bob,2018,Custom / cruiser,1,0,1,0,0
Harley-Davidson softail deluxe,2018,Custom / cruiser,1,0,1,0,0
Harley-Davidson softail breakout 114,2018,Custom / cruiser,1,0,1,0,0
Harley-Davidson softail breakout,2018,Custom / cruiser,1,0,1,0,0
Harley-Davidson freewheeler,2018,Custom / cruiser,1,0,1,0,0
Hyosung st 700i,2018,Custom / cruiser,1,0,0,0,0
Harley-Davidson dyna low rider s dark custom,2018,Custom / cruiser,1,0,1,0,0
Indian scout sixty,2018,Custom / cruiser,1,0,1,0,0
Triumph thunderbird storm,2018,Custom / cruiser,1,0,1,0,0
Harley-Davidson 115th anniversary heritage classic 114,2018,Custom / cruiser,1,0,1,0,0
Harley-Davidson 115th anniversary forty-eight,2018,Custom / cruiser,1,0,0,0,0
Harley-Davidson 115th anniversary fat boy 114 (anv),2018,Custom / cruiser,1,0,1,0,0
Harley-Davidson 115th anniversary breakout 114,2018,Custom / cruiser,1,0,1,0,0
Hanway champion 125,2018,Custom / cruiser,0,0,0,0,0
Moto Guzzi mgx-21,2018,Custom / cruiser,1,0,1,0,0
Triumph rocket iii roadster,2018,Custom / cruiser,1,1,1,0,0
Suzuki intruder m1800rbz,2018,Custom / cruiser,1,0,1,0,0
Victory octane,2018,Custom / cruiser,1,0,1,0,0
Suzuki intruder m1800,2018,Custom / cruiser,1,0,1,0,0
Honda rebel 500,2018,Custom / cruiser,0,0,0,0,0
Benelli leoncino 250,2018,Enduro / offroad,0,0,0,0,0
Husqvarna fx 450,2018,Enduro / offroad,0,0,0,1,0
Benelli leoncino,2018,Enduro / offroad,0,0,0,0,0
Bmw f 800 gs adventure te,2018,Enduro / offroad,1,0,1,1,0
Bmw f 800 gs adventure,2018,Enduro / offroad,1,0,1,1,0
Husqvarna fx 350,2018,Enduro / offroad,0,0,0,1,0
Ktm freeride 250 f,2018,Enduro / offroad,0,0,0,1,0
Bmw r 1200 gs adventure,2018,Enduro / offroad,1,1,1,1,0
Ktm 690 enduro r,2018,Enduro / offroad,1,0,0,1,0
Honda cb500x,2018,Enduro / offroad,0,0,0,0,0
Ducati scrambler desert sled,2018,Enduro / offroad,1,0,0,1,0
Ducati multistrada 1200 enduro,2018,Enduro / offroad,1,0,1,1,0
Ajp pr7 adventure 650,2018,Enduro / offroad,1,0,0,1,0
Ducati multistrada 1200 enduro pro,2018,Enduro / offroad,1,0,1,1,0
Ktm 350 exc-f six days,2018,Enduro / offroad,0,0,0,1,0
Mh x 125,2018,Enduro / offroad,0,0,0,1,0
Yamaha serow 250,2018,Enduro / offroad,0,0,0,0,0
Moto Morini scrambler 1200,2018,Enduro / offroad,1,0,1,1,0
Um dsr aventure,2018,Enduro / offroad,0,0,0,0,0
Moto Morini granpasso 1200,2018,Enduro / offroad,1,0,1,1,0
Benelli tnt 135,2018,"Minibike, sport",0,0,0,0,0
Benelli tornado naked t,2018,"Minibike, sport",0,0,0,0,0
Ducati diavel,2018,Naked bike,1,0,1,0,0
Ktm 390 duke,2018,Naked bike,0,0,0,1,0
Hanway furious 125,2018,Naked bike,0,0,0,0,0
Hanway furious 200,2018,Naked bike,0,0,0,0,0
Bmw r ninet scrambler x,2018,Naked bike,1,1,1,1,0
Bmw r ninet scrambler,2018,Naked bike,1,1,1,1,0
Zontes zt310-r,2018,Naked bike,0,0,0,0,0
Hanway furious 250,2018,Naked bike,0,0,0,0,0
Um xtreet rc,2018,Naked bike,0,0,0,0,0
Mv Agusta brutale 800,2018,Naked bike,1,1,1,1,0
Mv Agusta brutale 800 america,2018,Naked bike,1,1,1,1,0
Um renegade scrambler classic,2018,Naked bike,0,0,0,0,0
Aprilia shiver 900,2018,Naked bike,1,0,1,0,0
Aprilia tuono v4 1100 rr,2018,Naked bike,1,1,1,1,0
Triumph speed triple rs,2018,Naked bike,1,1,1,1,0
Ktm 690 duke,2018,Naked bike,1,0,0,1,0
Aprilia tuono v4 1100 factory,2018,Naked bike,1,1,1,1,0
Mv Agusta brutale 800 rc,2018,Naked bike,1,1,1,0,0
Avinton deluxe,2018,Naked bike,1,0,1,0,0
Ktm 790 duke,2018,Naked bike,1,0,1,1,0
Loncin cr6,2018,Naked bike,0,0,0,0,0
Loncin cr4,2018,Naked bike,0,0,0,0,0
Triumph speed triple s,2018,Naked bike,1,1,1,1,0
Mv Agusta brutale 800 rr,2018,Naked bike,1,1,1,0,0
Moto Morini corsaro 1200 zz,2018,Naked bike,1,0,1,1,0
Mv Agusta brutale 800 rr pirelli,2018,Naked bike,1,1,1,0,0
Bimota bb3,2018,Naked bike,1,1,1,1,0
Triumph street cup,2018,Naked bike,1,0,0,0,0
Benelli bn 302,2018,Naked bike,0,0,0,0,0
Honda cb500f abs,2018,Naked bike,0,0,0,0,0
Triumph street scrambler,2018,Naked bike,1,0,0,0,0
Honda cb500f,2018,Naked bike,0,0,0,0,0
Um renegade scrambler s,2018,Naked bike,0,0,0,0,0
Benelli bn 251,2018,Naked bike,0,0,0,0,0
Triumph street triple r,2018,Naked bike,1,1,1,0,0
Harley-Davidson sportster roadster,2018,Naked bike,1,0,0,0,0
Harley-Davidson sportster roadster dark custom,2018,Naked bike,1,0,0,0,0
Mv Agusta dragster 800,2018,Naked bike,1,1,1,0,0
Triumph street triple rs,2018,Naked bike,1,1,1,0,0
Horex vr6 cafe racer hl,2018,Naked bike,1,1,1,0,0
Mv Agusta dragster 800 rc,2018,Naked bike,1,1,1,0,0
Ccm spitfire,2018,Naked bike,1,0,0,1,0
Triumph street triple s,2018,Naked bike,1,1,1,0,0
Benelli 402 s,2018,Naked bike,0,0,0,0,0
Benelli bn 125,2018,Naked bike,0,0,0,0,0
Horex vr6 cafe racer,2018,Naked bike,1,1,1,0,0
Ccm spitfire bobber,2018,Naked bike,1,0,0,1,0
Benelli tnt 300,2018,Naked bike,0,0,0,0,0
Bimota db9,2018,Naked bike,1,0,1,0,0
Triumph street twin,2018,Naked bike,1,0,0,0,0
Ccm spitfire cafe racer,2018,Naked bike,1,0,0,1,0
Ccm spitfire scrambler,2018,Naked bike,1,0,0,1,0
Mv Agusta dragster 800 rr,2018,Naked bike,1,1,1,0,0
Yamaha fz 25,2018,Naked bike,0,0,0,0,0
Bimota tesi 3d naked,2018,Naked bike,1,0,1,0,0
Herald maverick 125,2018,Naked bike,0,0,0,0,0
Ducati monster 1200,2018,Naked bike,1,0,1,0,0
Ktm 1290 super duke gt,2018,Naked bike,1,0,1,1,0
Ducati monster 1200 r,2018,Naked bike,1,0,1,1,0
Ecosse titanium rr,2018,Naked bike,1,0,1,0,0
Benelli bn 600 i,2018,Naked bike,1,1,1,0,0
Ducati monster 1200 s,2018,Naked bike,1,0,1,0,0
Ktm 1290 super duke r,2018,Naked bike,1,0,1,1,0
Ducati monster 797,2018,Naked bike,1,0,0,0,0
Mv Agusta rvs,2018,Naked bike,1,1,1,0,0
Ktm 250 duke,2018,Naked bike,0,0,0,0,0
Bmw s 1000 r sport,2018,Naked bike,1,1,1,1,0
Bmw s 1000 r,2018,Naked bike,1,1,1,1,0
Mv Agusta brutale 1090,2018,Naked bike,1,1,1,1,0
Ktm 125 duke,2018,Naked bike,0,0,0,1,0
Mh nkz 125,2018,Naked bike,0,0,0,0,0
Ducati xdiavel s,2018,Naked bike,1,0,1,0,0
Ducati diavel diesel,2018,Naked bike,1,0,1,0,0
Mv Agusta rivale 800,2018,Naked bike,1,1,1,1,0
Benelli tnt 600,2018,Naked bike,1,1,1,0,0
Ducati monster 797 plus,2018,Naked bike,1,0,0,0,0
Mv Agusta f3 675 rc,2018,Naked bike,1,1,1,0,0
Ducati xdiavel,2018,Naked bike,1,0,1,0,0
Ducati diavel carbon,2018,Naked bike,1,0,1,0,0
Mv Agusta brutale 1090 rr,2018,Naked bike,1,1,1,1,0
Honda forza abs,2018,Scooter,0,0,0,0,0
Yamaha axis treet,2018,Scooter,0,0,0,0,0
Daelim s300,2018,Scooter,0,0,0,0,0
Daelim otello 125 abs,2018,Scooter,0,0,0,0,0
Honda forza,2018,Scooter,0,0,0,0,0
Honda sh125i,2018,Scooter,0,0,0,0,0
Yamaha fascino,2018,Scooter,0,0,0,0,0
Yamaha jupiter mx 150,2018,Scooter,0,0,0,0,0
Yamaha mio i 125,2018,Scooter,0,0,0,0,0
Yamaha mio soul i 125,2018,Scooter,0,0,0,0,0
Yamaha mio sporty,2018,Scooter,0,0,0,0,0
Aeon elite 400i abs,2018,Scooter,0,0,0,0,0
Aeon 3d-350,2018,Scooter,0,0,0,0,0
Keeway kee 125,2018,Scooter,0,0,0,0,0
Keeway rcs 125,2018,Scooter,0,0,0,0,0
Keeway sip 125,2018,Scooter,0,0,0,0,0
Yamaha ray z,2018,Scooter,0,0,0,0,0
Yamaha ray zr,2018,Scooter,0,0,0,0,0
Bmw c 650 sport highline ls,2018,Scooter,1,0,0,0,0
Bmw c 650 sport highline,2018,Scooter,1,0,0,0,0
Bmw c 650 sport,2018,Scooter,1,0,0,0,0
Bmw c 650 gt highline ls,2018,Scooter,1,0,0,0,0
Bmw c 650 gt highline,2018,Scooter,1,0,0,0,0
Bmw c 650 gt,2018,Scooter,1,0,0,0,0
Bmw c 400 x,2018,Scooter,0,0,0,0,0
Yamaha soul gt aks,2018,Scooter,0,0,0,0,0
Lambretta v125 special,2018,Scooter,0,0,0,0,0
Lambretta v125 special flex,2018,Scooter,0,0,0,0,0
Lambretta v200 special,2018,Scooter,0,0,0,0,0
Lambretta v200 special flex,2018,Scooter,0,0,0,0,0
Lambretta v50 special,2018,Scooter,0,0,0,0,0
Lambretta v50 special flex,2018,Scooter,0,0,0,0,0
Lifan hurricane,2018,Scooter,0,0,0,0,0
Yamaha vega,2018,Scooter,0,0,0,0,0
Adiva ar3 200,2018,Scooter,0,0,0,0,0
Adiva ad3 400,2018,Scooter,0,0,0,0,0
Yamaha x-ride 125,2018,Scooter,0,0,1,0,0
Aprilia srv 850 abs-atc,2018,Scooter,1,0,1,0,0
Aprilia srv 850,2018,Scooter,1,0,1,0,0
Aprilia sr motard 50,2018,Scooter,0,0,0,0,0
Aprilia sr motard 125,2018,Scooter,0,0,0,0,0
Peugeot belville 125 allure,2018,Scooter,0,0,0,0,0
Peugeot belville 125 rs,2018,Scooter,0,0,0,0,0
Peugeot belville 200 allure,2018,Scooter,0,0,0,0,0
Peugeot belville 200 rs,2018,Scooter,0,0,0,0,0
Ajs insetto 125,2018,Scooter,0,0,0,0,0
Quadro qooder,2018,Scooter,0,0,0,0,0
Suzuki skydrive 125 fi,2018,Scooter,0,0,0,0,0
Suzuki burgman 125,2018,Scooter,0,0,0,0,0
Suzuki lets,2018,Scooter,0,0,0,0,0
Ducati panigale 1299 r final edition,2018,Sport,1,0,1,1,0
Dafra riva 150,2018,Sport,0,0,0,0,0
Mv Agusta f4 rc,2018,Sport,1,1,1,1,0
Honda cb unicorn 160,2018,Sport,0,0,0,0,0
Zontes zt250-s,2018,Sport,0,0,0,0,0
Um renegade sport s,2018,Sport,0,0,0,0,0
Ccm spitfire flat tracker,2018,Sport,1,0,0,1,0
Mv Agusta f4 lh44,2018,Sport,1,1,1,1,0
Mv Agusta f4,2018,Sport,1,1,1,1,0
Ktm rc 125,2018,Sport,0,0,0,1,0
Mh street evolution 125,2018,Sport,0,0,0,0,0
Ktm rc 200,2018,Sport,0,0,0,1,0
Ktm rc 250,2018,Sport,0,0,0,1,0
Mh revenge 125,2018,Sport,0,0,0,0,0
Ktm rc 390,2018,Sport,0,0,0,1,0
Ducati supersport,2018,Sport,1,0,1,0,0
Mv Agusta f3 800 rc,2018,Sport,1,1,1,0,0
Bmw s 1000 rr sport,2018,Sport,1,1,1,1,0
Mv Agusta f3 800,2018,Sport,1,1,1,0,0
Yamaha fz16,2018,Sport,0,0,0,0,0
Bmw s 1000 xr,2018,Sport,1,1,1,1,0
Mv Agusta f3 675,2018,Sport,1,1,1,0,0
Bmw hp4 race,2018,Sport,1,1,1,1,0
Honda rc213v-s,2018,Sport,1,1,1,1,0
Um scrambler sport,2018,Sport,0,0,0,0,0
Bimota db8 oronero,2018,Sport,1,0,1,0,0
Bimota db8,2018,Sport,1,0,1,0,0
Ajs cadwell 125,2018,Sport,0,0,0,0,0
Bmw s 1000 xr sport,2018,Sport,1,1,1,1,0
Zontes zt310-x,2018,Sport,0,0,0,0,0
Yamaha mt-09 tracer,2018,Sport,1,1,1,1,0
Yamaha yzf-r1m,2018,Sport,1,1,1,1,0
Ducati panigale v4,2018,Sport,1,1,1,1,0
Ducati panigale v4 speciale,2018,Sport,1,1,1,1,0
Ducati 959 panigale,2018,Sport,1,0,1,1,0
Mv Agusta f4 rr,2018,Sport,1,1,1,1,0
Loncin gp300,2018,Sport,0,0,0,0,0
Um renegade sport,2018,Sport,0,0,0,0,0
Brough Superior pendine sand racer,2018,Sport,1,0,1,1,0
Brough Superior ss100,2018,Sport,1,0,1,1,0
Ducati panigale 959 corse,2018,Sport,1,0,1,1,0
Bmw s 1000 xr sport se,2018,Sport,1,1,1,1,0
Lexmoto hawk 125,2018,Sport,0,0,0,0,0
Aprilia rsv4 rr,2018,Sport,1,1,1,1,0
Aprilia rsv4 rf,2018,Sport,1,1,1,1,0
Suzuki hayabusa z,2018,Sport,1,1,1,0,0
Bmw s 1000 rr,2018,Sport,1,1,1,1,0
Ducati supersport s,2018,Sport,1,0,1,0,0
Mv Agusta turismo veloce 800,2018,Sport touring,1,1,1,1,0
Bmw f 800 gt,2018,Sport touring,1,0,1,0,0
Suzuki bandit 1250s abs,2018,Sport touring,1,1,1,0,0
Mv Agusta turismo veloce 800 rc,2018,Sport touring,1,1,1,1,0
Mv Agusta turismo veloce 800 lusso,2018,Sport touring,1,1,1,1,0
Suzuki bandit 1250 abs,2018,Sport touring,1,1,1,0,0
Suzuki v-strom 650xt,2018,Super motard,1,0,0,1,0
Husqvarna fs 450,2018,Super motard,0,0,0,1,0
Ajp pr3 supermoto pro 125,2018,Super motard,0,0,0,1,0
Ducati hypermotard 939 sp,2018,Super motard,1,0,1,1,0
Mh wyn 125,2018,Super motard,0,0,0,0,0
Ajp pr3 supermoto pro 240,2018,Super motard,0,0,0,0,0
Triumph tiger 800 xrx low,2018,Super motard,1,1,1,0,0
Triumph tiger 800 xrt,2018,Super motard,1,1,1,0,0
Ajp pr3 supermoto 125,2018,Super motard,0,0,0,0,0
Um dsr sm,2018,Super motard,0,0,0,1,0
Suzuki v-strom 650x gt,2018,Super motard,1,0,0,1,0
Moto Morini granpasso 1200 r,2018,Super motard,1,0,1,1,0
Bimota dbx,2018,Super motard,1,0,1,1,0
Ktm 690 smc r,2018,Super motard,1,0,0,1,0
Triumph tiger 800 xca,2018,Super motard,1,1,1,1,0
Suzuki v-strom 650,2018,Super motard,1,0,0,1,0
Aprilia dorsoduro 900,2018,Super motard,1,0,1,1,0
Ajp pr4 supermoto pro 240,2018,Super motard,0,0,0,1,0
Triumph tiger 800 xrx,2018,Super motard,1,1,1,0,0
Suzuki v-strom 650 gt,2018,Super motard,1,0,0,1,0
Husqvarna 701 supermoto,2018,Super motard,1,0,0,1,0
Kawasaki d-tracker x final edition,2018,Super motard,0,0,0,1,0
Triumph tiger 800 xr,2018,Super motard,1,1,1,0,0
Ajp pr3 supermoto 240,2018,Super motard,0,0,0,0,0
Triumph tiger 800 xcx,2018,Super motard,1,1,1,1,0
Moto Guzzi california 1400 touring,2018,Touring,1,0,1,0,0
Bmw k 1600 gtl exclusive,2018,Touring,1,1,1,0,0
Um renegade classic,2018,Touring,0,0,0,0,0
Bmw k 1600 gtl,2018,Touring,1,1,1,0,0
Bmw k 1600 gt,2018,Touring,1,1,1,0,0
Bmw k 1600 gt se,2018,Touring,1,1,1,0,0
Bmw k 1600 gt sport,2018,Touring,1,1,1,0,0
Harley-Davidson street glide,2018,Touring,1,0,1,0,0
Harley-Davidson sportster superlow  1200t,2018,Touring,1,0,0,0,0
Harley-Davidson road glide special,2018,Touring,1,0,1,0,0
Harley-Davidson road glide,2018,Touring,1,0,1,0,0
Harley-Davidson road king special,2018,Touring,1,0,1,0,0
Harley-Davidson road king classic,2018,Touring,1,0,1,0,0
Harley-Davidson road king,2018,Touring,1,0,1,0,0
Harley-Davidson cvo street glide,2018,Touring,1,0,1,0,0
Harley-Davidson cvo road glide,2018,Touring,1,0,1,0,0
Harley-Davidson road glide ultra,2018,Touring,1,0,1,0,0
Harley-Davidson cvo limited,2018,Touring,1,0,1,0,0
Harley-Davidson ultra limited low,2018,Touring,1,0,1,0,0
Harley-Davidson street glide special,2018,Touring,1,0,1,0,0
Harley-Davidson 115th anniversary ultra limited,2018,Touring,1,0,1,0,0
Harley-Davidson 115th anniversary tri glide ultra,2018,Touring,1,0,1,0,0
Harley-Davidson ultra limited,2018,Touring,1,0,1,0,0
Harley-Davidson 115th anniversary street glide,2018,Touring,1,0,1,0,0
Harley-Davidson 115th anniversary cvo limited,2018,Touring,1,0,1,0,0
Harley-Davidson tri glide ultra,2018,Touring,1,0,1,0,0
Triumph thunderbird lt,2018,Touring,1,0,1,0,0
Harley-Davidson electra glide ultra classic,2018,Touring,1,0,1,0,0
Bmw k 1600 gtl le,2018,Touring,1,1,1,0,0
Husqvarna svartpilen 401,2019,Allround,0,0,0,1,0
Lexmoto isca 125,2019,Allround,0,0,0,0,0
Mash seventy five 125,2019,Allround,0,0,0,0,0
Ducati multistrada 1260 enduro,2019,Allround,1,0,1,1,0
Hanway blackcafe 50,2019,Allround,0,0,0,0,0
Hanway blackcafe 125,2019,Allround,0,0,0,0,0
Ducati diavel 1260,2019,Allround,1,0,1,0,0
Ducati diavel 1260 s,2019,Allround,1,0,1,0,0
Mash force 400,2019,Allround,0,0,0,1,0
Mash fifty 50,2019,Allround,0,0,0,0,0
Benelli 502 c,2019,Allround,0,0,0,0,0
Genuine Scooter g400c,2019,Allround,0,0,0,0,0
Kymco spade 150,2019,Allround,0,0,0,0,0
Herald scrambler 125,2019,Allround,0,0,0,0,0
Ducati multistrada 1260 d-air,2019,Allround,1,0,1,1,0
Mash 125 brown edition,2019,Allround,0,0,0,0,0
Bintelli beast 49,2019,Allround,0,0,0,0,0
Mash black seven 125,2019,Allround,0,0,0,0,0
Herald cafe 125,2019,Allround,0,0,0,0,0
Mash black seven 250,2019,Allround,0,0,0,0,0
Mash two fifty,2019,Allround,0,0,0,0,0
Ducati multistrada 950,2019,Allround,1,0,1,1,0
Herald cafe 400,2019,Allround,0,0,0,0,0
Mash cafe racer 125,2019,Allround,0,0,0,0,0
Ducati multistrada 1260 s,2019,Allround,1,0,1,1,0
Ducati multistrada 950  spoked wheels,2019,Allround,1,0,1,1,0
Mash family side 400,2019,Allround,0,0,0,0,0
Ducati multistrada 950 s,2019,Allround,1,0,1,1,0
Mash falcone,2019,Allround,0,0,0,0,0
Benelli trk 502 x abs,2019,Allround,0,0,0,1,0
Mash dirt track 250,2019,Allround,0,0,0,0,0
Ducati multistrada 1260,2019,Allround,1,0,1,1,0
Triumph tiger 1200 xcx,2019,Allround,1,1,1,1,0
Mash dirt track 125,2019,Allround,0,0,0,0,0
Ktm 790 adventure r,2019,Allround,1,0,1,1,0
Ktm 790 adventure,2019,Allround,1,0,1,1,0
Jawa-Cz 660 sportard adenium,2019,Allround,1,0,0,1,0
Triumph tiger 1200 xrx low,2019,Allround,1,1,1,0,0
Triumph tiger 1200 xrx,2019,Allround,1,1,1,1,0
Aeon my 150,2019,Allround,0,0,0,0,0
Sommer hatz 1b50 diesel,2019,Allround,0,1,0,0,0
Benelli trk 502,2019,Allround,0,0,0,0,0
Triumph tiger 1200 xrt,2019,Allround,1,1,1,1,0
Benelli trk 251,2019,Allround,0,0,0,1,0
Ducati multistrada 1260 pikes peak,2019,Allround,1,0,1,1,0
Triumph tiger 1200 xr,2019,Allround,1,1,1,1,0
Ktm 1290 super adventure r,2019,Allround,1,0,1,1,0
Kawasaki versys  650 abs,2019,Allround,1,0,0,1,0
Benelli trk 125,2019,Allround,0,0,0,1,0
Triumph tiger 1200 xca,2019,Allround,1,1,1,1,0
Husqvarna svartpilen 701,2019,Allround,1,0,0,1,0
Sommer diesel 516,2019,Allround,0,1,0,0,0
Ktm 1290 super adventure s,2019,Allround,1,0,1,1,0
Husqvarna vitpilen 401,2019,Allround,0,0,0,1,0
Mash scrambler 400,2019,Allround,0,0,0,0,0
Aeon cobra 220,2019,ATV,0,0,0,0,0
Aeon cobra supermoto,2019,ATV,0,0,0,0,0
Cf Moto x-lander x5,2019,ATV,0,0,0,0,0
Bennche gray wolf 500,2019,ATV,0,0,0,1,0
Cf Moto cforce 450,2019,ATV,0,0,0,0,0
Ural sportsman se,2019,Classic,1,1,0,0,0
Moto Guzzi v7 iii stone,2019,Classic,1,0,0,0,0
Ducati scrambler icon,2019,Classic,1,0,0,0,0
Ducati scrambler full throttle,2019,Classic,1,0,0,0,0
Benelli imperiale 400,2019,Classic,0,0,0,0,0
Ducati scrambler 1100 special,2019,Classic,1,0,1,0,0
Triumph bonneville t120 ace,2019,Classic,1,0,1,0,0
Ural sahara se,2019,Classic,1,1,0,0,0
Triumph speed twin,2019,Classic,1,0,1,0,0
Mash tt 40,2019,Classic,0,0,0,0,0
Triumph bonneville speedmaster,2019,Classic,1,0,1,0,0
Ducati scrambler 1100,2019,Classic,1,0,1,0,0
Triumph bonneville t120 black,2019,Classic,1,0,1,0,0
Ducati scrambler sixty2,2019,Classic,0,0,0,0,0
Triumph bonneville t100 black,2019,Classic,1,0,0,0,0
Horex vr6 classic,2019,Classic,1,1,1,0,0
Ural m70,2019,Classic,1,1,0,0,0
Herald classic 125,2019,Classic,0,0,0,0,0
Triumph bonneville t120,2019,Classic,1,0,1,0,0
Triumph bonneville t100,2019,Classic,1,0,0,0,0
Triumph thruxton 1200,2019,Classic,1,0,1,0,0
Triumph bonneville bobber black,2019,Classic,1,0,1,0,0
Ducati scrambler 1100 sport,2019,Classic,1,0,1,0,0
Moto Guzzi v7 iii stone fast endurance trophy,2019,Classic,1,0,0,0,0
Ural ct,2019,Classic,1,1,0,0,0
Moto Guzzi v7 iii special,2019,Classic,1,0,0,0,0
Horex vr6 raw,2019,Classic,1,1,1,0,0
Fb Mondial pagani 1948 125,2019,Classic,0,0,0,0,0
Triumph scrambler 1200xe,2019,Classic,1,0,1,1,0
Herald classic 400,2019,Classic,0,0,0,0,0
Horex vr6 classic hl,2019,Classic,1,1,1,0,0
Fb Mondial pagani 1948,2019,Classic,0,0,0,0,0
Fb Mondial hps 300,2019,Classic,0,0,0,0,0
Norton commando 961 cafe racer mk ii,2019,Classic,1,0,1,0,0
Norton dominator,2019,Classic,1,0,1,0,0
Ural air le,2019,Classic,1,1,0,0,0
Triumph scrambler 1200 xc,2019,Classic,1,0,1,1,0
Fb Mondial hps 125 hipster,2019,Classic,0,0,0,0,0
Triumph bonneville t120 diamond edition,2019,Classic,1,0,1,0,0
Triumph thruxton 1200 r,2019,Classic,1,0,1,0,0
Triumph bonneville bobber,2019,Classic,1,0,1,0,0
Ducati scrambler cafe racer,2019,Classic,1,0,0,0,0
Norton commando 961 sport mk ii,2019,Classic,1,0,1,0,0
Husqvarna fc 450,2019,Cross / motocross,0,0,0,1,0
Husqvarna tc 125,2019,Cross / motocross,0,0,0,1,0
Husqvarna fc 250,2019,Cross / motocross,0,0,0,1,0
Husqvarna fc 350,2019,Cross / motocross,0,0,0,1,0
Husqvarna fc 450 rockstar edition,2019,Cross / motocross,0,0,0,1,0
Harley-Davidson softail fat bob,2019,Custom / cruiser,1,0,1,0,0
Triumph rocket iii roadster,2019,Custom / cruiser,1,1,1,0,0
Harley-Davidson street rod,2019,Custom / cruiser,1,0,0,0,0
Harley-Davidson street 750,2019,Custom / cruiser,1,0,0,0,0
Harley-Davidson sportster superlow,2019,Custom / cruiser,1,0,0,0,0
Harley-Davidson sportster iron 883,2019,Custom / cruiser,1,0,0,0,0
Harley-Davidson sportster forty-eight special,2019,Custom / cruiser,1,0,0,0,0
Harley-Davidson sportster forty-eight,2019,Custom / cruiser,1,0,0,0,0
Harley-Davidson sportster 1200 custom,2019,Custom / cruiser,1,0,0,0,0
Harley-Davidson sport glide,2019,Custom / cruiser,1,0,1,0,0
Harley-Davidson softail street bob,2019,Custom / cruiser,1,0,1,0,0
Harley-Davidson softail slim,2019,Custom / cruiser,1,0,1,0,0
Harley-Davidson softail low rider,2019,Custom / cruiser,1,0,1,0,0
Harley-Davidson softail heritage classic 114,2019,Custom / cruiser,1,0,1,0,0
Harley-Davidson softail heritage classic,2019,Custom / cruiser,1,0,1,0,0
Harley-Davidson softail fat boy 114,2019,Custom / cruiser,1,0,1,0,0
Harley-Davidson softail fat boy,2019,Custom / cruiser,1,0,1,0,0
Harley-Davidson softail fat bob 114,2019,Custom / cruiser,1,0,1,0,0
Harley-Davidson softail deluxe,2019,Custom / cruiser,1,0,1,0,0
Harley-Davidson softail breakout 114,2019,Custom / cruiser,1,0,1,0,0
Harley-Davidson softail breakout,2019,Custom / cruiser,1,0,1,0,0
Big Bear Choppers miss behavin 100 smooth carb,2019,Custom / cruiser,1,0,1,0,0
Big Bear Choppers miss behavin 100 smooth efi,2019,Custom / cruiser,1,0,1,0,0
Big Bear Choppers titanium 111 carb,2019,Custom / cruiser,1,0,1,1,0
Moto Guzzi mgx-21,2019,Custom / cruiser,1,0,1,0,0
Triumph thunderbird commander,2019,Custom / cruiser,1,0,1,0,0
Triumph thunderbird storm,2019,Custom / cruiser,1,0,1,0,0
Keeway superlight 125 standard e4,2019,Custom / cruiser,0,0,0,0,0
Keeway superlight 125 limited e4,2019,Custom / cruiser,0,0,0,0,0
Keeway cruiser 250i,2019,Custom / cruiser,0,0,0,0,0
Triumph rocket 3 tfc,2019,Custom / cruiser,1,1,1,0,0
Indian scout sixty,2019,Custom / cruiser,1,0,1,0,0
Boss Hoss 57 chevy trike,2019,Custom / cruiser,1,1,1,0,0
Hanway champion 125,2019,Custom / cruiser,0,0,0,0,0
Indian ftr 1200 s,2019,Custom / cruiser,1,0,1,1,0
Boss Hoss gangsta trike,2019,Custom / cruiser,1,1,1,0,0
Hanway champion 300,2019,Custom / cruiser,0,0,0,0,0
Indian ftr 1200,2019,Custom / cruiser,1,0,1,1,0
Boss Hoss sierra trike,2019,Custom / cruiser,1,1,1,0,0
Hyosung st 700i,2019,Custom / cruiser,1,0,0,0,0
Sym max 400,2019,Custom / cruiser,0,0,0,0,0
Honda rebel 500 abs,2019,Custom / cruiser,0,0,0,0,0
Harley-Davidson freewheeler,2019,Custom / cruiser,1,0,1,0,0
Harley-Davidson fxdr 114,2019,Custom / cruiser,1,0,1,0,0
Fb Mondial smx 125,2019,Enduro / offroad,0,0,0,1,0
Keeway tx 125 e4,2019,Enduro / offroad,0,0,0,1,0
Benelli leoncino,2019,Enduro / offroad,0,0,0,0,0
Moto Morini scrambler 1200,2019,Enduro / offroad,1,0,1,1,0
Benelli leoncino trail,2019,Enduro / offroad,0,0,0,1,0
Benelli leoncino 250,2019,Enduro / offroad,0,0,0,0,0
Rokon ranger,2019,Enduro / offroad,0,0,0,0,0
Rokon preppers,2019,Enduro / offroad,0,0,0,1,0
Ajp pr7 adventure 650,2019,Enduro / offroad,1,0,0,1,0
Husqvarna fx 350,2019,Enduro / offroad,0,0,0,1,0
Rokon trail-breaker,2019,Enduro / offroad,0,0,0,0,0
Rieju marathon 125 pro,2019,Enduro / offroad,0,0,0,1,0
Husqvarna fx 450,2019,Enduro / offroad,0,0,0,1,0
Ktm 350 exc-f six days,2019,Enduro / offroad,0,0,0,1,0
Rokon scout,2019,Enduro / offroad,0,0,0,0,0
Ducati multistrada 1200 enduro,2019,Enduro / offroad,1,0,1,1,0
Ktm 690 enduro r,2019,Enduro / offroad,1,0,0,1,0
Shinetime 250 dirt bike,2019,Enduro / offroad,0,0,0,1,0
Benelli leoncino 125,2019,Enduro / offroad,0,0,0,0,0
Husqvarna tx 125,2019,Enduro / offroad,0,0,0,1,0
Ducati scrambler desert sled,2019,Enduro / offroad,1,0,0,1,0
Bmw r 1200 gs adventure,2019,Enduro / offroad,1,1,1,1,0
Lem four x motard,2019,"Minibike, cross",0,0,0,0,0
Benelli tornado naked t,2019,"Minibike, sport",0,0,0,0,0
Triumph street triple s,2019,Naked bike,1,1,1,0,0
Bmw s 1000 r,2019,Naked bike,1,1,1,1,0
Ducati monster 1200 25 anniversario,2019,Naked bike,1,0,1,0,0
Mv Agusta dragster 800 rc,2019,Naked bike,1,1,1,1,0
Triumph street triple r,2019,Naked bike,1,1,1,1,0
Triumph street triple rs,2019,Naked bike,1,1,1,1,0
Horex vr6 cafe racer,2019,Naked bike,1,1,1,0,0
Ducati monster 1200,2019,Naked bike,1,0,1,0,0
Horex vr6 cafe racer hl,2019,Naked bike,1,1,1,0,0
Ccm raf benvolent fund spitfire,2019,Naked bike,1,0,0,0,0
Aprilia rsv4 1100 factory,2019,Naked bike,1,1,1,1,0
Avinton deluxe,2019,Naked bike,1,0,1,0,0
Ktm 790 duke,2019,Naked bike,1,0,1,1,0
Aprilia tuono v4 1100 rr,2019,Naked bike,1,1,1,1,0
Ducati multistrada 620,2019,Naked bike,1,0,0,1,0
Mv Agusta brutale 800,2019,Naked bike,1,1,1,1,0
Ktm 125 duke,2019,Naked bike,0,0,0,1,0
Ktm 1290 super duke gt,2019,Naked bike,1,0,1,1,0
Ktm 1290 super duke r,2019,Naked bike,1,0,1,1,0
Confederate p120 fighter,2019,Naked bike,1,0,1,0,0
Vyrus 986 m2 street,2019,Naked bike,1,1,1,1,0
Ducati xdiavel,2019,Naked bike,1,0,1,0,0
Vyrus 986 m2,2019,Naked bike,1,0,1,1,0
Ccm foggy edition spitfire,2019,Naked bike,1,0,0,1,0
Triumph speed triple rs,2019,Naked bike,1,1,1,1,0
Mv Agusta brutale 800 rc,2019,Naked bike,1,1,1,1,0
Moto Morini corsaro 1200 zz,2019,Naked bike,1,0,1,1,0
Triumph speed triple s,2019,Naked bike,1,1,1,1,0
Benelli tre 899 k,2019,Naked bike,1,1,1,1,0
Bmw r ninet scrambler,2019,Naked bike,1,1,1,1,0
Ducati monster 821,2019,Naked bike,1,0,1,0,0
Ducati monster 821 stealth,2019,Naked bike,1,0,1,0,0
Ducati monster 797 plus,2019,Naked bike,1,0,0,0,0
Mv Agusta brutale 800 rr,2019,Naked bike,1,1,1,1,0
Kymco k-pipe 125,2019,Naked bike,0,0,0,1,0
Ducati xdiavel s,2019,Naked bike,1,0,1,0,0
Mv Agusta brutale 800 rr lh44,2019,Naked bike,1,1,1,1,0
Benelli bn 125,2019,Naked bike,0,0,0,0,0
Bimota db9 brivido,2019,Naked bike,1,0,1,0,0
Triumph street cup,2019,Naked bike,1,0,0,0,0
Aprilia shiver 900,2019,Naked bike,1,0,1,0,0
Ktm 390 duke,2019,Naked bike,0,0,0,1,0
Triumph street scrambler,2019,Naked bike,1,0,0,0,0
Benelli bn 302,2019,Naked bike,0,0,0,0,0
Mv Agusta dragster 800 rr pirelli,2019,Naked bike,1,1,1,1,0
Ccm spitfire six,2019,Naked bike,1,0,0,1,0
Honda cb500f abs,2019,Naked bike,0,0,0,0,0
Keeway rks 125 e4,2019,Naked bike,0,0,0,0,0
Ktm 690 duke,2019,Naked bike,1,0,0,1,0
Mv Agusta dragster 800 rr america,2019,Naked bike,1,1,1,1,0
Hanway furious 250,2019,Naked bike,0,0,0,0,0
Harley-Davidson sportster roadster,2019,Naked bike,1,0,0,0,0
Herald maverick 125,2019,Naked bike,0,0,0,1,0
Honda cb 1300 s,2019,Naked bike,1,1,1,0,0
Honda cb 1300,2019,Naked bike,1,1,1,0,0
Ccm spitfire cafe racer,2019,Naked bike,1,0,0,1,0
Mv Agusta dragster 800 rr,2019,Naked bike,1,1,1,1,0
Moto Morini corsaro 1200 zt,2019,Naked bike,1,0,1,1,0
Triumph street twin,2019,Naked bike,1,0,0,0,0
Aprilia tuono v4 1100 factory,2019,Naked bike,1,1,1,1,0
Herald mirage 125,2019,Naked bike,0,0,0,0,0
Ccm spitfire bobber,2019,Naked bike,1,0,0,0,0
Hanway furious 125,2019,Naked bike,0,0,0,0,0
Ducati monster 1200 s,2019,Naked bike,1,0,1,0,0
Ecosse titanium rr,2019,Naked bike,1,0,1,0,0
Ducati monster 1200 r,2019,Naked bike,1,0,1,1,0
Hanway furious 200,2019,Naked bike,0,0,0,0,0
Ducati monster 797,2019,Naked bike,1,0,0,0,0
Husqvarna vitpilen 701,2019,Prototype / concept model,1,0,0,1,0
Confederate p-51 combat fighter,2019,Prototype / concept model,1,0,1,0,0
Peugeot metropolis black edition,2019,Scooter,0,0,0,0,0
Aprilia srv 850 abs-atc,2019,Scooter,1,0,1,0,0
Aprilia srv 850,2019,Scooter,1,0,1,0,0
Aprilia sr motard 125,2019,Scooter,0,0,0,0,0
Bmw c 650 sport,2019,Scooter,1,0,0,0,0
Aeon es 150,2019,Scooter,0,0,0,0,0
Aeon elite 400i abs,2019,Scooter,0,0,0,0,0
Italjet dragster 200,2019,Scooter,0,0,0,0,0
Italjet dragster 125,2019,Scooter,0,0,0,0,0
Bmw c 650 gt highline,2019,Scooter,1,0,0,0,0
Bmw c 650 gt,2019,Scooter,1,0,0,0,0
Kymco agility 125,2019,Scooter,0,0,0,0,0
Honda forza 300,2019,Scooter,0,0,0,0,0
Kymco agility 50,2019,Scooter,0,0,0,0,0
Aeon elite 250i,2019,Scooter,0,0,0,0,0
Bmw c 400 x,2019,Scooter,0,0,0,0,0
Kymco agility plus 300,2019,Scooter,0,0,0,0,0
Kymco ak 550 55th,2019,Scooter,0,0,0,0,0
Bintelli bolt 150,2019,Scooter,0,0,0,0,0
Kymco like 150i,2019,Scooter,0,0,0,0,0
Kymco people s 300i,2019,Scooter,0,0,0,0,0
Adiva ad3 400,2019,Scooter,0,0,0,0,0
Kymco super 8 150x,2019,Scooter,0,0,0,0,0
Yamaha mio sporty,2019,Scooter,0,0,0,0,0
Kymco super 8 50x,2019,Scooter,0,0,0,0,0
Honda forza,2019,Scooter,0,0,0,0,0
Kymco x-town 300i,2019,Scooter,0,0,0,0,0
Kymco x-town city 125,2019,Scooter,0,0,0,0,0
Lambretta v125 special,2019,Scooter,0,0,0,0,0
Peugeot belville 125 allure,2019,Scooter,0,0,0,0,0
Lambretta v125 special pirelli edition,2019,Scooter,0,0,0,0,0
Peugeot citystar 125 powermotion abs,2019,Scooter,0,0,0,0,0
Peugeot citystar 125 rs abs,2019,Scooter,0,0,0,0,0
Lambretta v200 special flex,2019,Scooter,0,0,0,0,0
Peugeot citystar 50 active,2019,Scooter,0,0,0,0,0
Peugeot citystar 50 black edition,2019,Scooter,0,0,0,0,0
Peugeot citystar 50 rs,2019,Scooter,0,0,0,0,0
Lambretta v50 special,2019,Scooter,0,0,0,0,0
Peugeot django 50 4t,2019,Scooter,0,0,0,0,0
Peugeot django summer,2019,Scooter,0,0,0,0,0
Mash rock 125,2019,Scooter,0,0,0,0,0
Peugeot metropolis access,2019,Scooter,0,0,0,0,0
Sym phony st 200,2019,Scooter,0,0,0,0,0
Peugeot metropolis rs,2019,Scooter,0,0,0,0,0
Sym joyride 125,2019,Scooter,0,0,0,0,0
Aeon 3d-350,2019,Scooter,0,0,0,0,0
Suzuki burgman 125,2019,Scooter,0,0,0,0,0
Aeon 3d-350 r,2019,Scooter,0,0,0,0,0
Vespa gts supertech,2019,Scooter,0,0,0,0,0
Vespa gts super 300,2019,Scooter,0,0,0,0,0
Vespa gts 300 supersport,2019,Scooter,0,0,0,0,0
Quadro qv3,2019,Scooter,0,0,0,0,0
Quadro qooder,2019,Scooter,0,0,0,0,0
Piaggio bv 350,2019,Scooter,0,0,0,0,0
Vespa gts touring 300,2019,Scooter,0,0,0,0,0
Honda sh125i,2019,Scooter,0,0,0,0,0
Mash city 125 e4,2019,Scooter,0,0,0,0,0
Adiva ad3 300,2019,Scooter,0,0,0,0,0
Aeon ozs 150,2019,Scooter,0,0,0,0,0
Vespa gts,2019,Scooter,0,0,0,0,0
Bimota db8 oronero,2019,Sport,1,0,1,0,0
Mv Agusta f3 675 rc,2019,Sport,1,1,1,0,0
Mv Agusta f3 800,2019,Sport,1,1,1,0,0
Mv Agusta f3 800 rc,2019,Sport,1,1,1,0,0
Ktm rc 390,2019,Sport,0,0,0,1,0
Ktm rc 250,2019,Sport,0,0,0,1,0
Ktm rc 200,2019,Sport,0,0,0,1,0
Bennche scorpion 200,2019,Sport,0,0,0,0,0
Ktm rc 125,2019,Sport,0,0,0,1,0
Malaguti dune 125,2019,Sport,0,0,0,0,0
Mv Agusta f4 claudio,2019,Sport,1,1,1,1,0
Ktm 250 duke,2019,Sport,0,0,0,1,0
Swm gran turismo,2019,Sport,0,0,0,0,0
Bmw s 1000 rr,2019,Sport,1,1,1,1,0
Suzuki gsx-s1000,2019,Sport,1,1,1,0,0
Yamaha yzf-r1m,2019,Sport,1,1,1,1,0
Mv Agusta f4 rc,2019,Sport,1,1,1,1,0
Roehr v- superbike,2019,Sport,1,0,1,0,0
Keeway rks 125 sport e4,2019,Sport,0,0,0,0,0
Rokon for hunters,2019,Sport,0,0,0,1,0
Jawa-Cz 350 style,2019,Sport,0,0,0,1,0
Ducati panigale 959 corse,2019,Sport,1,0,1,1,0
Ducati supersport,2019,Sport,1,0,1,0,0
Ducati panigale 959,2019,Sport,1,0,1,1,0
Ccm spitfire flat tracker,2019,Sport,1,0,0,1,0
Ducati panigale 1299 r final edition,2019,Sport,1,0,1,1,0
Malaguti rst125,2019,Sport,0,0,0,1,0
Ducati supersport s,2019,Sport,1,0,1,0,0
Suzuki sv650 abs,2019,Sport,1,0,0,0,0
Brough Superior ss100,2019,Sport,1,0,1,1,0
Brough Superior pendine sand racer,2019,Sport,1,0,1,1,0
Brough Superior anniversary,2019,Sport,1,0,1,1,0
Aprilia rsv4 rr,2019,Sport,1,1,1,1,0
Ducati panigale v4 r,2019,Sport,1,1,1,1,0
Hero passion x pro,2019,Sport,0,0,0,0,0
Ducati panigale v4 speciale,2019,Sport,1,1,1,1,0
Honda cb unicorn 160,2019,Sport,0,0,0,0,0
Aprilia rsv4 rf,2019,Sport,1,1,1,1,0
Hero new super splendor,2019,Sport,0,0,0,0,0
Ducati panigale v4,2019,Sport,1,1,1,1,0
Bmw s 1000 xr,2019,Sport,1,1,1,1,0
Hero splendor pro,2019,Sport,0,0,0,0,0
Bmw hp4 race,2019,Sport,1,1,1,1,0
Mv Agusta f3 675,2019,Sport,1,1,1,0,0
Mv Agusta turismo veloce 800,2019,Sport touring,1,1,1,1,0
Mv Agusta turismo veloce 800 scs,2019,Sport touring,1,1,1,1,0
Ktm 1090 adventure r,2019,Sport touring,1,0,1,1,0
Mv Agusta turismo veloce 800 lusso,2019,Sport touring,1,1,1,1,0
Mv Agusta turismo veloce 800 rc scs,2019,Sport touring,1,1,1,1,0
Ktm 1090 adventure,2019,Sport touring,1,0,1,1,0
Bmw f 800 gt,2019,Sport touring,1,0,1,0,0
Bimota db11,2019,Super motard,1,0,1,0,0
Suzuki v-strom 650 gta,2019,Super motard,1,0,0,1,0
Triumph tiger 800 xcx,2019,Super motard,1,1,1,1,0
Suzuki v-strom 650,2019,Super motard,1,0,0,1,0
Triumph tiger 800 xrx,2019,Super motard,1,1,1,0,0
Husqvarna 701 supermoto,2019,Super motard,1,0,0,1,0
Triumph tiger 800 xrt,2019,Super motard,1,1,1,0,0
Ducati hypermotard 950,2019,Super motard,1,0,1,1,0
Ducati hypermotard 950 sp,2019,Super motard,1,0,1,1,0
Bimota dbx 1100,2019,Super motard,1,0,1,0,0
Husqvarna fs 450,2019,Super motard,0,0,0,1,0
Triumph tiger 800 xr,2019,Super motard,1,1,1,0,0
Aprilia dorsoduro 900,2019,Super motard,1,0,1,1,0
Suzuki v-strom 650xt touring,2019,Super motard,1,0,0,1,0
Triumph tiger 800 xca,2019,Super motard,1,1,1,1,0
Jawa-Cz 660 sportard,2019,Super motard,1,0,0,1,0
Ktm 690 smc r,2019,Super motard,1,0,0,1,0
Triumph tiger 800 xrx low,2019,Super motard,1,1,1,0,0
Harley-Davidson ultra limited low,2019,Touring,1,0,1,0,0
Harley-Davidson cvo road glide,2019,Touring,1,0,1,0,0
Harley-Davidson street glide,2019,Touring,1,0,1,0,0
Harley-Davidson road king,2019,Touring,1,0,1,0,0
Harley-Davidson cvo street glide,2019,Touring,1,0,1,0,0
Bmw k 1600 gt,2019,Touring,1,1,1,0,0
Harley-Davidson road king special,2019,Touring,1,0,1,0,0
Harley-Davidson road glide,2019,Touring,1,0,1,0,0
Harley-Davidson street glide special,2019,Touring,1,0,1,0,0
Bmw k 1600 gtl,2019,Touring,1,1,1,0,0
Harley-Davidson tri glide ultra,2019,Touring,1,0,1,0,0
Moto Guzzi california 1400 touring,2019,Touring,1,0,1,0,0
Harley-Davidson cvo limited,2019,Touring,1,0,1,0,0
Triumph thunderbird lt,2019,Touring,1,0,1,0,0
Harley-Davidson road glide special,2019,Touring,1,0,1,0,0
Harley-Davidson ultra limited,2019,Touring,1,0,1,0,0
Harley-Davidson electra glide ultra classic,2019,Touring,1,0,1,0,0
Harley-Davidson road glide ultra,2019,Touring,1,0,1,0,0
Hanway blackcafe 125,2020,Allround,0,0,0,0,0
Triumph bonneville t100,2020,Allround,1,0,0,0,0
Benelli trk 502,2020,Allround,0,0,0,0,0
Benelli trk 502 x,2020,Allround,0,0,0,1,0
Mash scrambler 400,2020,Allround,0,0,0,0,0
Mash force 400,2020,Allround,0,0,0,1,0
Mash dirt 650 black,2020,Allround,1,0,0,0,0
Bennche js150u,2020,Allround,0,0,0,0,0
Bennche mb200,2020,Allround,0,0,0,0,0
Yamaha sz-rr version 2,2020,Allround,0,0,0,0,0
Lifan v16,2020,Allround,0,0,0,0,0
Triumph speed twin,2020,Allround,1,0,1,0,0
Lifan homas 150,2020,Allround,0,0,0,0,0
Lifan glow 100,2020,Allround,0,0,0,0,0
Lifan csiii,2020,Allround,0,0,0,0,0
Lifan camel 125,2020,Allround,0,0,0,0,0
Benelli 502 c,2020,Allround,0,0,0,0,0
Triumph thruxton 1200,2020,Allround,1,0,1,0,0
Ktm 790 adventure r,2020,Allround,1,0,1,1,0
Ktm 790 adventure,2020,Allround,1,0,1,1,0
Yamaha saluto 125,2020,Allround,0,0,0,0,0
Triumph tiger 1200 alpine edition,2020,Allround,1,1,1,1,0
Triumph tiger 1200 desert edition,2020,Allround,1,1,1,1,0
Triumph tiger 1200 xca,2020,Allround,1,1,1,1,0
Triumph tiger 1200 xcx,2020,Allround,1,1,1,1,0
Ktm 1290 super adventure s,2020,Allround,1,0,1,1,0
Ktm 1290 super adventure r,2020,Allround,1,0,1,1,0
Triumph tiger 1200 xr,2020,Allround,1,1,1,1,0
Triumph tiger 1200 xrt,2020,Allround,1,1,1,1,0
Triumph tiger 1200 xrx,2020,Allround,1,1,1,0,0
Triumph tiger 1200 xrx explorer,2020,Allround,1,1,1,1,0
Triumph tiger 1200 xrx low,2020,Allround,1,1,1,0,0
Skygo earl 150,2020,Allround,0,0,0,0,0
Kawasaki versys-x 300 urban,2020,Allround,0,0,0,1,0
Kawasaki versys 650l,2020,Allround,1,0,0,1,0
Kawasaki versys 650,2020,Allround,1,0,0,1,0
Junak m15 125,2020,Allround,0,0,0,0,0
Junak m14 125,2020,Allround,0,0,0,0,0
Junak m12 vintage 125,2020,Allround,0,0,0,0,0
Janus phoenix 250,2020,Allround,0,0,0,0,0
Janus halcyon 250,2020,Allround,0,0,0,0,0
Janus gryffin 250,2020,Allround,0,0,0,1,0
Norton commando 961 california,2020,Allround,1,0,1,0,0
Italika spitfire 200,2020,Allround,0,0,0,0,0
Triumph tiger sport,2020,Allround,1,1,1,1,0
Italika rc200,2020,Allround,0,0,0,0,0
Italika rc150,2020,Allround,0,0,0,0,0
Italika rc125,2020,Allround,0,0,0,0,0
Italika ft150 heavy duty,2020,Allround,0,0,0,0,0
Italika ft115,2020,Allround,0,0,0,0,0
Italika dt150 delivery,2020,Allround,0,0,0,0,0
Italika dt125 delivery,2020,Allround,0,0,0,0,0
Italika dt125 clÃ¡sica,2020,Allround,0,0,0,0,0
Italika dt 50clasica,2020,Allround,0,0,0,0,0
Italika dt 110 delivery,2020,Allround,0,0,0,0,0
Brixton crossfire 500,2020,Allround,0,0,0,0,0
Brixton crossfire 500 x,2020,Allround,0,0,0,0,0
Husqvarna vitpilen 701,2020,Allround,1,0,0,1,0
Husqvarna vitpilen 401,2020,Allround,0,0,0,1,0
Husqvarna svartpilen 401,2020,Allround,0,0,0,1,0
Hunter daytona 350,2020,Allround,0,0,0,0,0
Yuki 125i vox,2020,Allround,0,0,0,0,0
Horex vr6 classic,2020,Allround,1,1,1,0,0
Ducati multistrada 1260,2020,Allround,1,0,1,1,0
Herald scrambler 125,2020,Allround,0,0,0,0,0
Herald classic 400,2020,Allround,0,0,0,0,0
Herald classic 125,2020,Allround,0,0,0,0,0
Ajs tempest scrambler 125,2020,Allround,0,0,0,0,0
Ajs tempest roadster 125,2020,Allround,0,0,0,0,0
Herald cafe 400,2020,Allround,0,0,0,0,0
Herald cafe 125,2020,Allround,0,0,0,0,0
Herald brute 500,2020,Allround,0,0,0,1,0
Herald brat 250,2020,Allround,0,0,0,1,0
Herald brat 125,2020,Allround,0,0,0,1,0
Hartford hyper 125,2020,Allround,0,0,0,0,0
Ajs isaba 125,2020,Allround,0,0,0,0,0
Zontes 310 v,2020,Allround,0,0,0,0,0
Ducati multistrada 1260 d-air,2020,Allround,1,0,1,1,0
Ajs highway star 125,2020,Allround,0,0,0,0,0
Ajs cadwell clubman 125,2020,Allround,0,0,0,0,0
Hanway scrambler 50,2020,Allround,0,0,0,0,0
Hanway scrambler 125,2020,Allround,0,0,0,0,0
Ducati diavel 1260,2020,Allround,1,0,1,0,0
Ducati diavel 1260 s,2020,Allround,1,0,1,0,0
Genuine Scooter g400c,2020,Allround,0,0,0,0,0
Serpento aspid 150,2020,Allround,0,0,0,1,0
Fb Mondial hps 300,2020,Allround,0,0,0,1,0
Ducati scrambler icon dark,2020,Allround,1,0,0,0,0
Ducati scrambler full throttle,2020,Allround,1,0,0,0,0
Ducati multistrada 1260 s,2020,Allround,1,0,1,1,0
Ducati scrambler cafe racer,2020,Allround,1,0,0,0,0
Ducati multistrada 950,2020,Allround,1,0,1,1,0
Ducati multistrada 950 s,2020,Allround,1,0,1,1,0
Triumph bonneville bobber,2020,Allround,1,0,1,0,0
Goes cobalt,2020,ATV,0,0,0,1,0
Cf Moto cforce 450,2020,ATV,0,0,0,0,0
Goes iron ltd,2020,ATV,0,0,0,1,0
Goes copper,2020,ATV,0,0,0,1,0
Goes cobalt max,2020,ATV,0,0,0,1,0
Bennche gray wolf 500,2020,ATV,0,0,0,1,0
Goes cobalt ltd,2020,ATV,0,0,0,1,0
Mitt 220 atv,2020,ATV,0,0,0,0,0
Goes iron,2020,ATV,0,0,0,1,0
Triumph thruxton tfc,2020,Classic,1,0,1,1,0
Orcal astor 125,2020,Classic,0,0,0,0,0
Norton superlight ss,2020,Classic,1,0,1,1,0
Triumph bobber tfc,2020,Classic,1,0,1,0,0
Norton breitling sport,2020,Classic,1,0,1,0,0
Norton dominator street,2020,Classic,1,0,1,0,0
Triumph bonneville t120 bud ekins,2020,Classic,1,0,1,0,0
Triumph bonneville speedmaster,2020,Classic,1,0,1,0,0
Moto Guzzi v7 iii carbon,2020,Classic,1,0,0,0,0
Triumph thruxton 1200 r,2020,Classic,1,0,1,0,0
Swm six days 440,2020,Classic,0,0,0,1,0
Vervemoto classic s 250i,2020,Classic,0,0,0,0,0
Triumph thruxton 1200rs,2020,Classic,1,0,1,0,0
Benelli imperiale 400,2020,Classic,0,0,0,0,0
Ural ct,2020,Classic,1,1,0,0,0
Fb Mondial sport classic 300,2020,Classic,0,0,0,0,0
Horex vr6 raw,2020,Classic,1,1,1,0,0
Triumph bonneville t100 black,2020,Classic,1,0,0,0,0
Triumph bonneville t100 bud ekins,2020,Classic,1,0,0,0,0
Ural red october ii,2020,Classic,1,1,0,0,0
Vervemoto scrambler 125i,2020,Classic,0,0,0,0,0
Triumph bonneville t120,2020,Classic,1,0,1,0,0
Triumph bonneville bobber black,2020,Classic,1,0,1,0,0
Triumph scrambler 1200 xc,2020,Classic,1,0,1,1,0
Triumph scrambler 1200xe,2020,Classic,1,0,1,1,0
Ducati scrambler sixty2,2020,Classic,0,0,0,0,0
Husqvarna fc 450 rockstar edition,2020,Cross / motocross,0,0,0,1,0
Ktm 450 sx-f,2020,Cross / motocross,0,0,0,1,0
Husqvarna fc 350,2020,Cross / motocross,0,0,0,1,0
Husqvarna tc 125,2020,Cross / motocross,0,0,0,1,0
Husqvarna fc 250,2020,Cross / motocross,0,0,0,1,0
Ktm 450 sx-f cairoli,2020,Cross / motocross,0,0,0,1,0
Hunter cafe racer,2020,Custom / cruiser,0,0,0,0,0
Harley-Davidson fxdr 114,2020,Custom / cruiser,1,0,1,0,0
Harley-Davidson freewheeler,2020,Custom / cruiser,1,0,1,0,0
Dafra horizon 150,2020,Custom / cruiser,0,0,0,0,0
Harley-Davidson fat boy 114,2020,Custom / cruiser,1,0,1,0,0
Harley-Davidson fat bob 114,2020,Custom / cruiser,1,0,1,0,0
Harley-Davidson deluxe,2020,Custom / cruiser,1,0,1,0,0
Hunter bobber 350,2020,Custom / cruiser,0,0,0,0,0
Hunter cruiser 250,2020,Custom / cruiser,0,0,0,0,0
Hunter spyder 350,2020,Custom / cruiser,0,0,0,0,0
Harley-Davidson breakout 114,2020,Custom / cruiser,1,0,1,0,0
Harley-Davidson 1200 custom,2020,Custom / cruiser,1,0,0,0,0
Mitt 400 mb,2020,Custom / cruiser,0,0,0,0,0
Indian challenger,2020,Custom / cruiser,1,0,1,0,0
Indian challenger dark horse,2020,Custom / cruiser,1,0,1,0,0
Indian challenger limited,2020,Custom / cruiser,1,0,1,0,0
Indian ftr 1200,2020,Custom / cruiser,1,0,1,1,0
Indian ftr 1200 s,2020,Custom / cruiser,1,0,1,1,0
Indian ftr rally,2020,Custom / cruiser,1,0,1,1,0
Indian scout,2020,Custom / cruiser,1,0,1,0,0
Indian scout 100th anniversary edition,2020,Custom / cruiser,1,0,1,0,0
Indian scout bobber,2020,Custom / cruiser,1,0,1,0,0
Indian scout sixty,2020,Custom / cruiser,1,0,1,0,0
Indian scout sixty abs,2020,Custom / cruiser,1,0,1,0,0
Italika tc250,2020,Custom / cruiser,0,0,0,0,0
Junak m 12 125,2020,Custom / cruiser,0,0,0,0,0
Junak m16 125,2020,Custom / cruiser,0,0,0,0,0
Sinnis hoodlum 125,2020,Custom / cruiser,0,0,0,0,0
Lifan c-man3,2020,Custom / cruiser,0,0,0,0,0
Lifan custom v250,2020,Custom / cruiser,0,0,0,0,0
Lifan k19,2020,Custom / cruiser,0,0,0,0,0
Triumph rocket 3 tfc,2020,Custom / cruiser,1,1,1,0,0
Triumph rocket 3 r,2020,Custom / cruiser,1,1,1,0,0
Triumph rocket 3 gt,2020,Custom / cruiser,1,1,1,0,0
Harley-Davidson softail heritage classic 114,2020,Custom / cruiser,1,0,1,0,0
Harley-Davidson softail low rider s,2020,Custom / cruiser,1,0,1,0,0
Harley-Davidson softail slim,2020,Custom / cruiser,1,0,1,0,0
Harley-Davidson sport glide,2020,Custom / cruiser,1,0,1,0,0
Harley-Davidson sportster forty-eight,2020,Custom / cruiser,1,0,0,0,0
Harley-Davidson street 750,2020,Custom / cruiser,1,0,0,0,0
Harley-Davidson street bob,2020,Custom / cruiser,1,0,1,0,0
Harley-Davidson street rod,2020,Custom / cruiser,1,0,0,0,0
Harley-Davidson superlow,2020,Custom / cruiser,1,0,0,0,0
Harley-Davidson low rider,2020,Custom / cruiser,1,0,1,0,0
Harley-Davidson iron 883,2020,Custom / cruiser,1,0,0,0,0
Harley-Davidson heritage classic,2020,Custom / cruiser,1,0,1,0,0
Fb Mondial smx enduro,2020,Enduro / offroad,0,0,0,1,0
Serpento defender 150,2020,Enduro / offroad,0,0,0,1,0
Irbis ttr 223r,2020,Enduro / offroad,0,0,0,1,0
Ktm 690 enduro r,2020,Enduro / offroad,1,0,0,1,0
Benelli leoncino 250,2020,Enduro / offroad,0,0,0,0,0
Christini awd 450 ds,2020,Enduro / offroad,0,0,0,1,0
Christini awd 450 e,2020,Enduro / offroad,0,0,0,1,0
Christini awd 450 explorer,2020,Enduro / offroad,0,0,0,1,0
Ducati scrambler tangerine icon,2020,Enduro / offroad,1,0,0,0,0
Ducati multistrada 1260 enduro,2020,Enduro / offroad,1,0,1,1,0
California Scooter tt250,2020,Enduro / offroad,0,0,0,1,0
Benelli leoncino 500,2020,Enduro / offroad,0,0,0,0,0
Lifan x-pect,2020,Enduro / offroad,0,0,0,1,0
Moto Guzzi v85 tt travel,2020,Enduro / offroad,1,0,1,0,0
Lifan x-pect 200,2020,Enduro / offroad,0,0,0,1,0
Ducati scrambler desert sled,2020,Enduro / offroad,1,0,0,1,0
Moto Morini super scrambler,2020,Enduro / offroad,1,0,1,1,0
Benelli leoncino 800 trail,2020,Enduro / offroad,1,0,1,1,0
Hanway xray 50,2020,Enduro / offroad,0,0,0,1,0
Husqvarna fx 450,2020,Enduro / offroad,0,0,0,1,0
Husqvarna fx 350,2020,Enduro / offroad,0,0,0,1,0
Rokon scout,2020,Enduro / offroad,0,0,0,0,0
Ajp pr7 adventure 650,2020,Enduro / offroad,1,0,0,1,0
Italika dm 150 sport,2020,Enduro / offroad,0,0,0,1,0
Fb Mondial flat track 125,2020,Enduro / offroad,0,0,0,1,0
Italika dm 200,2020,Enduro / offroad,0,0,0,1,0
Italika dm200 sport,2020,Enduro / offroad,0,0,0,1,0
Italika dm250,2020,Enduro / offroad,0,0,0,1,0
Hartford vr-220h,2020,Enduro / offroad,0,0,0,1,0
Benelli leoncino 500 trail,2020,Enduro / offroad,0,0,0,1,0
Triumph tiger 900 rally pro,2020,Enduro / offroad,1,1,1,1,0
Triumph tiger 900 rally,2020,Enduro / offroad,1,1,1,1,0
Triumph tiger 900 gt pro,2020,Enduro / offroad,1,1,1,0,0
Triumph tiger 900 gt low,2020,Enduro / offroad,1,1,1,0,0
Triumph tiger 900 gt,2020,Enduro / offroad,1,1,1,0,0
Swm rs 500 r,2020,Enduro / offroad,0,0,0,1,0
Husqvarna 701 enduro,2020,Enduro / offroad,1,0,0,1,0
Sinnis blade x,2020,Enduro / offroad,0,0,0,1,0
Ktm 350 exc-f six days,2020,Enduro / offroad,0,0,0,1,0
Ktm 390 adventure,2020,Enduro / offroad,0,0,0,1,0
Benelli tornado naked t 125,2020,"Minibike, sport",0,0,0,0,0
Lifan kpmini 150,2020,"Minibike, sport",0,0,0,0,0
Benelli tnt 135,2020,"Minibike, sport",0,0,0,0,0
Italika vrex,2020,"Minibike, sport",0,0,0,0,0
Junak 126 cm,2020,Naked bike,0,0,0,0,0
Aprilia shiver 900,2020,Naked bike,1,0,1,0,0
Aprilia tuono v4 1100 factory,2020,Naked bike,1,1,1,1,0
Aprilia tuono v4 1100 rr,2020,Naked bike,1,1,1,1,0
Benelli bn 125,2020,Naked bike,0,0,0,0,0
Benelli bn 302,2020,Naked bike,0,0,0,0,0
Benelli leoncino 800,2020,Naked bike,1,0,1,0,0
Benelli tnt 300,2020,Naked bike,0,0,0,0,0
Benelli tnt 600,2020,Naked bike,1,1,0,0,0
Benelli tornado naked t 600,2020,Naked bike,1,1,0,0,0
Bmw r ninet scrambler,2020,Naked bike,1,1,1,1,0
Bmw r ninet scrambler sport,2020,Naked bike,1,1,1,1,0
Bmw s 1000 r,2020,Naked bike,1,1,1,1,0
Ccm foggy edition spitfire,2020,Naked bike,1,0,0,1,0
Ccm foggy s edition spitfire,2020,Naked bike,1,0,0,1,0
Ccm spitfire bobber,2020,Naked bike,1,0,0,0,0
Ccm spitfire six,2020,Naked bike,1,0,0,1,0
Ccm spitfire stealth six,2020,Naked bike,1,0,0,1,0
Ducati monster 1200 s,2020,Naked bike,1,0,1,0,0
Ducati monster 821,2020,Naked bike,1,0,1,0,0
Ducati monster 821  stealth,2020,Naked bike,1,0,1,0,0
Ducati multistrada 1260 pikes peak,2020,Naked bike,1,0,1,1,0
Ducati panigale superleggera v4,2020,Naked bike,1,1,1,1,0
Ducati streetfighter v4 s,2020,Naked bike,1,1,1,1,0
Hanway furious 250,2020,Naked bike,0,0,0,0,0
Harley-Davidson roadster,2020,Naked bike,1,0,0,0,0
Herald maverick 125,2020,Naked bike,0,0,0,1,0
Herald rambler 125,2020,Naked bike,0,0,0,0,0
Horex vr6 cafe racer,2020,Naked bike,1,1,1,0,0
Italika dt250sport,2020,Naked bike,0,0,0,0,0
Italika v0rt-x200,2020,Naked bike,0,0,0,1,0
Italika v0rt-x300,2020,Naked bike,0,0,0,0,0
Italika v0rt-x650,2020,Naked bike,1,0,0,1,0
Izuka iz180r,2020,Naked bike,0,0,0,0,0
Izuka iz250,2020,Naked bike,0,0,0,0,0
Junak 121 fl,2020,Naked bike,0,0,0,0,0
Junak 125 racer,2020,Naked bike,0,0,0,0,0
Junak 125 s,2020,Naked bike,0,0,0,0,0
Junak 905,2020,Naked bike,0,0,0,0,0
Junak 905 f,2020,Naked bike,0,0,0,0,0
Junak m11 125 cafe,2020,Naked bike,0,0,0,0,0
Kawasaki z400,2020,Naked bike,0,0,0,0,0
Keeway rkf 125,2020,Naked bike,0,0,0,0,0
Ktm 125 duke,2020,Naked bike,0,0,0,1,0
Ktm 1290 super duke gt,2020,Naked bike,1,0,1,1,0
Ktm 1290 super duke r,2020,Naked bike,1,0,1,1,0
Ktm 390 duke,2020,Naked bike,0,0,0,1,0
Ktm 790 duke,2020,Naked bike,1,0,1,1,0
Ktm 790 duke l,2020,Naked bike,1,0,1,1,0
Ktm 890 duke r,2020,Naked bike,1,0,1,1,0
Lifan kp350,2020,Naked bike,0,0,0,0,0
Lifan kps200,2020,Naked bike,0,0,0,0,0
Megelli naked 250s,2020,Naked bike,0,0,0,0,0
Moto Morini corsaro  zt,2020,Naked bike,1,0,1,1,0
Moto Morini corsaro zz,2020,Naked bike,1,0,1,1,0
Motomel sirius 250,2020,Naked bike,0,0,0,0,0
Mv Agusta brutale 1000 rr,2020,Naked bike,1,1,1,1,0
Mv Agusta brutale 1000 serie oro,2020,Naked bike,1,1,1,1,0
Mv Agusta brutale 800 rosso,2020,Naked bike,1,1,1,1,0
Mv Agusta brutale 800 rr,2020,Naked bike,1,1,1,1,0
Mv Agusta brutale 800 rr scs,2020,Naked bike,1,1,1,1,0
Mv Agusta dragster 800 rosso,2020,Naked bike,1,1,1,1,0
Mv Agusta dragster 800 rr,2020,Naked bike,1,1,1,1,0
Mv Agusta dragster 800 rr scs,2020,Naked bike,1,1,1,1,0
Mv Agusta rush 1000,2020,Naked bike,1,1,1,1,0
Triumph speed triple rs,2020,Naked bike,1,1,1,1,0
Triumph speed triple s,2020,Naked bike,1,1,1,1,0
Triumph street scrambler,2020,Naked bike,1,0,0,0,0
Triumph street triple r lrh,2020,Naked bike,1,1,1,1,0
Triumph street triple rs,2020,Naked bike,1,1,1,1,0
Triumph street triple s,2020,Naked bike,1,1,0,0,0
Triumph street triple s a2 licence,2020,Naked bike,1,1,0,0,0
Voge 300r,2020,Naked bike,0,0,0,0,0
Voge 500r,2020,Naked bike,0,0,0,0,0
Zontes 310 t1,2020,Naked bike,0,0,0,0,0
Bimota tesi h2,2020,Prototype / concept model,1,1,1,0,0
Aprilia srv 850,2020,Scooter,1,0,1,0,0
Piaggio beverly s 300 abs asr,2020,Scooter,0,0,0,0,0
Aprilia sr motard 125,2020,Scooter,0,0,0,0,0
Aprilia sr motard 50,2020,Scooter,0,0,0,1,0
Piaggio beverly 300 abs asr,2020,Scooter,0,0,0,0,0
Skygo archer,2020,Scooter,0,0,0,0,0
Hanway flash 50,2020,Scooter,0,0,0,0,0
Hanway flash 125,2020,Scooter,0,0,0,1,0
Hamachi alex one 200,2020,Scooter,0,0,0,0,0
Italika d125,2020,Scooter,0,0,0,0,0
Italika d150,2020,Scooter,0,0,0,0,0
Italika ds125,2020,Scooter,0,0,0,0,0
Italika ds150g,2020,Scooter,0,0,0,0,0
Tvs ntorq 125,2020,Scooter,0,0,0,0,0
Italika modena 175,2020,Scooter,0,0,0,0,0
Italika vitala 150,2020,Scooter,0,0,0,0,0
Sinnis shuttle 125,2020,Scooter,0,0,0,0,0
Italika vitala 25,2020,Scooter,0,0,0,0,0
Italika ws150sport,2020,Scooter,0,0,0,0,0
Sinnis matrix 3i,2020,Scooter,0,0,0,0,0
Italika ws175sport,2020,Scooter,0,0,0,0,0
Sinnis jet ii,2020,Scooter,0,0,0,0,0
Italika xs150,2020,Scooter,0,0,0,0,0
Sinnis hero 125,2020,Scooter,0,0,0,0,0
Italjet dragster,2020,Scooter,0,0,0,0,0
Sinnis harrier,2020,Scooter,0,0,0,0,0
Skygo duke,2020,Scooter,0,0,0,0,0
Skygo hero,2020,Scooter,0,0,0,0,0
Junak 104,2020,Scooter,0,0,0,0,0
Junak 607,2020,Scooter,0,0,0,0,0
Junak 609 125,2020,Scooter,0,0,0,0,0
Junak 711,2020,Scooter,0,0,0,0,0
Junak 805,2020,Scooter,0,0,0,0,0
Junak 806 125,2020,Scooter,0,0,0,0,0
Junak johnny 108,2020,Scooter,0,0,0,0,0
Junak vintage 125,2020,Scooter,0,0,0,0,0
Junak vintage 50,2020,Scooter,0,0,0,0,0
Suzuki burgman 125 street,2020,Scooter,0,0,0,0,0
Wt Motors bomber 125,2020,Scooter,0,0,0,0,0
Scomadi tt 200,2020,Scooter,0,0,0,0,0
Kentoya maximus-i 125,2020,Scooter,0,0,0,0,0
Scomadi tt 125,2020,Scooter,0,0,0,0,0
Kentoya rush-i 125,2020,Scooter,0,0,0,1,0
Wt Motors bomber 151,2020,Scooter,0,0,0,0,0
Kymco ak 550,2020,Scooter,1,0,0,0,0
Kymco downtown 350i tcs,2020,Scooter,0,0,0,0,0
Royal Alloy gt 125i,2020,Scooter,0,0,0,0,0
Kymco x-town 300i,2020,Scooter,0,0,0,0,0
Kymco xciting s400i,2020,Scooter,0,0,0,0,0
Lambretta v125 special,2020,Scooter,0,0,0,0,0
Lambretta v200 special flex,2020,Scooter,0,0,0,0,0
Honda forza 300,2020,Scooter,0,0,0,0,0
Ajs digita 50,2020,Scooter,0,0,0,0,0
Honda sh125i,2020,Scooter,0,0,0,0,0
Lambretta v50 special,2020,Scooter,0,0,0,0,0
Ajs insetto 125,2020,Scooter,0,0,0,0,0
Lifan ares 110,2020,Scooter,0,0,0,0,0
Adiva ad3 300lt,2020,Scooter,0,0,0,0,0
Ajs modena 125,2020,Scooter,0,0,0,0,0
Lifan blink,2020,Scooter,0,0,0,0,0
Lifan bws125,2020,Scooter,0,0,0,0,0
Lifan ct-ray,2020,Scooter,0,0,0,0,0
Lifan cub-adv,2020,Scooter,0,0,0,0,0
Lifan jojo 110,2020,Scooter,0,0,0,0,0
Lifan kpv150,2020,Scooter,0,0,0,0,0
Lifan pk110f,2020,Scooter,0,0,0,0,0
Lifan pk125m,2020,Scooter,0,0,0,0,0
Lifan pks110,2020,Scooter,0,0,0,0,0
Lifan showing 110,2020,Scooter,0,0,0,0,0
Lifan vintage,2020,Scooter,0,0,0,0,0
Dafra citycom 300i,2020,Scooter,0,0,0,0,0
Dafra cityclass 200i,2020,Scooter,0,0,0,0,0
Vento spectra 5i 125,2020,Scooter,0,0,0,0,0
Mash city 125 e4,2020,Scooter,0,0,0,0,0
Yamaha fascino,2020,Scooter,0,0,0,0,0
Mitt 50 rt,2020,Scooter,0,0,0,0,0
Honda sh150i,2020,Scooter,0,0,0,0,0
Yamaha ray z,2020,Scooter,0,0,0,0,0
Bmw c 650 sport,2020,Scooter,1,0,0,0,0
Vespa gts super racing sixties,2020,Scooter,0,0,0,0,0
Bmw c 650 gt,2020,Scooter,1,0,0,0,0
Bmw c 400 x,2020,Scooter,0,0,0,0,0
Bintelli escape 49,2020,Scooter,0,0,0,0,0
Bintelli bolt 150,2020,Scooter,0,0,0,0,0
Benelli caffenero 250,2020,Scooter,0,0,0,0,0
Benelli caffenero 150,2020,Scooter,0,0,0,0,0
Peugeot metropolis access,2020,Scooter,0,0,0,0,0
Sym max 600i abs,2020,Scooter,1,0,0,0,0
Sym max 400i abs,2020,Scooter,0,0,0,0,0
Peugeot metropolis ultimate business,2020,Scooter,0,0,0,0,0
Aprilia srv 850 abs-atc,2020,Scooter,1,0,1,0,0
Peugeot metropolis ultimate sport,2020,Scooter,0,0,0,0,0
Aprilia rsv4 rr,2020,Sport,1,1,1,1,0
Ajs cadwell 125,2020,Sport,0,0,0,0,0
Zontes 310 x1,2020,Sport,0,0,0,0,0
Yamaha yzf-r1m,2020,Sport,1,1,1,1,0
Aprilia rsv4 1100 factory,2020,Sport,1,1,1,1,0
Aprilia rsv4 rf,2020,Sport,1,1,1,1,0
Swm gran turismo,2020,Sport,0,0,0,0,0
Aurora hellfire v8,2020,Sport,1,1,1,1,0
Nembo la 32,2020,Sport,1,1,1,1,0
Mv Agusta turismo veloce 800 rosso,2020,Sport,1,1,1,1,0
Mv Agusta superveloce 800 serie oro,2020,Sport,1,1,1,1,0
Mv Agusta superveloce 800,2020,Sport,1,1,1,1,0
Bmw g 310 r,2020,Sport,0,0,0,0,0
Mv Agusta f3 800 rc,2020,Sport,1,1,1,0,0
Mv Agusta f3 800,2020,Sport,1,1,1,1,0
Mv Agusta f3 675,2020,Sport,1,1,1,0,0
Bmw s 1000 xr,2020,Sport,1,1,1,1,0
Brough Superior anniversary,2020,Sport,1,0,1,1,0
Brough Superior pendine sand racer,2020,Sport,1,0,1,1,0
Brough Superior ss100,2020,Sport,1,0,1,1,0
Mitt 125 tk,2020,Sport,0,0,0,1,0
Mitt 125 pk max,2020,Sport,0,0,0,0,0
Mitt 125 pk,2020,Sport,0,0,0,0,0
Mitt 125 gp-2,2020,Sport,0,0,0,0,0
Mitt 125 gp limited,2020,Sport,0,0,0,0,0
Triumph daytona moto tm 765 limited edition,2020,Sport,1,1,1,1,0
Megelli sport 250 r,2020,Sport,0,0,0,0,0
Malaguti rst125,2020,Sport,0,0,0,1,0
Dafra apache rtr 200,2020,Sport,0,0,0,0,0
Dafra next 300,2020,Sport,0,0,0,0,0
Dafra nh 190,2020,Sport,0,0,0,1,0
Ducati 1299 panigale r final edition,2020,Sport,1,0,1,1,0
Lifan ss3,2020,Sport,0,0,0,0,0
Lifan road bar 150,2020,Sport,0,0,0,0,0
Lifan kpr150,2020,Sport,0,0,0,0,0
Lifan kpr 200,2020,Sport,0,0,0,0,0
Lifan kpm-200,2020,Sport,0,0,0,0,0
Lifan kpm 200,2020,Sport,0,0,0,0,0
Lifan kp150f,2020,Sport,0,0,0,0,0
Lifan kp150,2020,Sport,0,0,0,0,0
Lifan kp-200,2020,Sport,0,0,0,0,0
Lifan hunter 150,2020,Sport,0,0,0,0,0
Lifan em150l,2020,Sport,0,0,0,0,0
Lifan ccr150,2020,Sport,0,0,0,0,0
Lifan camel 150,2020,Sport,0,0,0,0,0
Ducati panigale v2,2020,Sport,1,0,1,1,0
Ducati panigale v4,2020,Sport,1,1,1,1,0
Ducati panigale v4 r,2020,Sport,1,1,1,1,0
Ducati panigale v4 s,2020,Sport,1,1,1,1,0
Ktm rc 390,2020,Sport,0,0,0,1,0
Ktm rc 125,2020,Sport,0,0,0,1,0
Ducati supersport s,2020,Sport,1,0,1,0,0
Kawasaki ninja 400 se,2020,Sport,0,0,0,0,0
Kawasaki ninja 400 krt se,2020,Sport,0,0,0,0,0
Junak rx one 125,2020,Sport,0,0,0,0,0
Junak rsk 125,2020,Sport,0,0,0,0,0
Junak raw 50,2020,Sport,0,0,0,0,0
Junak furious,2020,Sport,0,0,0,0,0
Junak 902,2020,Sport,0,0,0,0,0
Junak 901,2020,Sport,0,0,0,0,0
Ducati xdiavel,2020,Sport,1,0,1,0,0
Italika xt110,2020,Sport,0,0,0,0,0
Italika rt250,2020,Sport,0,0,0,0,0
Italika rt200,2020,Sport,0,0,0,0,0
Ducati xdiavel s,2020,Sport,1,0,1,0,0
Italika ft180 ts,2020,Sport,0,0,0,0,0
Italika ft 250 ts,2020,Sport,0,0,0,0,0
Italika fiera 150,2020,Sport,0,0,0,0,0
Italika dt150 sport,2020,Sport,0,0,0,0,0
Italika dt125sport,2020,Sport,0,0,0,0,0
Italika dt 200 sport,2020,Sport,0,0,0,0,0
Italika at125rt,2020,Sport,0,0,0,0,0
Italika at110 rt,2020,Sport,0,0,0,0,0
Italika at110,2020,Sport,0,0,0,0,0
Italika 250 z,2020,Sport,0,0,0,0,0
Italika 200z,2020,Sport,0,0,0,0,0
Italika 150 z,2020,Sport,0,0,0,0,0
Italika 150 sz,2020,Sport,0,0,0,0,0
Italika 125 z,2020,Sport,0,0,0,0,0
Voge 300rr,2020,Sport,0,0,0,0,0
Hunter sniper tt350x,2020,Sport,0,0,0,0,0
Mv Agusta turismo veloce lusso,2020,Sport touring,1,1,1,1,0
Cf Moto 650gt abs,2020,Sport touring,1,0,0,0,0
Ducati multistrada 1260 s grand tour,2020,Sport touring,1,0,1,1,0
Voge 500ds,2020,Sport touring,0,0,0,1,0
Swm superdual x,2020,Sport touring,1,0,0,1,0
Italika v200,2020,Sport touring,0,0,0,0,0
Swm superdual t,2020,Sport touring,1,0,0,1,0
Mv Agusta turismo veloce lusso rc scs,2020,Sport touring,1,1,1,1,0
Italika vx250efi,2020,Sport touring,0,0,0,1,0
Mv Agusta turismo veloce lusso scs,2020,Sport touring,1,1,1,1,0
Jawa-Cz 660 sportard,2020,Super motard,1,0,0,1,0
Ajp pr3 supermoto 125,2020,Super motard,0,0,0,1,0
Sinnis akuma 125,2020,Super motard,0,0,0,0,0
Triumph tiger 800 xrx low,2020,Super motard,1,1,1,0,0
Triumph tiger 800 xrx,2020,Super motard,1,1,1,0,0
Husqvarna 701 supermoto,2020,Super motard,1,0,0,1,0
Triumph tiger 800 xrt,2020,Super motard,1,1,1,0,0
Triumph tiger 800 xr,2020,Super motard,1,1,1,0,0
Triumph tiger 800 xcx,2020,Super motard,1,1,1,0,0
Triumph tiger 800 xca,2020,Super motard,1,1,1,1,0
Italika dm125,2020,Super motard,0,0,0,0,0
Italika dm 150,2020,Super motard,0,0,0,1,0
Ktm 690 smc r,2020,Super motard,1,0,0,1,0
Hanway xtm 50,2020,Super motard,0,0,0,1,0
Fb Mondial smx motard,2020,Super motard,0,0,0,1,0
Hamachi rcx 250,2020,Super motard,0,0,0,0,0
Ajp pr3 supermoto 240,2020,Super motard,0,0,0,1,0
Ajp pr3 supermoto pro 125,2020,Super motard,0,0,0,1,0
Ajp pr3 supermoto pro 240,2020,Super motard,0,0,0,1,0
Aprilia dorsoduro 900,2020,Super motard,1,0,1,1,0
Lifan kp mini,2020,Super motard,0,0,0,0,0
Husqvarna fs 450,2020,Super motard,0,0,0,1,0
Ajp pr4 supermoto pro 240,2020,Super motard,0,0,0,1,0
Suzuki v-strom 650,2020,Super motard,1,0,0,1,0
Christini awd military,2020,Super motard,0,0,0,1,0
Christini awd 450 sm,2020,Super motard,0,0,0,1,0
Harley-Davidson electra glide standard,2020,Touring,1,0,1,0,0
Harley-Davidson superlow 120t,2020,Touring,1,0,0,0,0
Moto Guzzi california 1400 touring,2020,Touring,1,0,1,0,0
Harley-Davidson road king,2020,Touring,1,0,1,0,0
Harley-Davidson road glide limited,2020,Touring,1,0,1,0,0
Harley-Davidson tri glide ultra,2020,Touring,1,0,1,0,0
Benelli trk 251,2020,Touring,0,0,0,1,0
Voge 650ds,2020,Touring,1,0,0,0,0
Harley-Davidson street glide,2020,Touring,1,0,1,0,0
Harley-Davidson road glide special,2020,Touring,1,0,1,0,0
Harley-Davidson road king special,2020,Touring,1,0,1,0,0
Harley-Davidson cvo limited,2020,Touring,1,0,1,0,0
Harley-Davidson cvo street glide,2020,Touring,1,0,1,0,0
Bmw k 1600 gt,2020,Touring,1,1,1,0,0
Harley-Davidson ultra limited,2020,Touring,1,0,1,0,0
Harley-Davidson cvo road glide,2020,Touring,1,0,1,0,0
Harley-Davidson cvo tri glide,2020,Touring,1,0,1,0,0
Harley-Davidson road glide,2020,Touring,1,0,1,0,0
Harley-Davidson street glide special,2020,Touring,1,0,1,0,0
Lifan kp250,2020,Trial,0,0,0,0,0
Senke sk150 hunter,2021,Allround,0,0,0,0,0
Italika dt 110 delivery,2021,Allround,0,0,0,0,0
Herald cafe 400,2021,Allround,0,0,0,0,0
Moto Guzzi v9 bobber sport,2021,Allround,1,0,0,0,0
Vento wind 125,2021,Allround,0,0,0,0,0
Voge 300ac,2021,Allround,0,0,0,0,0
Um renegade commando 150,2021,Allround,0,0,0,0,0
Benelli trk 502 x,2021,Allround,0,0,0,1,0
Benelli trk 502,2021,Allround,0,0,0,0,0
Mh bogga rocker  125,2021,Allround,0,0,0,0,0
Mh bogga 125,2021,Allround,0,0,0,0,0
Orcal astor 125,2021,Allround,0,0,0,0,0
Csc Motorcycles rx4,2021,Allround,0,0,0,1,0
Benelli imperiale 400,2021,Allround,0,0,0,0,0
Husqvarna svartpilen 401,2021,Allround,0,0,0,1,0
Ducati diavel 1260 lamborghini,2021,Allround,1,0,1,0,0
Ducati multistrada 950,2021,Allround,1,0,1,1,0
Ducati multistrada 950 s,2021,Allround,1,0,1,1,0
Skyteam rocket 125,2021,Allround,0,0,0,0,0
Triumph speed twin,2021,Allround,1,0,1,0,0
Lexmoto tempest gt 125,2021,Allround,0,0,0,0,0
Benelli 502c,2021,Allround,0,0,0,0,0
Suzuki raider r150,2021,Allround,0,0,0,0,0
Bennche mb200,2021,Allround,0,0,0,0,0
Kymco spade 150i,2021,Allround,0,0,0,0,0
Skyteam classic 50,2021,Allround,0,0,0,0,0
Ducati scrambler icon,2021,Allround,1,0,0,0,0
Ducati scrambler nightshift,2021,Allround,1,0,0,0,0
Triumph tiger 1200 xca,2021,Allround,1,1,1,1,0
Ktm 1290 super adventure s,2021,Allround,1,0,1,1,0
Triumph tiger 1200 xcx,2021,Allround,1,1,1,1,0
Ktm 1290 super adventure r,2021,Allround,1,0,1,1,0
Triumph tiger 1200 xr,2021,Allround,1,1,1,1,0
Triumph tiger 1200 xrt,2021,Allround,1,1,1,1,0
Triumph tiger 1200 xrx,2021,Allround,1,1,1,0,0
Triumph tiger 1200 xrx low,2021,Allround,1,1,1,0,0
Keeway rks 150 gs,2021,Allround,0,0,0,0,0
Kawasaki versys-x 300 se,2021,Allround,0,0,0,1,0
Kawasaki versys 650 lt,2021,Allround,1,0,0,1,0
Kawasaki versys 650,2021,Allround,1,0,0,1,0
Horex vr6 classic hl,2021,Allround,1,1,1,0,0
Brixton cromwell 250,2021,Allround,0,0,0,0,0
Senke sk150-20,2021,Allround,0,0,0,0,0
Horex vr6 classic,2021,Allround,1,1,1,0,0
Sommer diesel 516,2021,Allround,0,1,0,0,0
Sinnis bomber 125,2021,Allround,0,0,0,0,0
Gymotor cb200,2021,Allround,0,0,0,0,0
Janus phoenix 250,2021,Allround,0,0,0,0,0
Janus halcyon 450,2021,Allround,0,0,0,0,0
Janus halcyon 250,2021,Allround,0,0,0,0,0
Janus gryffin 250,2021,Allround,0,0,0,1,0
Goes iron,2021,ATV,0,0,0,1,0
Cf Moto cforce 450,2021,ATV,0,0,0,0,0
Polaris sportsman 850 high lifter,2021,ATV,1,0,1,1,0
Kymco maxxer 450i,2021,ATV,0,0,0,1,0
Polaris scrambler xp 1000 s,2021,ATV,1,0,1,1,0
Tgb blade 520,2021,ATV,0,0,0,1,0
Bennche gray wolf 400,2021,ATV,0,0,0,1,0
Polaris sportsman touring xp 1000,2021,ATV,1,0,1,1,0
Polaris sportsman xp 1000 s,2021,ATV,1,0,1,1,0
Baltmotors vanguard,2021,ATV,0,0,0,0,0
Tgb blade 600 se-x eps,2021,ATV,1,0,0,1,0
Access minisport 110,2021,ATV,0,0,0,0,0
Polaris sportsman xp 1000,2021,ATV,1,0,1,1,0
Bennche gray wolf 500,2021,ATV,0,0,0,1,0
Polaris sportsman 570,2021,ATV,1,0,0,1,0
Polaris sportsman 850,2021,ATV,1,0,1,1,0
Polaris sportsman 450 h.o.,2021,ATV,0,0,0,1,0
Polaris sportsman touring 570,2021,ATV,1,0,0,1,0
Tgb blade 600 se,2021,ATV,1,0,0,1,0
Polaris scrambler 850,2021,ATV,1,0,1,1,0
Bennche pathcross 650l,2021,ATV,1,0,0,1,0
Vervemoto classic s 125i,2021,Classic,0,0,0,0,0
Cleveland ace 250,2021,Classic,0,0,0,0,0
Triumph thruxton rs,2021,Classic,1,0,1,0,0
Ural frwl,2021,Classic,1,1,0,0,0
Cleveland ace 400,2021,Classic,0,0,0,0,0
Ural geo,2021,Classic,1,1,0,0,0
Qingqi u-zeal 200r cafe racer,2021,Classic,0,0,0,0,0
Triumph scrambler 1200 xc,2021,Classic,1,0,1,1,0
Triumph scrambler 1200 xe,2021,Classic,1,0,1,1,0
Triumph scrambler 1200 bond edition,2021,Classic,1,0,1,1,0
Ccm raf benevolent fund spitfire,2021,Classic,1,0,0,0,0
Moto Guzzi v7 stone centenario,2021,Classic,1,0,0,0,0
Skyteam ace 125,2021,Classic,0,0,0,0,0
Ural gear up,2021,Classic,1,1,0,0,0
Triumph scrambler 1200 steve mcqueen,2021,Classic,1,0,1,1,0
Wk scrambler 125,2021,Classic,0,0,0,0,0
Swm six days 500,2021,Classic,0,0,0,1,0
Skyteam ace-r 50,2021,Classic,0,0,0,0,0
Ural ct,2021,Classic,1,1,0,0,0
Ducati scrambler 1100 dark pro,2021,Classic,1,0,1,0,0
Husqvarna fc 250,2021,Cross / motocross,0,0,0,1,0
Husqvarna fc 450 rock star,2021,Cross / motocross,0,0,0,1,0
Ktm 450 sx-f factory,2021,Cross / motocross,0,0,0,1,0
Gas Gas mc 125,2021,Cross / motocross,0,0,0,1,0
Husqvarna fc 350,2021,Cross / motocross,0,0,0,1,0
Husqvarna tc 125,2021,Cross / motocross,0,0,0,1,0
Ktm 450 sx-f,2021,Cross / motocross,0,0,0,1,0
Gas Gas mc 250f,2021,Cross / motocross,0,0,0,1,0
Husqvarna fc 450,2021,Cross / motocross,0,0,0,1,0
Sinnis hoodlum 125,2021,Custom / cruiser,0,0,0,0,0
Bmw r 18,2021,Custom / cruiser,1,1,1,0,0
Bmw r 18 classic,2021,Custom / cruiser,1,1,1,0,0
Indian ftr 1200 r carbon,2021,Custom / cruiser,1,0,1,0,0
Indian ftr 1200,2021,Custom / cruiser,1,0,1,1,0
Harley-Davidson breakout,2021,Custom / cruiser,1,0,1,0,0
Keeway k-light 125,2021,Custom / cruiser,0,0,0,0,0
Indian vintage dark horse,2021,Custom / cruiser,1,0,1,0,0
Harley-Davidson fat bob 114,2021,Custom / cruiser,1,0,1,0,0
Hunter spyder 350,2021,Custom / cruiser,0,0,0,0,0
Triumph rocket 3 gt,2021,Custom / cruiser,1,1,1,0,0
Boss Hoss sierra trike,2021,Custom / cruiser,1,1,1,0,0
Keeway patagonian eagle 250,2021,Custom / cruiser,0,0,0,0,0
Indian challenger limited,2021,Custom / cruiser,1,0,1,0,0
Senke sk150,2021,Custom / cruiser,0,0,0,0,0
Hyosung aquila gv125s,2021,Custom / cruiser,0,0,0,0,0
Harley-Davidson softail slim,2021,Custom / cruiser,1,0,1,0,0
Keeway superlight 125,2021,Custom / cruiser,0,0,0,0,0
Indian scout,2021,Custom / cruiser,1,0,1,0,0
Horex vr6 raw,2021,Custom / cruiser,1,1,1,0,0
Keeway superlight 125 limited e4,2021,Custom / cruiser,0,0,0,0,0
Indian chieftain limited,2021,Custom / cruiser,1,0,1,0,0
Harley-Davidson forty-eight,2021,Custom / cruiser,1,0,0,0,0
Harley-Davidson freewheeler,2021,Custom / cruiser,1,0,1,0,0
Indian vintage,2021,Custom / cruiser,1,0,1,0,0
Harley-Davidson heritage classic,2021,Custom / cruiser,1,0,1,0,0
Indian challenger,2021,Custom / cruiser,1,0,1,0,0
Harley-Davidson heritage classic 114,2021,Custom / cruiser,1,0,1,0,0
Triumph rocket 3 r,2021,Custom / cruiser,1,1,1,0,0
Indian challenger dark horse,2021,Custom / cruiser,1,0,1,0,0
Mitt 440 mb,2021,Custom / cruiser,0,0,0,0,0
Harley-Davidson iron 883,2021,Custom / cruiser,1,0,0,0,0
Triumph rocket 3 gt triple black,2021,Custom / cruiser,1,1,1,0,0
Indian ftr rally,2021,Custom / cruiser,1,0,1,1,0
Indian scout bobber twenty,2021,Custom / cruiser,1,0,1,0,0
Leonart daytona 125 x,2021,Custom / cruiser,0,0,0,0,0
Indian scout sixty,2021,Custom / cruiser,1,0,1,0,0
Moto Guzzi mgx-21  1400,2021,Custom / cruiser,1,0,1,0,0
Indian ftr 1200 s,2021,Custom / cruiser,1,0,1,1,0
Triumph rocket 3 r black,2021,Custom / cruiser,1,1,1,0,0
Harley-Davidson fat boy 114,2021,Custom / cruiser,1,0,1,0,0
Indian scout bobber sixty,2021,Custom / cruiser,1,0,1,0,0
Indian scout bobber,2021,Custom / cruiser,1,0,1,0,0
Harley-Davidson sport glide,2021,Custom / cruiser,1,0,1,0,0
Jawa 350 ohc,2021,Custom / cruiser,0,0,0,0,0
Ducati scrambler desert sled fasthouse,2021,Enduro / offroad,1,0,0,1,0
Moto Guzzi v85 tt centenario,2021,Enduro / offroad,1,0,1,0,0
Malaguti xtm125,2021,Enduro / offroad,0,0,0,1,0
Benelli leoncino 500,2021,Enduro / offroad,0,0,0,0,0
Orion rx 250,2021,Enduro / offroad,0,0,0,1,0
Husqvarna svartpilen 125,2021,Enduro / offroad,0,0,0,1,0
Aprilia rx 125,2021,Enduro / offroad,0,0,0,1,0
Moto Guzzi v85 tt premium graphics,2021,Enduro / offroad,1,0,1,0,0
Husqvarna fx 450,2021,Enduro / offroad,0,0,0,1,0
Ducati desert sled fasthouse,2021,Enduro / offroad,1,0,0,1,0
Ducati multistrada 1260 enduro,2021,Enduro / offroad,1,0,1,1,0
Fantic xef 125 performance,2021,Enduro / offroad,0,0,0,1,0
Ajp spr 510r,2021,Enduro / offroad,0,0,0,1,0
Husqvarna fx 350,2021,Enduro / offroad,0,0,0,1,0
Moto Guzzi v85 tt travel,2021,Enduro / offroad,1,0,1,0,0
Husqvarna fe 450,2021,Enduro / offroad,0,0,0,1,0
Husqvarna fe 250,2021,Enduro / offroad,0,0,0,1,0
Skyteam scrambler 125,2021,Enduro / offroad,0,0,0,0,0
Harley-Davidson pan america 1250,2021,Enduro / offroad,1,0,1,0,0
Rieju marathon 125 pro,2021,Enduro / offroad,0,0,0,1,0
Bmw f 850 gs,2021,Enduro / offroad,1,0,1,1,0
Sinnis 125 terrain,2021,Enduro / offroad,0,0,0,0,0
Rokon mototractor,2021,Enduro / offroad,0,0,0,0,0
Fantic xef 250 trail,2021,Enduro / offroad,0,0,0,1,0
Rokon trail-breaker,2021,Enduro / offroad,0,0,0,0,0
Suzuki dr150,2021,Enduro / offroad,0,0,0,1,0
Um dsrx 200,2021,Enduro / offroad,0,0,0,1,0
Swm rs 125 r,2021,Enduro / offroad,0,0,0,1,0
Ducati scrambler desert sled,2021,Enduro / offroad,1,0,0,1,0
Husqvarna 701 enduro,2021,Enduro / offroad,1,0,0,1,0
Ktm 890 adventure r rally,2021,Enduro / offroad,1,0,1,1,0
Ktm 890 adventure r,2021,Enduro / offroad,1,0,1,1,0
Ktm 890 adventure l,2021,Enduro / offroad,1,0,1,1,0
Ktm 890 adventure,2021,Enduro / offroad,1,0,1,1,0
Um dsrx 150,2021,Enduro / offroad,0,0,0,1,0
Ktm 690 enduro r,2021,Enduro / offroad,1,0,0,1,0
Ktm 390 adventure,2021,Enduro / offroad,0,0,0,1,0
Triumph tiger 900 gt,2021,Enduro / offroad,1,1,1,0,0
Ktm 350 exc-f six days,2021,Enduro / offroad,0,0,0,1,0
Skyteam scrambler 50,2021,Enduro / offroad,0,0,0,0,0
Triumph tiger 900 gt pro,2021,Enduro / offroad,1,1,1,0,0
Ktm 125 xc,2021,Enduro / offroad,0,0,0,1,0
Ktm 125 sx,2021,Enduro / offroad,0,0,0,1,0
Um dsrx 140,2021,Enduro / offroad,0,0,0,1,0
Um dsrx 125,2021,Enduro / offroad,0,0,0,1,0
Keeway tx 125 e4,2021,Enduro / offroad,0,0,0,1,0
Sinnis terrain t380,2021,Enduro / offroad,0,0,0,1,0
Fantic caballero flat track 125,2021,Enduro / offroad,0,0,0,1,0
Fantic xef 125 competition,2021,Enduro / offroad,0,0,0,1,0
Voge 300ds,2021,Enduro / offroad,0,0,0,0,0
Mh x 125,2021,Enduro / offroad,0,0,0,1,0
Christini awd 450 e,2021,Enduro / offroad,0,0,0,1,0
Mh ryk 125,2021,Enduro / offroad,0,0,0,1,0
Christini awd 450 explorer,2021,Enduro / offroad,0,0,0,1,0
Moto Guzzi v85 tt,2021,Enduro / offroad,1,0,1,0,0
Skyteam skymax 125,2021,"Minibike, sport",0,0,0,0,0
Benelli tornado naked t 125,2021,"Minibike, sport",0,0,0,0,0
Skyteam skymax club 50,2021,"Minibike, sport",0,0,0,0,0
Skyteam skymax flat line 50,2021,"Minibike, sport",0,0,0,0,0
Skyteam skymini 125,2021,"Minibike, sport",0,0,0,0,0
Nipponia tremor 125,2021,"Minibike, sport",0,0,0,0,0
Mv Agusta dragster 800 rc scs,2021,Naked bike,1,1,1,1,0
Aprilia tuono v4,2021,Naked bike,1,1,1,1,0
Ktm 890 duke l,2021,Naked bike,1,0,1,1,0
Keeway rkf 125,2021,Naked bike,0,0,0,0,0
Ktm 890 duke r,2021,Naked bike,1,0,1,1,0
Moto Morini corsaro  zt,2021,Naked bike,1,0,1,1,0
Bmw r ninet scrambler,2021,Naked bike,1,1,1,1,0
Aprilia tuono v4 1100 factory,2021,Naked bike,1,1,1,1,0
Travertson v-rex,2021,Naked bike,1,0,1,0,0
Kymco k-pipe 125,2021,Naked bike,0,0,0,0,0
Ccm maverick,2021,Naked bike,1,0,0,1,0
Mv Agusta brutale 800 rr,2021,Naked bike,1,1,1,1,0
Horex vr6 cafe racer,2021,Naked bike,1,1,1,0,0
Mv Agusta brutale 800 rr scs,2021,Naked bike,1,1,1,1,0
Aprilia tuono 125,2021,Naked bike,0,0,0,0,0
Triumph trident 660,2021,Naked bike,1,1,1,0,0
Megelli naked 250s,2021,Naked bike,0,0,0,0,0
Aprilia tuono v4 1100 rr,2021,Naked bike,1,1,1,1,0
Mv Agusta rush 1000,2021,Naked bike,1,1,1,1,0
Zontes zt125-u,2021,Naked bike,0,0,0,0,0
Sinnis rsx125,2021,Naked bike,0,0,0,0,0
Neander kraftrad,2021,Naked bike,1,1,1,0,0
Ccm stealth foggy,2021,Naked bike,1,0,0,1,0
Triumph street triple rs,2021,Naked bike,1,1,1,1,0
Ccm stealth six,2021,Naked bike,1,0,0,1,0
Ccm spitfire bobber,2021,Naked bike,1,0,0,0,0
Leonart vessel 125,2021,Naked bike,0,0,0,0,0
Nipponia duel 125,2021,Naked bike,0,0,0,0,0
Triumph street scrambler,2021,Naked bike,1,0,0,0,0
Ccm foggy ft spitfire,2021,Naked bike,1,0,0,1,0
Um xtreet 230 r,2021,Naked bike,0,0,0,0,0
Um xtreet r,2021,Naked bike,0,0,0,0,0
Ccm street moto,2021,Naked bike,1,0,0,0,0
Cf Moto 250nk,2021,Naked bike,0,0,0,0,0
Ccm spitfire six,2021,Naked bike,1,0,0,1,0
Um xtreet rc,2021,Naked bike,0,0,0,0,0
Senke sk200 raptor,2021,Naked bike,0,0,0,0,0
Ccm stealth bobber,2021,Naked bike,1,0,0,0,0
Aprilia shiver 900,2021,Naked bike,1,0,1,0,0
Sym nh t 200,2021,Naked bike,0,0,0,0,0
Sym nh x 200,2021,Naked bike,0,0,0,0,0
Horex vr6 cafe racer hl,2021,Naked bike,1,1,1,0,0
Moto Morini corsaro zz,2021,Naked bike,1,0,1,1,0
Ccm foggy s spitfire,2021,Naked bike,1,0,0,1,0
Ccm blackout,2021,Naked bike,1,0,0,1,0
Herald mirage 125,2021,Naked bike,0,0,0,0,0
Ducati streetfighter v4 s,2021,Naked bike,1,1,1,1,0
Ktm 1290 super duke gt,2021,Naked bike,1,0,1,1,0
Mh nkz 125,2021,Naked bike,0,0,0,0,0
Ktm 1290 super duke r,2021,Naked bike,1,0,1,1,0
Ducati monster plus,2021,Naked bike,1,0,1,0,0
Ducati superleggera v4,2021,Naked bike,1,1,1,1,0
Triumph speed triple 1200 rs,2021,Naked bike,1,1,1,1,0
Ktm 1290 super duke rr,2021,Naked bike,1,0,1,1,0
Ktm 390 duke,2021,Naked bike,0,0,0,1,0
Ktm 125 duke,2021,Naked bike,0,0,0,1,0
Mv Agusta brutale 800 rosso,2021,Naked bike,1,1,1,1,0
Mh nkr 125,2021,Naked bike,0,0,0,0,0
Mv Agusta dragster 800 rr scs,2021,Naked bike,1,1,1,1,0
Mv Agusta brutale 1000 serie oro,2021,Naked bike,1,1,1,1,0
Mv Agusta dragster 800 rr,2021,Naked bike,1,1,1,1,0
Ducati monster,2021,Naked bike,1,0,1,0,0
Mv Agusta brutale 1000 rr,2021,Naked bike,1,1,1,1,0
Bmw s 1000 r,2021,Naked bike,1,1,1,1,0
Ktm 890 duke,2021,Naked bike,1,0,1,1,0
Mv Agusta dragster 800 rosso,2021,Naked bike,1,1,1,1,0
Peugeot speedfight 50 sportline,2021,Scooter,0,0,0,0,0
Bmw c 400 x,2021,Scooter,0,0,0,0,0
Yamaha mio z,2021,Scooter,0,0,0,0,0
Yamaha mio s,2021,Scooter,0,0,0,0,0
Yamaha freego s,2021,Scooter,0,0,0,0,0
Yamaha fino 125 blue core - grande,2021,Scooter,0,0,0,0,0
Mh sense 50,2021,Scooter,0,0,0,0,0
Mash city 50,2021,Scooter,0,0,0,0,0
Malaguti madison 300 anniversary edition,2021,Scooter,0,0,0,1,0
Malaguti madison 300,2021,Scooter,0,0,0,1,0
Yuki 125i falcon,2021,Scooter,0,0,0,0,0
Ajs modena 125,2021,Scooter,0,0,0,0,0
Suzuki skydrive 125 fi,2021,Scooter,0,0,0,0,0
Lambretta v50 special flex,2021,Scooter,0,0,0,0,0
Lambretta v50 special fix,2021,Scooter,0,0,0,0,0
Lambretta v200 special flex,2021,Scooter,0,0,0,0,0
Lambretta v200 special fix,2021,Scooter,0,0,0,0,0
Lambretta v125 special pirelli edition,2021,Scooter,0,0,0,0,0
Lambretta v125 special flex,2021,Scooter,0,0,0,0,0
Lambretta v125 special fix,2021,Scooter,0,0,0,0,0
Kymco x-town 300i,2021,Scooter,0,0,0,0,0
Kymco super 8 150x,2021,Scooter,0,0,0,0,0
Kymco people s150,2021,Scooter,0,0,0,0,0
Royal Alloy gt 200 lc,2021,Scooter,0,0,0,0,0
Kymco ak 550,2021,Scooter,1,0,0,0,0
Royal Alloy tg 125,2021,Scooter,0,0,0,0,0
Kymco agility 125,2021,Scooter,0,0,0,0,0
Sinnis the twist 50,2021,Scooter,0,0,0,0,0
Vespa gts 300 touring,2021,Scooter,0,0,0,0,0
Wt Motors miami grandvolum 250,2021,Scooter,0,0,0,0,0
Suzuki burgman 125 street,2021,Scooter,0,0,0,0,0
Royal Alloy tg 300,2021,Scooter,0,0,0,0,0
Scomadi tt 125,2021,Scooter,0,0,0,0,0
Keeway zahara 125,2021,Scooter,0,0,0,0,0
Keeway sip 125,2021,Scooter,0,0,0,0,0
Keeway ry6 50,2021,Scooter,0,0,0,0,0
Keeway logik 125,2021,Scooter,0,0,0,0,0
Keeway cs 110,2021,Scooter,0,0,0,0,0
Keeway cityblade 125 e4,2021,Scooter,0,0,0,0,0
Scomadi tt 200,2021,Scooter,0,0,0,0,0
Yamaha all new soul gt aks sss,2021,Scooter,0,0,0,0,0
Vespa gts super 300 tech,2021,Scooter,0,0,0,0,0
Sinnis encanto 50,2021,Scooter,0,0,0,0,0
Wk sx 125,2021,Scooter,0,0,0,0,0
Sinnis harrier,2021,Scooter,0,0,0,0,0
Sinnis jet ii,2021,Scooter,0,0,0,0,0
Sinnis shuttle 125,2021,Scooter,0,0,0,0,0
Vespa gts super 300 sport,2021,Scooter,0,0,0,0,0
Vespa gts super 300 racing sixties,2021,Scooter,0,0,0,0,0
Sinnis street 50,2021,Scooter,0,0,0,0,0
Vespa gts super 300,2021,Scooter,0,0,0,0,0
Vespa gts 300,2021,Scooter,0,0,0,0,0
Vespa gts 125,2021,Scooter,0,0,0,0,0
Um chill 50,2021,Scooter,0,0,0,0,0
Skygo blink 125,2021,Scooter,0,0,0,0,0
Um flash 110,2021,Scooter,0,0,0,0,0
Um powermax 125,2021,Scooter,0,0,0,0,0
Italika d150,2021,Scooter,0,0,0,0,0
Vespa gts 125 touring,2021,Scooter,0,0,0,0,0
Vespa gts super 125 tech,2021,Scooter,0,0,0,0,0
Honda forza 750,2021,Scooter,1,0,0,0,0
Vespa gts super 125 sport,2021,Scooter,0,0,0,0,0
Honda forza 350,2021,Scooter,0,0,0,0,0
Vespa gts super 125 racing sixties,2021,Scooter,0,0,0,0,0
Vespa gts super 125,2021,Scooter,0,0,0,0,0
Gilera fuoco 500ie,2021,Scooter,0,0,0,0,0
Piaggio beverly 300 hpe,2021,Scooter,0,0,0,0,0
Piaggio beverly s 400 hpe,2021,Scooter,0,0,0,0,0
Yamaha x-ride 125,2021,Scooter,0,0,0,0,0
Peugeot tweet 125 sbc,2021,Scooter,0,0,0,0,0
Aprilia sr 50 mt,2021,Scooter,0,0,0,0,0
Peugeot tweet  50,2021,Scooter,0,0,0,0,0
Peugeot speedfight 50 total sport,2021,Scooter,0,0,0,0,0
Aprilia sr 50 factory,2021,Scooter,0,0,0,0,0
Sym drgbt 160,2021,Scooter,0,0,0,0,0
Sym jet x 125,2021,Scooter,0,0,0,0,0
Sym joymax z plus 125,2021,Scooter,0,0,0,0,0
Peugeot metropolis allure,2021,Scooter,0,0,0,0,0
Peugeot metropolis active,2021,Scooter,0,0,0,0,0
Peugeot metropolis,2021,Scooter,0,0,0,0,0
Peugeot kisbee 50 tcr,2021,Scooter,0,0,0,0,0
Peugeot kisbee 50 rs,2021,Scooter,0,0,0,0,0
Peugeot kisbee 50 r,2021,Scooter,0,0,0,0,0
Peugeot kisbee 50 active pluss,2021,Scooter,0,0,0,0,0
Peugeot kisbee 50 active,2021,Scooter,0,0,0,0,0
Peugeot django 50 sport,2021,Scooter,0,0,0,0,0
Tao Motor evo 50,2021,Scooter,0,0,0,0,0
Peugeot django 125 abs,2021,Scooter,0,0,0,0,0
Peugeot citystar 125 sbc,2021,Scooter,0,0,0,0,0
Nipponia status 300,2021,Scooter,0,0,0,0,0
Nipponia msger 125,2021,Scooter,0,0,0,0,0
Nipponia miro-ii 125,2021,Scooter,0,0,0,0,0
Keeway rks 125 e4,2021,Sport,0,0,0,0,0
Mh street evolution 125,2021,Sport,0,0,0,0,0
Keeway urbanblade 50,2021,Sport,0,0,0,0,0
Ducati panigale v4 sp,2021,Sport,1,1,1,1,0
Mv Agusta turismo veloce 800 rosso,2021,Sport,1,1,1,1,0
Ducati supersport 950 s,2021,Sport,1,0,1,0,0
Ducati supersport 950,2021,Sport,1,0,1,0,0
Keeway rks 125 sport e4,2021,Sport,0,0,0,0,0
Ducati panigale v4 r,2021,Sport,1,1,1,1,0
Aprilia rsv4,2021,Sport,1,1,1,1,0
Suzuki gixxer 250,2021,Sport,0,0,0,0,0
Mv Agusta f3 800,2021,Sport,1,1,1,1,0
Arch krgt-1,2021,Sport,1,0,1,0,0
Zontes zt125-g1 scrambler,2021,Sport,0,0,0,0,0
Ducati panigale v2 bayliss,2021,Sport,1,0,1,1,0
Ducati panigale v2,2021,Sport,1,0,1,1,0
Bmw g 310 r,2021,Sport,0,0,0,0,0
Lifan kpm 200,2021,Sport,0,0,0,0,0
Aprilia rs 125 gp replica,2021,Sport,0,0,0,1,0
Aprilia rs 660,2021,Sport,1,0,1,1,0
Aprilia rs 660 35kw,2021,Sport,1,0,0,1,0
Mv Agusta superveloce 75 anniversario,2021,Sport,1,1,1,1,0
Ducati multistrada v4s,2021,Sport,1,1,1,1,0
Bennche scorpion 200,2021,Sport,0,0,0,0,0
Hero super splendor bs6,2021,Sport,0,0,0,0,0
Dafra nh 190,2021,Sport,0,0,0,1,0
Mv Agusta superveloce 800,2021,Sport,1,1,1,1,0
Bmw g 310 gs,2021,Sport,0,0,0,1,0
Bimota tesi h2,2021,Sport,1,1,1,1,0
Mv Agusta turismo veloce lusso scs polizia,2021,Sport,1,1,1,1,0
Aprilia rsv4 rr 1000,2021,Sport,1,1,1,1,0
Aprilia rsv4 1100 factory,2021,Sport,1,1,1,1,0
Malaguti dune 125,2021,Sport,0,0,0,0,0
Yamaha yzf-r1m,2021,Sport,1,1,1,1,0
Malaguti dune 125x black edition,2021,Sport,0,0,0,1,0
Malaguti monte pro 125,2021,Sport,0,0,0,0,0
Fantic caballero deluxe 125,2021,Sport,0,0,0,1,0
Honda rc213v repsol,2021,Sport,1,1,1,1,0
Um xtreet 180r,2021,Sport,0,0,0,1,0
Um xtreet 140 r,2021,Sport,0,0,0,1,0
Um max zr,2021,Sport,0,0,0,0,0
Um max zn,2021,Sport,0,0,0,0,0
Um hypersport 150,2021,Sport,0,0,0,1,0
Um duramax 125,2021,Sport,0,0,0,0,0
Ducati xdiavel s,2021,Sport,1,0,1,0,0
Um renegade vegas,2021,Sport,0,0,0,0,0
Italika rt250,2021,Sport,0,0,0,0,0
Malaguti monte pro 125 anniversary edition,2021,Sport,0,0,0,0,0
Italmoto tiquattro 125,2021,Sport,0,0,0,1,0
Gymotor ak200,2021,Sport,0,0,0,1,0
Jawa rvm 500,2021,Sport,0,0,0,1,0
Malaguti rst125,2021,Sport,0,0,0,0,0
Megelli sport 250r,2021,Sport,0,0,0,0,0
Triumph daytona moto2 765,2021,Sport,1,1,1,1,0
Mh revenge 125,2021,Sport,0,0,0,0,0
Mv Agusta superveloce alpine,2021,Sport,1,1,1,1,0
Ducati xdiavel dark,2021,Sport,1,0,1,0,0
Ducati xdiavel black star,2021,Sport,1,0,1,0,0
Mh revenge bravo edition 125,2021,Sport,0,0,0,0,0
Triumph tiger 850 sport,2021,Sport,1,1,1,0,0
Mv Agusta turismo veloce lusso,2021,Sport touring,1,1,1,1,0
Mv Agusta turismo veloce lusso scs,2021,Sport touring,1,1,1,1,0
Mv Agusta turismo veloce rc scs,2021,Sport touring,1,1,1,1,0
Ktm 690 smc r,2021,Super motard,1,0,0,1,0
Skygo stallion 150-sm,2021,Super motard,0,0,0,1,0
Sinnis akuma 125,2021,Super motard,0,0,0,0,0
Qjmotor qj750-7,2021,Super motard,1,0,1,0,0
Suzuki v-strom 650,2021,Super motard,1,0,0,1,0
Pitster Pro xtr 250 motard,2021,Super motard,0,0,0,1,0
Mh wyn 125,2021,Super motard,0,0,0,0,0
Megelli motard 250m,2021,Super motard,0,0,0,1,0
Malaguti xsm125,2021,Super motard,0,0,0,1,0
Triumph tiger 900 rally,2021,Super motard,1,1,1,1,0
Triumph tiger 900 rally pro,2021,Super motard,1,1,1,1,0
Um dsr sm,2021,Super motard,0,0,0,1,0
Husqvarna fs 450,2021,Super motard,0,0,0,1,0
Husqvarna 701 supermoto,2021,Super motard,1,0,0,1,0
Fantic xmf 125 performance,2021,Super motard,0,0,0,1,0
Fantic xmf 125 competition,2021,Super motard,0,0,0,1,0
Ducati hypermotard 950 rve,2021,Super motard,1,0,1,1,0
Ducati hypermotard 950,2021,Super motard,1,0,1,1,0
Aprilia dorsoduro 900,2021,Super motard,1,0,1,1,0
Harley-Davidson street glide,2021,Touring,1,0,1,0,0
Harley-Davidson cvo street glide,2021,Touring,1,0,1,0,0
Harley-Davidson cvo tri glide,2021,Touring,1,0,1,0,0
Harley-Davidson electra glide standard,2021,Touring,1,0,1,0,0
Harley-Davidson road glide,2021,Touring,1,0,1,0,0
Harley-Davidson road glide limited,2021,Touring,1,0,1,0,0
Harley-Davidson road glide special,2021,Touring,1,0,1,0,0
Harley-Davidson tri glide ultra,2021,Touring,1,0,1,0,0
Indian springfield dark horse,2021,Touring,1,0,1,0,0
Indian springfield,2021,Touring,1,0,1,0,0
Bmw k 1600 gt,2021,Touring,1,1,1,0,0
Indian roadmaster limited,2021,Touring,1,0,1,0,0
Indian roadmaster elite,2021,Touring,1,0,1,0,0
Harley-Davidson ultra limited,2021,Touring,1,0,1,0,0
Indian roadmaster dark horse,2021,Touring,1,0,1,0,0
Harley-Davidson road king,2021,Touring,1,0,1,0,0
Harley-Davidson street glide special,2021,Touring,1,0,1,0,0
Harley-Davidson road king special,2021,Touring,1,0,1,0,0
Moto Guzzi california touring 1400,2021,Touring,1,0,1,0,0
Indian roadmaster,2021,Touring,1,0,1,0,0
Harley-Davidson cvo limited,2021,Touring,1,0,1,0,0
Harley-Davidson cvo road glide,2021,Touring,1,0,1,0,0
Vertigo combat vertical 300,2021,Trial,0,0,0,0,0
Vertigo vertical r3 300,2021,Trial,0,0,0,0,0
Benelli imperiale 400,2022,Allround,0,0,0,0,0
Ducati diavel 1260 s,2022,Allround,1,0,1,0,0
Cleveland ace 250,2022,Allround,0,0,0,0,0
Ducati diavel 1260,2022,Allround,1,0,1,0,0
Ajs tempest roadster 125,2022,Allround,0,0,0,0,0
Ajs tempest scrambler 125,2022,Allround,0,0,0,0,0
Honda cg 125,2022,Allround,0,0,0,0,0
Qingqi qm125-2x cafe racer,2022,Allround,0,0,0,0,0
Horex vr6 classic,2022,Allround,1,1,1,0,0
Benelli 502 cruiser,2022,Allround,0,0,0,0,0
Orcal astor 125,2022,Allround,0,0,0,0,0
Benelli trk 502,2022,Allround,0,0,0,0,0
Benelli trk 502 x,2022,Allround,0,0,0,1,0
Nipponia cgr 200,2022,Allround,0,0,0,0,0
Sommer diesel 516,2022,Allround,0,1,0,0,0
Bennche mb200,2022,Allround,0,0,0,0,0
Brixton cromwell 250,2022,Allround,0,0,0,0,0
California Scooter sg250 cafe racer,2022,Allround,0,0,0,0,0
Honda ace 125,2022,Allround,0,0,0,0,0
Voge valico 500ds,2022,Allround,0,0,0,0,0
Moto Guzzi v9 bobber 850,2022,Allround,1,0,0,0,0
Kawasaki versys 650,2022,Allround,1,0,0,1,0
Kawasaki versys 650 lt,2022,Allround,1,0,0,1,0
Kawasaki versys 650 tourer,2022,Allround,1,0,0,1,0
Ducati scrambler nightshift,2022,Allround,1,0,0,0,0
Ducati scrambler icon dark,2022,Allround,1,0,0,0,0
Ducati scrambler icon,2022,Allround,1,0,0,0,0
Kurazai fighter 250,2022,Allround,0,0,0,1,0
Macbor eight mile,2022,Allround,0,0,0,0,0
Ducati multistrada v2 s,2022,Allround,1,0,1,1,0
Macbor eight mile 500 scrambler,2022,Allround,0,0,0,1,0
Macbor eight mile 500 street,2022,Allround,0,0,0,0,0
Macbor fun 125 plus,2022,Allround,0,0,0,0,0
Macbor lord martin,2022,Allround,0,0,0,0,0
Polaris sportsman 850,2022,ATV,1,0,1,1,0
Bennche pathcross 650l,2022,ATV,1,0,0,1,0
Polaris sportsman 450 h.o.,2022,ATV,0,0,0,1,0
Bennche gray wolf 400,2022,ATV,0,0,0,1,0
Polaris scrambler 850,2022,ATV,1,0,1,1,0
Goes copper 2.,2022,ATV,0,0,0,0,0
Goes cobalt 550 max limited,2022,ATV,0,0,0,1,0
Goes cobalt 550 max,2022,ATV,0,0,0,1,0
Polaris sportsman 570,2022,ATV,1,0,0,1,0
Polaris sportsman touring 850,2022,ATV,1,0,1,1,0
Polaris sportsman touring 570,2022,ATV,1,0,0,1,0
Bennche gray wolf 550l,2022,ATV,0,0,0,1,0
Polaris sportsman 6x6 570,2022,ATV,1,0,0,1,0
Aeon cobra 400 supermoto,2022,ATV,0,0,0,0,0
Polaris scrambler xp 1000 s limited,2022,ATV,1,0,1,1,0
Cf Moto cforce 625 touring,2022,ATV,1,0,0,0,0
Cf Moto cforce 520l,2022,ATV,0,0,0,0,0
Tgb blade 1000 ltx eps,2022,ATV,1,0,1,1,1
Polaris sportsman touring xp 1000  trail,2022,ATV,1,0,1,1,0
Polaris sportsman xp 1000,2022,ATV,1,0,1,1,0
Cf Moto cforce 625,2022,ATV,1,0,0,0,0
Polaris sportsman high lifter edition,2022,ATV,1,0,1,1,0
Factory Bike hummer 200,2022,ATV,0,0,0,1,0
Factory Bike hummer 150,2022,ATV,0,0,0,0,0
Bennche js110,2022,ATV,0,0,0,0,0
Bennche hawk 110,2022,ATV,0,0,0,1,0
Cf Moto cforce 520s,2022,ATV,0,0,0,0,0
Ducati scrambler 1100 dark pro,2022,Classic,1,0,1,0,0
Triumph scrambler 1200 steve mcqueen,2022,Classic,1,0,1,1,0
Ducati scrambler 1100 pro,2022,Classic,1,0,1,0,0
Ural ct,2022,Classic,1,1,0,0,0
Ducati scrambler 1100 tribute pro,2022,Classic,1,0,1,0,0
Moto Guzzi v7 stone,2022,Classic,1,0,0,0,0
Vervemoto scrambler 125i,2022,Classic,0,0,0,0,0
Moto Guzzi v9 roamer 850,2022,Classic,1,0,0,1,0
Ducati scrambler 1100 sport pro,2022,Classic,1,0,1,0,0
Triumph scrambler 1200 xc gold line,2022,Classic,1,0,1,1,0
Triumph scrambler 1200 xe,2022,Classic,1,0,1,1,0
Triumph scrambler 1200 xc,2022,Classic,1,0,1,1,0
Triumph thruxton rs ton up,2022,Classic,1,0,1,0,0
Ural gear up,2022,Classic,1,1,0,0,0
Triumph thruxton rs,2022,Classic,1,0,1,0,0
Factory Bike fx 110r,2022,Cross / motocross,0,0,0,0,0
Factory Bike fx 150f,2022,Cross / motocross,0,0,0,0,0
Honda crf450r,2022,Cross / motocross,0,0,0,1,0
Factory Bike j 10,2022,Cross / motocross,0,0,0,1,0
Husqvarna tc 125,2022,Cross / motocross,0,0,0,1,0
Factory Bike t4 250,2022,Cross / motocross,0,0,0,1,0
Ktm 450 sx-f,2022,Cross / motocross,0,0,0,1,0
Husqvarna fc 350,2022,Cross / motocross,0,0,0,1,0
Husqvarna fc 450,2022,Cross / motocross,0,0,0,1,0
Gas Gas mc 125,2022,Cross / motocross,0,0,0,1,0
Gas Gas mc 250f,2022,Cross / motocross,0,0,0,1,0
Husqvarna fc 250,2022,Cross / motocross,0,0,0,1,0
Indian challenger limited,2022,Custom / cruiser,1,0,1,0,0
Harley-Davidson freewheeler,2022,Custom / cruiser,1,0,1,0,0
Harley-Davidson forty-eight,2022,Custom / cruiser,1,0,0,0,0
Harley-Davidson fat boy 114,2022,Custom / cruiser,1,0,1,0,0
Harley-Davidson fat bob 114,2022,Custom / cruiser,1,0,1,0,0
Hyosung gv 300 s aquila,2022,Custom / cruiser,0,0,0,0,0
Indian challenger,2022,Custom / cruiser,1,0,1,0,0
Indian challenger dark horse,2022,Custom / cruiser,1,0,1,0,0
Sinnis outlaw 125,2022,Custom / cruiser,0,0,0,0,0
Indian chieftain limited,2022,Custom / cruiser,1,0,1,0,0
Indian ftr,2022,Custom / cruiser,1,0,1,1,0
Indian ftr 1200 r carbon,2022,Custom / cruiser,1,0,1,0,0
Macbor johnny be good,2022,Custom / cruiser,0,0,0,0,0
Indian ftr rally,2022,Custom / cruiser,1,0,1,1,0
Indian ftr s,2022,Custom / cruiser,1,0,1,1,0
Triumph rocket 3 r 221,2022,Custom / cruiser,1,1,1,0,0
Gymotor gn200 kazak,2022,Custom / cruiser,0,0,0,0,0
Mitt 440 mb custom,2022,Custom / cruiser,0,0,0,0,0
Indian scout,2022,Custom / cruiser,1,0,1,0,0
Indian scout bobber,2022,Custom / cruiser,1,0,1,0,0
Indian scout bobber sixty,2022,Custom / cruiser,1,0,1,0,0
Indian scout bobber twenty,2022,Custom / cruiser,1,0,1,0,0
Indian scout sixty,2022,Custom / cruiser,1,0,1,0,0
Bmw r 18,2022,Custom / cruiser,1,1,1,0,0
Bmw r 18 classic,2022,Custom / cruiser,1,1,1,0,0
Macbor rockster flat 125,2022,Custom / cruiser,0,0,0,0,0
Mitt 125 mb custom,2022,Custom / cruiser,0,0,0,0,0
Factory Bike pepper 370,2022,Custom / cruiser,0,0,0,0,0
Macbor rockster 125,2022,Custom / cruiser,0,0,0,0,0
Triumph rocket 3 r,2022,Custom / cruiser,1,1,1,0,0
Triumph rocket 3 gt 221,2022,Custom / cruiser,1,1,1,1,0
Triumph rocket 3 gt,2022,Custom / cruiser,1,1,1,1,0
Um renegade commando,2022,Custom / cruiser,0,0,0,0,0
Horex vr6 raw,2022,Custom / cruiser,1,1,1,0,0
Hunter bobber 350,2022,Custom / cruiser,0,0,0,0,0
Harley-Davidson iron 883,2022,Custom / cruiser,1,0,0,0,0
Triumph tiger 900 rally,2022,Enduro / offroad,1,1,1,1,0
Triumph tiger 900 bond edition,2022,Enduro / offroad,1,1,1,1,0
Moto Guzzi v85 tt travel,2022,Enduro / offroad,1,0,1,0,0
Rokon for preppers,2022,Enduro / offroad,0,0,0,1,0
Orion rfz gazelle 110,2022,Enduro / offroad,0,0,0,0,0
Factory Bike j3,2022,Enduro / offroad,0,0,0,1,0
Rokon scout,2022,Enduro / offroad,0,0,0,0,0
Ktm 125 sx,2022,Enduro / offroad,0,0,0,1,0
Ktm 125 xc,2022,Enduro / offroad,0,0,0,1,0
Rokon ranger,2022,Enduro / offroad,0,0,0,0,0
Rokon mototractor,2022,Enduro / offroad,0,0,0,0,0
Ducati desertx,2022,Enduro / offroad,1,0,1,1,0
Moto Guzzi v85 tt guardia donore,2022,Enduro / offroad,1,0,1,0,0
Benelli leoncino 500 es,2022,Enduro / offroad,0,0,0,0,0
Ktm 350 exc-f six days,2022,Enduro / offroad,0,0,0,1,0
Factory Bike s15 150,2022,Enduro / offroad,0,0,0,1,0
Husqvarna fx 450,2022,Enduro / offroad,0,0,0,1,0
Mh ryx 125,2022,Enduro / offroad,0,0,0,1,0
Husqvarna fe 450,2022,Enduro / offroad,0,0,0,1,0
Moto Guzzi v85 tt,2022,Enduro / offroad,1,0,1,1,0
Ducati scrambler desert sled,2022,Enduro / offroad,1,0,0,1,0
California Scooter tt250 dual sport,2022,Enduro / offroad,0,0,0,1,0
Mh x 125,2022,Enduro / offroad,0,0,0,1,0
Factory Bike s25 250,2022,Enduro / offroad,0,0,0,1,0
Rokon for hunters,2022,Enduro / offroad,0,0,0,1,0
Bmw r 1250 rt,2022,Enduro / offroad,1,1,1,0,0
Mv Agusta lucky explorer 9.5,2022,Enduro / offroad,1,1,1,1,0
Bmw f 850 gs,2022,Enduro / offroad,1,0,1,1,0
Nipponia atlas 200,2022,Enduro / offroad,0,0,0,1,0
Aprilia rx 125,2022,Enduro / offroad,0,0,0,1,0
Fantic xef 250 trail,2022,Enduro / offroad,0,0,0,1,0
Rokon trail-breaker,2022,Enduro / offroad,0,0,0,0,0
Triumph tiger 900 rally pro,2022,Enduro / offroad,1,1,1,1,0
Triumph tiger 900 gt,2022,Enduro / offroad,1,1,1,0,0
Rieju marathon 125 pro,2022,Enduro / offroad,0,0,0,1,0
Vervemoto tracker 125i,2022,Enduro / offroad,0,0,0,1,0
Qingqi qm125-2x scrambler,2022,Enduro / offroad,0,0,0,1,0
Husqvarna fx 350,2022,Enduro / offroad,0,0,0,1,0
Orion rfz thunder 250,2022,Enduro / offroad,0,0,0,1,0
Benelli leoncino 500 trail es,2022,Enduro / offroad,0,0,0,1,0
Husqvarna fe 250,2022,Enduro / offroad,0,0,0,1,0
Christini awd military,2022,Enduro / offroad,0,0,0,1,0
Factory Bike fbk 250 fx,2022,Enduro / offroad,0,0,0,1,0
Factory Bike fbk 250 rs,2022,Enduro / offroad,0,0,0,1,0
Factory Bike ak series,2022,Enduro / offroad,0,0,0,1,0
Factory Bike ak 47,2022,Enduro / offroad,0,0,0,1,0
Pitster Pro mxr 155,2022,"Minibike, cross",0,0,0,0,0
Polini 910 carena rs,2022,"Minibike, sport",0,0,0,0,0
Benelli tornado naked t 125,2022,"Minibike, sport",0,0,0,0,0
Ccm heritage 71,2022,Naked bike,1,0,0,1,0
Honda cb500f,2022,Naked bike,0,0,0,0,0
Horex vr6 cafe racer,2022,Naked bike,1,1,1,0,0
Gymotor cb190,2022,Naked bike,0,0,0,0,0
Voge brivido 500,2022,Naked bike,0,0,0,0,0
Factory Bike fk 370,2022,Naked bike,0,0,0,0,0
Triumph trident 660,2022,Naked bike,1,1,1,0,0
Kawasaki z900,2022,Naked bike,1,1,1,0,0
Ducati streetfighter v4 sp,2022,Naked bike,1,1,1,1,0
Ktm 1290 super duke gt,2022,Naked bike,1,0,1,1,0
Ducati streetfighter v2,2022,Naked bike,1,0,1,1,0
Triumph street triple rs,2022,Naked bike,1,1,1,1,0
Triumph street triple r,2022,Naked bike,1,1,1,1,0
Macbor shifter mc1,2022,Naked bike,0,0,0,0,0
Cf Moto 250nk,2022,Naked bike,0,0,0,0,0
Ccm street moto,2022,Naked bike,1,0,0,0,0
Ccm stealth six,2022,Naked bike,1,0,0,1,0
Ccm stealth bobber,2022,Naked bike,1,0,0,0,0
Ccm spitfire street tracker,2022,Naked bike,1,0,0,1,0
Ccm spitfire bobber,2022,Naked bike,1,0,0,0,0
Ccm maverick,2022,Naked bike,1,0,0,1,0
Moto Morini corsaro zt,2022,Naked bike,1,0,1,1,0
Moto Morini corsaro zz,2022,Naked bike,1,0,1,1,0
Mv Agusta brutale 1000 nurburgring,2022,Naked bike,1,1,1,1,0
Mv Agusta brutale 1000 nurburgring racing,2022,Naked bike,1,1,1,1,0
Mv Agusta brutale 1000 rr,2022,Naked bike,1,1,1,1,0
Mv Agusta brutale 1000 rs,2022,Naked bike,1,1,1,1,0
Mv Agusta brutale 800 rr,2022,Naked bike,1,1,1,1,0
Mv Agusta brutale rosso,2022,Naked bike,1,1,1,1,0
Mv Agusta dragster 800 rr scs,2022,Naked bike,1,1,1,1,0
Mv Agusta dragster rc scs,2022,Naked bike,1,1,1,1,0
Mv Agusta dragster rosso,2022,Naked bike,1,1,1,1,0
Bmw r ninet scrambler,2022,Naked bike,1,1,1,1,0
Mv Agusta dragster rr,2022,Naked bike,1,1,1,1,0
Mv Agusta rush 1000,2022,Naked bike,1,1,1,1,0
Aprilia tuono v4 factory,2022,Naked bike,1,1,1,1,0
Aprilia tuono v4,2022,Naked bike,1,1,1,0,0
Swm va 125z,2022,Naked bike,0,0,0,1,0
Aprilia tuono 125,2022,Naked bike,0,0,0,0,0
Aprilia shiver 900 35kw,2022,Naked bike,1,0,0,0,0
Aprilia shiver 900,2022,Naked bike,1,0,1,0,0
Norton v4sv superbike,2022,Prototype / concept model,1,1,1,1,0
Travertson v-rex-2,2022,Prototype / concept model,1,0,1,0,0
Gilera fuoco 500,2022,Scooter,0,0,0,0,0
Honda sh150i,2022,Scooter,0,0,0,0,0
Honda benly,2022,Scooter,0,0,0,0,0
Vespa gts super 300,2022,Scooter,0,0,0,0,0
Yuki 125i matrix iii,2022,Scooter,0,0,0,0,0
Vento rapid 125,2022,Scooter,0,0,0,0,0
Suzuki raider r150,2022,Scooter,0,0,0,0,0
Vespa gts super 300 racing sixties,2022,Scooter,0,0,0,0,0
Honda wave 110 r,2022,Scooter,0,0,0,0,0
Honda nss350 forza,2022,Scooter,0,0,0,0,0
Vespa gts super 300 sport,2022,Scooter,0,0,0,0,0
Vespa gts 125 touring,2022,Scooter,0,0,0,0,0
Vespa gts super 300 tech,2022,Scooter,0,0,0,0,0
Piaggio liberty 125 s,2022,Scooter,0,0,0,0,0
Piaggio beverly 400 s,2022,Scooter,0,0,0,0,0
Over b3 125,2022,Scooter,0,0,0,0,0
Peugeot kisbee 50 street,2022,Scooter,0,0,0,0,0
Sym mask 50,2022,Scooter,0,0,0,0,0
Piaggio beverly 300 s,2022,Scooter,0,0,0,0,0
Sym joyride 300 16,2022,Scooter,0,0,0,0,0
Honda forza 350,2022,Scooter,0,0,0,0,0
Sym joyride 300,2022,Scooter,0,0,0,0,0
Suzuki burgman street,2022,Scooter,0,0,0,0,0
Peugeot metropolis sw,2022,Scooter,0,0,0,0,0
Scomadi tt125,2022,Scooter,0,0,0,0,0
Sym jet x 125,2022,Scooter,0,0,0,0,0
Peugeot speedfight 50,2022,Scooter,0,0,0,0,0
Yuki 125i coral,2022,Scooter,0,0,0,0,0
Suzuki viva r cool,2022,Scooter,0,0,0,0,0
Vespa gts 125,2022,Scooter,0,0,0,0,0
Peugeot streetzone 50,2022,Scooter,0,0,0,0,0
Peugeot tweet 125 active,2022,Scooter,0,0,0,0,0
Suzuki viva r style,2022,Scooter,0,0,0,0,0
Vespa gts super 125 racing sixties,2022,Scooter,0,0,0,0,0
Mitt 125 gt-max,2022,Scooter,0,0,0,0,0
Yuki 125i max,2022,Scooter,0,0,0,0,0
Lambretta v200 special,2022,Scooter,0,0,0,0,0
Lambretta v125 special,2022,Scooter,0,0,0,0,0
Lambretta v50 special,2022,Scooter,0,0,0,0,0
Kurazai razer 150,2022,Scooter,0,0,0,0,0
Vespa gts 300 touring,2022,Scooter,0,0,0,0,0
Vespa gts super 125 sport,2022,Scooter,0,0,0,0,0
Ajs insetto 125,2022,Scooter,0,0,0,0,0
Royal Alloy tg 125 s,2022,Scooter,0,0,0,0,0
Suzuki skydrive 125 fi,2022,Scooter,0,0,0,0,0
Yamaha mio gear,2022,Scooter,0,0,0,0,0
Yamaha mio gravis,2022,Scooter,0,0,0,0,0
Vespa gts 300 75th,2022,Scooter,0,0,0,0,0
Yamaha mio i125,2022,Scooter,0,0,0,0,0
Yamaha aerox 155,2022,Scooter,0,0,0,0,0
Tgb bull t 50 rs,2022,Scooter,0,0,0,0,0
Yamaha zuma 125,2022,Scooter,0,0,0,0,0
Bmw c 400 gt,2022,Scooter,0,0,0,0,0
Vespa gts 300,2022,Scooter,0,0,0,0,0
Honda forza 750,2022,Scooter,1,0,0,0,0
Vespa gts super 125 tech,2022,Scooter,0,0,0,0,0
Tvs scooty pep plus,2022,Scooter,0,0,0,0,0
Nipponia alma 150,2022,Scooter,0,0,0,0,0
Honda adv350,2022,Scooter,0,0,0,0,0
Vespa gts super 125,2022,Scooter,0,0,0,0,0
Yamaha mio sporty,2022,Scooter,0,0,0,0,0
Nipponia bws 150,2022,Scooter,0,0,0,0,0
Honda rs125,2022,Scooter,0,0,0,0,0
Suzuki best 125 fi,2022,Scooter,0,0,0,0,0
Honda sh125i,2022,Scooter,0,0,0,0,0
Aprilia rsv4,2022,Sport,1,1,1,1,0
Triumph tiger 850 sport,2022,Sport,1,1,1,0,0
Factory Bike f370,2022,Sport,0,0,0,0,0
Harley-Davidson sportster s,2022,Sport,1,0,1,0,0
Um xtreet 125,2022,Sport,0,0,0,0,0
California Scooter re3-sg400 san gabriel,2022,Sport,0,0,0,0,0
Brixton cromwell 1200,2022,Sport,1,0,1,0,0
Ajs cadwell 125,2022,Sport,0,0,0,0,0
Bmw s 1000 rr,2022,Sport,1,1,1,1,0
Mv Agusta f3 rosso,2022,Sport,1,1,1,1,0
Fantic caballero 500 anniversary,2022,Sport,0,0,0,1,0
Mv Agusta f3 rr,2022,Sport,1,1,1,1,0
Fantic caballero deluxe 125,2022,Sport,0,0,0,1,0
Bmw m 1000 rr,2022,Sport,1,1,1,1,0
Fantic caballero deluxe 500,2022,Sport,0,0,0,1,0
Mv Agusta f3 rr racing kit,2022,Sport,1,1,1,1,0
Bmw g 310 r,2022,Sport,0,0,0,0,0
Fantic caballero explorer 500,2022,Sport,0,0,0,1,0
Bmw g 310 gs,2022,Sport,0,0,0,1,0
Mv Agusta superveloce 800,2022,Sport,1,1,1,1,0
Fantic caballero flat track 125,2022,Sport,0,0,0,1,0
Mv Agusta superveloce 800 s,2022,Sport,1,1,1,1,0
Mv Agusta superveloce ago,2022,Sport,1,1,1,1,0
Mv Agusta superveloce alpine,2022,Sport,1,1,1,1,0
Fantic caballero flat track 500,2022,Sport,0,0,0,1,0
Bimota tesi h2,2022,Sport,1,1,1,1,0
Mv Agusta turismo veloce rosso,2022,Sport,1,1,1,1,0
Fantic caballero rally 500,2022,Sport,0,0,0,1,0
Fantic caballero scrambler 125,2022,Sport,0,0,0,1,0
Fantic caballero scrambler 500,2022,Sport,0,0,0,1,0
Nipponia orizon 200,2022,Sport,0,0,0,0,0
Nipponia ronin 200,2022,Sport,0,0,0,0,0
Nipponia zorro 180,2022,Sport,0,0,0,0,0
Bajaj pulsar f250,2022,Sport,0,0,0,0,0
Arch krgt-1,2022,Sport,1,0,1,0,0
Hero super splendor ismart,2022,Sport,0,0,0,0,0
Aprilia rsv4 factory,2022,Sport,1,1,1,1,0
Ktm rc 125,2022,Sport,0,0,0,1,0
Aprilia rs 660 limited,2022,Sport,1,0,1,1,0
Yamaha yzf-r1m,2022,Sport,1,1,1,1,0
Yamaha yzf-r1m world gp,2022,Sport,1,1,1,1,0
Aprilia rs 660 35kw,2022,Sport,1,0,0,1,0
Aprilia rs 660,2022,Sport,1,0,1,1,0
Macbor stormer r,2022,Sport,0,0,0,0,0
Sinnis gpx 125,2022,Sport,0,0,0,1,0
Shineray xy-250 3,2022,Sport,0,0,0,0,0
Triumph speed triple 1200 rr,2022,Sport,1,1,1,1,0
Triumph daytona moto2 765,2022,Sport,1,1,1,1,0
Ducati multistrada v2,2022,Sport,1,0,1,1,0
Ducati multistrada v4s,2022,Sport,1,1,1,1,0
Ducati panigale v2 bayliss,2022,Sport,1,0,1,1,0
Ducati panigale v4,2022,Sport,1,1,1,1,0
Cf Moto 250sr,2022,Sport,0,0,0,0,0
Ducati panigale v4 s,2022,Sport,1,1,1,1,0
Ktm rc 8c,2022,Sport,1,0,1,1,0
Ktm rc 390,2022,Sport,0,0,0,1,0
Mv Agusta turismo veloce lusso scs 800,2022,Sport touring,1,1,1,1,0
Mv Agusta turismo veloce lusso,2022,Sport touring,1,1,1,1,0
Macbor montana xr5 500,2022,Sport touring,0,0,0,1,0
Cf Moto 650gt,2022,Sport touring,1,0,0,0,0
Mv Agusta turismo veloce rc scs,2022,Sport touring,1,1,1,1,0
Um dsr aventure,2022,Super motard,0,0,0,0,0
Malaguti dune 125 adventure,2022,Super motard,0,0,0,0,0
Moto Morini x-cape 650-t,2022,Super motard,1,0,0,0,0
Fantic xmf 125 performance,2022,Super motard,0,0,0,1,0
Aprilia dorsoduro 900,2022,Super motard,1,0,1,1,0
Mh ryx  sm 125,2022,Super motard,0,0,0,1,0
Ducati hypermotard 950 sp,2022,Super motard,1,0,1,1,0
Benelli leoncino 250,2022,Super motard,0,0,0,0,0
Harley-Davidson pan america 1250 special,2022,Super motard,1,0,1,0,0
Suzuki v-strom 650,2022,Super motard,1,0,0,1,0
Harley-Davidson pan america 1250,2022,Super motard,1,0,1,0,0
Husqvarna fs 450,2022,Super motard,0,0,0,1,0
Hanway str 125,2022,Super motard,0,0,0,1,0
Ducati scrambler urban motard,2022,Super motard,1,0,0,0,0
Voge valico 650dsx,2022,Super motard,1,0,0,1,0
Mv Agusta lucky explorer 5.5,2022,Super motard,1,0,0,1,0
Harley-Davidson road glide,2022,Touring,1,0,1,0,0
Indian springfield,2022,Touring,1,0,1,0,0
Harley-Davidson street glide special,2022,Touring,1,0,1,0,0
Harley-Davidson road king,2022,Touring,1,0,1,0,0
Harley-Davidson street glide,2022,Touring,1,0,1,0,0
Indian roadmaster,2022,Touring,1,0,1,0,0
Harley-Davidson tri glide ultra,2022,Touring,1,0,1,0,0
Indian springfield dark horse,2022,Touring,1,0,1,0,0
Harley-Davidson road king special,2022,Touring,1,0,1,0,0
Indian roadmaster dark horse,2022,Touring,1,0,1,0,0
Indian roadmaster limited,2022,Touring,1,0,1,0,0
Harley-Davidson electra glide standard,2022,Touring,1,0,1,0,0
Harley-Davidson ultra limited,2022,Touring,1,0,1,0,0
Harley-Davidson road glide special,2022,Touring,1,0,1,0,0
Harley-Davidson road glide limited,2022,Touring,1,0,1,0,0
Vertigo nitro 300,2022,Trial,0,0,0,0,0
