id,Brand,Model,Year,Category,Engine Size (cc),Power (hp),Engine Cylinder,Fuel Capacity (Lts),Weight (kg),Seat Height (mm),Power-to-Weight (hp/kg)
41,Adiva,ad tre,2014,Scooter,205,20.6,Single cylinder,13.0,118.0,740.0,0.17
42,Adiva,ad tre 55,2014,Scooter,205,20.6,Single cylinder,13.0,215.0,740.0,0.1
46,Adiva,ad3 300,2019,Scooter,299,29.4,Single cylinder,11.0,202.0,700.0,0.15
47,Adiva,ad3 300lt,2020,Scooter,299,29.4,Single cylinder,12.2,202.0,700.0,0.15
48,Adiva,ad3 400,2018,Scooter,399,36.7,Single cylinder,11.0,257.0,770.0,0.14
49,Adiva,ad3 400,2019,Scooter,399,36.7,Single cylinder,11.0,257.0,770.0,0.14
52,Adiva,ar3 200,2018,Scooter,190,18.8,Single cylinder,14.0,231.0,700.0,0.08
59,Adiva,n125,2010,Scooter,124,10.3,Single cylinder,6.0,108.0,800.0,0.1
60,Adiva,n125,2011,Scooter,124,10.3,Single cylinder,6.0,108.0,800.0,0.1
61,Adiva,r125,2010,Scooter,124,10.3,Single cylinder,6.0,109.0,800.0,0.09
62,Adiva,r125,2011,Scooter,124,10.3,Single cylinder,6.0,109.0,800.0,0.09
170,Aeon,3d-350,2018,Scooter,346,25.0,Single cylinder,13.5,212.5,790.0,0.12
171,Aeon,3d-350,2019,Scooter,346,27.0,Single cylinder,13.5,212.5,790.0,0.13
172,Aeon,3d-350 r,2019,Scooter,346,30.0,Single cylinder,13.5,224.0,790.0,0.13
182,Aeon,cobra  rs 180,2010,Atv,169,8.7,Single cylinder,8.0,165.0,790.0,0.05
186,Aeon,cobra 220,2019,Atv,196,12.1,Single cylinder,7.3,193.0,790.0,0.06
189,Aeon,cobra 320,2010,Atv,196,16.1,Single cylinder,7.3,77.0,550.0,0.21
190,Aeon,cobra 400,2012,Atv,346,20.1,Single cylinder,9.3,207.0,790.0,0.1
193,Aeon,cobra 400 supermoto,2022,Atv,346,20.1,Single cylinder,9.3,207.0,780.0,0.1
195,Aeon,cobra 50,2010,Atv,49,3.6,Single cylinder,5.0,130.0,800.0,0.03
196,Aeon,cobra 50,2012,Atv,49,3.0,Single cylinder,5.0,129.0,800.0,0.02
198,Aeon,cobra supermoto,2018,Atv,346,20.1,Single cylinder,9.3,207.0,780.0,0.1
199,Aeon,cobra supermoto,2019,Atv,346,20.1,Single cylinder,9.3,207.0,780.0,0.1
201,Aeon,crossland 300,2010,Atv,272,18.1,Single cylinder,14.0,233.0,850.0,0.08
202,Aeon,crossland 600 efi,2018,Atv,565,20.1,Single cylinder,23.0,411.0,920.0,0.05
203,Aeon,crossland rx 400,2012,Atv,346,20.1,Single cylinder,14.0,230.0,850.0,0.09
204,Aeon,crossland x4 400,2012,Atv,346,20.1,Single cylinder,14.0,236.0,850.0,0.09
205,Aeon,elite 125,2012,Scooter,125,10.5,Single cylinder,13.5,165.0,800.0,0.06
207,Aeon,elite 250i,2019,Scooter,249,22.1,Single cylinder,13.5,167.0,750.0,0.13
208,Aeon,elite 350i,2012,Scooter,313,22.8,Single cylinder,13.5,172.0,800.0,0.13
209,Aeon,elite 400i,2014,Scooter,346,26.6,Single cylinder,13.5,172.0,800.0,0.15
210,Aeon,elite 400i abs,2018,Scooter,346,32.2,Single cylinder,13.5,180.0,800.0,0.18
211,Aeon,elite 400i abs,2019,Scooter,346,27.0,Single cylinder,13.5,180.0,800.0,0.15
212,Aeon,es 150,2019,Scooter,150,14.0,Single cylinder,7.0,124.0,774.0,0.11
214,Aeon,minikolt 50,2010,Atv,49,3.2,Single cylinder,3.4,77.0,550.0,0.04
215,Aeon,minikolt 50,2012,Atv,49,3.2,Single cylinder,3.4,77.0,550.0,0.04
216,Aeon,my 125i,2012,Allround,125,10.7,Single cylinder,6.0,108.0,735.0,0.1
217,Aeon,my 150,2019,Allround,149,14.0,Single cylinder,6.0,118.0,735.0,0.12
218,Aeon,overland 180,2010,Atv,169,8.7,Single cylinder,8.0,178.0,770.0,0.05
219,Aeon,overland 200 t3,2018,Atv,176,13.1,Single cylinder,9.0,195.0,800.0,0.07
220,Aeon,overland 600,2012,Atv,565,20.1,Single cylinder,24.0,342.0,820.0,0.06
221,Aeon,ozs 150,2019,Scooter,150,14.0,Single cylinder,7.0,110.0,750.0,0.13
223,Aeon,quadro 350d,2012,Scooter,313,22.8,Single cylinder,13.0,200.0,780.0,0.11
224,Aeon,revo 100,2010,Atv,96,6.6,Single cylinder,5.0,119.0,710.0,0.06
225,Aeon,revo 50,2010,Atv,49,3.6,Single cylinder,5.0,115.0,710.0,0.03
226,Aeon,urban 125,2012,Scooter,125,14.1,Single cylinder,13.5,168.0,815.0,0.08
227,Aeon,urban 350i,2012,Scooter,313,22.8,Single cylinder,13.5,177.0,815.0,0.13
228,Aeon,urban 350i,2014,Scooter,313,22.8,Single cylinder,13.5,177.0,815.0,0.13
229,Aeon,xboy 10,2012,"Minibike, Cross",49,3.4,Single cylinder,2.0,50.0,600.0,0.07
230,Aeon,xboy 12,2012,"Minibike, Cross",49,9.4,Single cylinder,2.0,55.0,650.0,0.17
333,Ajp,pr3 125 supermoto,2015,Super Motard,124,12.6,Single cylinder,7.0,102.0,840.0,0.12
337,Ajp,pr3 240 supermoto,2015,Super Motard,233,20.0,Single cylinder,7.0,106.0,840.0,0.19
351,Ajp,pr3 supermoto 125,2018,Super Motard,124,12.6,Single cylinder,7.0,104.0,810.0,0.12
352,Ajp,pr3 supermoto 125,2020,Super Motard,125,12.6,Single cylinder,7.0,104.0,840.0,0.12
353,Ajp,pr3 supermoto 240,2018,Super Motard,233,20.0,Single cylinder,7.0,108.0,810.0,0.19
354,Ajp,pr3 supermoto 240,2020,Super Motard,233,20.0,Single cylinder,7.0,108.0,840.0,0.19
355,Ajp,pr3 supermoto pro 125,2018,Super Motard,124,12.6,Single cylinder,7.0,104.0,840.0,0.12
356,Ajp,pr3 supermoto pro 125,2020,Super Motard,124,12.6,Single cylinder,7.0,104.0,840.0,0.12
357,Ajp,pr3 supermoto pro 240,2018,Super Motard,233,20.0,Single cylinder,7.0,108.0,810.0,0.19
358,Ajp,pr3 supermoto pro 240,2020,Super Motard,233,20.0,Single cylinder,7.0,108.0,840.0,0.19
362,Ajp,pr4 125 enduro,2010,Enduro / Offroad,124,12.5,Single cylinder,7.5,105.0,910.0,0.12
363,Ajp,pr4 125 enduro,2015,Enduro / Offroad,124,12.6,Single cylinder,7.0,105.0,920.0,0.12
366,Ajp,pr4 125 sm,2010,Super Motard,124,12.6,Single cylinder,7.5,104.0,910.0,0.12
377,Ajp,pr4 200 sm,2010,Super Motard,198,18.0,Single cylinder,7.5,106.0,910.0,0.17
381,Ajp,pr4 240 supermoto,2015,Super Motard,233,20.0,Single cylinder,7.0,115.0,870.0,0.17
392,Ajp,pr4 supermoto pro 240,2018,Super Motard,233,20.0,Single cylinder,7.0,115.0,870.0,0.17
393,Ajp,pr4 supermoto pro 240,2020,Super Motard,233,20.0,Single cylinder,7.0,115.0,870.0,0.17
407,Ajp,pr7,2015,Prototype / Concept Model,660,48.0,Single cylinder,17.0,155.0,920.0,0.31
409,Ajp,pr7 adventure 650,2018,Enduro / Offroad,660,48.0,Single cylinder,17.0,155.0,920.0,0.31
410,Ajp,pr7 adventure 650,2019,Enduro / Offroad,660,48.0,Single cylinder,17.0,155.0,920.0,0.31
411,Ajp,pr7 adventure 650,2020,Enduro / Offroad,600,48.0,Single cylinder,17.0,155.0,920.0,0.31
415,Ajp,spr 510r,2021,Enduro / Offroad,501,38.0,Single cylinder,9.5,119.0,960.0,0.32
417,Ajs,125 eco commuter,2011,Allround,124,10.1,Single cylinder,10.0,114.0,760.0,0.09
421,Ajs,a9 flight 125,2015,Scooter,124,7.4,Single cylinder,4.7,107.0,820.0,0.07
422,Ajs,bobber 125,2011,Custom / Cruiser,125,11.0,Twin,8.0,161.0,640.0,0.07
423,Ajs,bobber 125,2015,Custom / Cruiser,125,11.0,Twin,8.0,161.0,640.0,0.07
424,Ajs,bobber 125,2016,Custom / Cruiser,125,11.0,Twin,8.0,161.0,640.0,0.07
425,Ajs,cadwell 125,2018,Sport,124,9.9,Single cylinder,11.2,113.0,740.0,0.09
426,Ajs,cadwell 125,2020,Sport,124,9.9,Single cylinder,11.2,113.0,740.0,0.09
427,Ajs,cadwell 125,2022,Sport,124,9.9,Single cylinder,11.2,113.0,740.0,0.09
428,Ajs,cadwell clubman 125,2018,Classic,124,9.9,Single cylinder,11.2,113.0,740.0,0.09
429,Ajs,cadwell clubman 125,2020,Allround,124,9.9,Single cylinder,11.2,113.0,740.0,0.09
431,Ajs,crazy naked 50,2011,Scooter,40,3.5,Single cylinder,5.0,90.0,775.0,0.04
433,Ajs,daytona 125,2011,Custom / Cruiser,125,11.0,Twin,13.5,180.0,640.0,0.06
434,Ajs,daytona 125,2015,Custom / Cruiser,125,11.0,Twin,13.5,180.0,640.0,0.06
435,Ajs,daytona 125,2016,Custom / Cruiser,125,11.0,Twin,13.5,180.0,640.0,0.06
436,Ajs,dd 125e mk3,2015,Custom / Cruiser,125,11.0,Twin,14.0,145.0,700.0,0.08
437,Ajs,dd 125e-8,2016,Custom / Cruiser,125,11.0,Twin,14.0,160.0,700.0,0.07
438,Ajs,dd125e mk2,2011,Custom / Cruiser,125,11.0,Twin,14.0,145.0,700.0,0.08
440,Ajs,digita 50,2014,Scooter,49,2.0,Single cylinder,5.5,78.0,735.0,0.03
441,Ajs,digita 50,2015,Scooter,49,2.0,Single cylinder,5.5,78.0,735.0,0.03
442,Ajs,digita 50,2020,Scooter,49,2.0,Single cylinder,5.5,78.0,740.0,0.03
445,Ajs,eco-2 125,2015,Allround,124,10.1,Single cylinder,10.0,114.0,760.0,0.09
446,Ajs,eco-3,2016,Allround,124,10.1,Single cylinder,10.0,110.0,760.0,0.09
447,Ajs,eos 125,2016,Custom / Cruiser,125,10.7,Twin,13.5,180.0,640.0,0.06
448,Ajs,eos 125 mk2,2011,Custom / Cruiser,125,11.0,Twin,14.0,180.0,640.0,0.06
449,Ajs,eos 125 mk2,2015,Custom / Cruiser,125,11.0,Twin,14.0,180.0,640.0,0.06
450,Ajs,eos 350,2015,Custom / Cruiser,320,23.0,Twin,14.0,191.0,640.0,0.12
451,Ajs,exactly 125,2010,Scooter,124,6.2,Single cylinder,4.7,89.0,775.0,0.07
452,Ajs,exactly 125,2011,Scooter,124,6.2,Single cylinder,4.7,89.0,775.0,0.07
454,Ajs,exactly 50,2010,Scooter,40,2.5,Single cylinder,4.7,87.0,775.0,0.03
455,Ajs,exactly 50,2011,Scooter,40,2.5,Single cylinder,4.7,87.0,775.0,0.03
456,Ajs,firefox 50,2012,Scooter,49,3.0,Single cylinder,4.7,85.0,825.0,0.04
457,Ajs,firefox 50,2015,Scooter,49,3.0,Single cylinder,4.7,85.0,735.0,0.04
466,Ajs,highway star 125,2020,Allround,124,11.3,Single cylinder,19.0,164.0,710.0,0.07
467,Ajs,insetto 125,2018,Scooter,125,8.6,Single cylinder,7.2,115.0,789.0,0.07
468,Ajs,insetto 125,2020,Scooter,125,8.6,Single cylinder,7.2,115.0,789.0,0.07
469,Ajs,insetto 125,2022,Scooter,125,8.6,Single cylinder,7.2,115.0,789.0,0.07
470,Ajs,isaba 125,2020,Allround,124,10.7,Single cylinder,13.0,136.0,760.0,0.08
471,Ajs,jsm 50,2016,Super Motard,49,4.7,Single cylinder,8.5,105.0,820.0,0.04
472,Ajs,jsm 50 motard,2012,Super Motard,49,4.7,Single cylinder,8.5,105.0,820.0,0.04
473,Ajs,jsm motard,2015,Super Motard,49,4.7,Single cylinder,8.5,105.0,820.0,0.04
474,Ajs,jsm motard 125,2010,Super Motard,124,11.0,Single cylinder,8.5,115.0,760.0,0.1
475,Ajs,jsm motard 125,2011,Super Motard,124,10.1,Single cylinder,8.5,115.0,760.0,0.09
476,Ajs,jsm trail 125,2010,Trial,124,11.0,Single cylinder,8.5,115.0,760.0,0.1
477,Ajs,jsm trail 125,2011,Trial,124,10.1,Single cylinder,8.5,115.0,760.0,0.09
545,Ajs,modena 125,2014,Scooter,125,7.1,Single cylinder,4.5,95.0,735.0,0.07
546,Ajs,modena 125,2015,Scooter,124,7.1,Single cylinder,6.7,95.0,735.0,0.07
547,Ajs,modena 125,2020,Scooter,125,7.1,Single cylinder,4.6,95.0,735.0,0.07
548,Ajs,modena 125,2021,Scooter,125,7.1,Single cylinder,4.6,95.0,735.0,0.07
549,Ajs,modena 50,2014,Scooter,49,3.0,Single cylinder,4.5,86.0,735.0,0.03
550,Ajs,modena 50,2015,Scooter,49,3.0,Single cylinder,4.5,86.0,735.0,0.03
551,Ajs,nac12 125,2010,Sport,124,11.4,Twin,18.0,153.0,770.0,0.07
552,Ajs,nac12 125,2011,Sport,124,11.4,Twin,18.0,153.0,770.0,0.07
553,Ajs,nac12 125 mk2,2014,Sport,124,11.4,Twin,18.0,153.0,770.0,0.07
554,Ajs,nac12 125 mk2,2015,Sport,124,11.4,Twin,18.0,153.0,770.0,0.07
555,Ajs,r7,2015,Sport,124,10.6,Single cylinder,18.5,127.0,810.0,0.08
556,Ajs,r7,2016,Sport,124,10.6,Single cylinder,18.5,127.0,810.0,0.08
560,Ajs,regal raptor eco custom 125,2014,Custom / Cruiser,124,10.1,Single cylinder,14.0,136.0,740.0,0.07
561,Ajs,regal raptor eos 350,2014,Custom / Cruiser,320,23.0,Twin,8.0,180.0,640.0,0.13
563,Ajs,regal-raptor daytona 125,2010,Custom / Cruiser,125,11.0,Twin,13.5,180.0,640.0,0.06
564,Ajs,regal-raptor dd125 mk2,2010,Custom / Cruiser,125,11.0,Twin,14.0,145.0,700.0,0.08
568,Ajs,regal-raptor eos-125 mk2,2010,Allround,125,11.0,Twin,14.0,180.0,640.0,0.06
569,Ajs,sorvio 125,2015,Scooter,125,7.1,Single cylinder,6.0,98.0,735.0,0.07
570,Ajs,spt 350,2014,Custom / Cruiser,320,23.0,Twin,28.0,156.0,810.0,0.15
571,Ajs,stellar 350,2012,Custom / Cruiser,320,23.0,Twin,8.0,170.0,710.0,0.14
573,Ajs,tempest roadster 125,2018,Classic,124,9.9,Single cylinder,16.0,124.0,780.0,0.08
574,Ajs,tempest roadster 125,2020,Allround,124,9.5,Single cylinder,16.0,124.0,780.0,0.08
575,Ajs,tempest roadster 125,2022,Allround,124,9.5,Single cylinder,16.0,126.0,780.0,0.08
576,Ajs,tempest scrambler 125,2018,Allround,124,9.9,Single cylinder,16.0,124.0,780.0,0.08
577,Ajs,tempest scrambler 125,2020,Allround,124,9.9,Single cylinder,16.0,124.0,780.0,0.08
578,Ajs,tempest scrambler 125,2022,Allround,124,9.9,Single cylinder,16.0,124.0,780.0,0.08
579,Ajs,tn 12,2015,Naked Bike,124,10.2,Single cylinder,18.0,153.0,820.0,0.07
580,Ajs,tn 12,2016,Naked Bike,124,10.2,Single cylinder,18.0,153.0,820.0,0.07
581,Ajs,tn25 250,2016,Naked Bike,223,16.1,Single cylinder,12.5,134.0,820.0,0.12
623,American Ironhorse,slammer base,2010,Custom / Cruiser,1917,110.0,V2,13.24,320.0,635.0,0.34
628,American Ironhorse,texas chopper base,2010,Custom / Cruiser,1819,110.0,V2,13.0,317.0,643.0,0.35
698,Aprilia,dorsoduro 1200,2015,Sport Touring,1197,130.0,V2,15.0,212.0,870.0,0.61
705,Aprilia,dorsoduro 750,2010,Super Motard,750,90.3,V2,12.0,186.0,870.0,0.49
706,Aprilia,dorsoduro 750,2011,Super Motard,750,90.3,V2,12.0,186.0,870.0,0.49
707,Aprilia,dorsoduro 750,2012,Super Motard,750,90.3,V2,12.0,186.0,870.0,0.49
708,Aprilia,dorsoduro 750,2013,Super Motard,750,90.3,V2,12.0,186.0,870.0,0.49
710,Aprilia,dorsoduro 750 abs,2010,Super Motard,750,90.3,V2,12.0,191.0,870.0,0.47
711,Aprilia,dorsoduro 750 abs,2011,Super Motard,750,90.3,V2,12.0,190.0,870.0,0.48
712,Aprilia,dorsoduro 750 abs,2012,Super Motard,750,90.3,V2,12.0,190.0,870.0,0.48
713,Aprilia,dorsoduro 750 abs,2013,Super Motard,750,90.3,V2,12.0,190.0,870.0,0.48
714,Aprilia,dorsoduro 750 abs,2014,Super Motard,750,90.3,V2,12.0,186.0,870.0,0.49
715,Aprilia,dorsoduro 750 abs,2015,Super Motard,750,92.0,V2,12.0,186.0,870.0,0.49
716,Aprilia,dorsoduro 750 abs,2016,Super Motard,750,92.0,V2,12.0,186.0,870.0,0.49
717,Aprilia,dorsoduro 750 abs,2017,Super Motard,750,92.0,V2,12.0,186.0,870.0,0.49
718,Aprilia,dorsoduro 750 factory,2010,Super Motard,750,90.3,V2,12.0,185.0,870.0,0.49
719,Aprilia,dorsoduro 750 factory,2011,Super Motard,750,90.3,V2,12.0,185.0,870.0,0.49
720,Aprilia,dorsoduro 750 factory,2012,Super Motard,750,90.3,V2,12.0,185.0,870.0,0.49
721,Aprilia,dorsoduro 750 factory,2013,Super Motard,750,90.3,V2,12.0,185.0,870.0,0.49
722,Aprilia,dorsoduro 750 factory abs,2012,Super Motard,750,90.3,V2,12.0,185.0,870.0,0.49
723,Aprilia,dorsoduro 750 factory abs,2013,Super Motard,750,90.3,V2,12.0,185.0,870.0,0.49
724,Aprilia,dorsoduro 900,2017,Super Motard,900,95.2,V2,12.0,186.0,870.0,0.51
725,Aprilia,dorsoduro 900,2018,Super Motard,900,95.2,V2,12.0,186.0,870.0,0.51
726,Aprilia,dorsoduro 900,2019,Super Motard,896,95.2,V2,12.0,186.0,870.0,0.51
727,Aprilia,dorsoduro 900,2020,Super Motard,896,95.2,V2,12.0,186.0,870.0,0.51
728,Aprilia,dorsoduro 900,2021,Super Motard,896,95.2,V2,12.0,195.0,870.0,0.49
729,Aprilia,dorsoduro 900,2022,Super Motard,896,95.2,V2,12.0,195.0,870.0,0.49
763,Aprilia,mana 850,2010,Naked Bike,839,75.1,V2,16.0,185.0,800.0,0.41
764,Aprilia,mana 850,2011,Naked Bike,839,75.1,V2,16.0,185.0,800.0,0.41
767,Aprilia,mana 850 abs,2011,Naked Bike,839,75.1,V2,16.0,189.0,800.0,0.4
768,Aprilia,mana 850 abs,2012,Naked Bike,839,75.1,V2,16.0,189.0,800.0,0.4
770,Aprilia,mana 850 gt,2016,Allround,839,76.1,V2,16.0,189.0,800.0,0.4
771,Aprilia,mana 850 gt abs,2010,Naked Bike,839,75.1,V2,16.0,185.0,800.0,0.41
772,Aprilia,mana 850 gt abs,2012,Allround,839,75.1,V2,16.0,189.0,800.0,0.4
773,Aprilia,mana 850 gt abs,2013,Allround,839,75.1,V2,16.0,189.0,800.0,0.4
774,Aprilia,mana 850 gt abs,2014,Allround,839,75.1,V2,16.0,189.0,800.0,0.4
775,Aprilia,mana 850 gt abs,2015,Allround,839,75.1,V2,16.0,189.0,800.0,0.4
781,Aprilia,mojito 125,2016,Scooter,124,9.8,Single cylinder,8.0,115.0,775.0,0.09
868,Aprilia,rs 125 gp replica,2021,Sport,124,15.0,Single cylinder,14.5,129.0,820.0,0.12
904,Aprilia,rs 660,2021,Sport,659,100.0,Twin,15.0,169.0,820.0,0.59
905,Aprilia,rs 660,2022,Sport,659,100.0,Twin,15.0,169.0,820.0,0.59
906,Aprilia,rs 660 35kw,2021,Sport,659,46.9,Twin,15.0,169.0,820.0,0.28
907,Aprilia,rs 660 35kw,2022,Sport,659,46.9,Twin,15.0,169.0,820.0,0.28
908,Aprilia,rs 660 limited,2022,Sport,659,100.0,Twin,15.0,169.0,820.0,0.59
966,Aprilia,rsv4,2021,Sport,1099,217.0,V4,18.5,177.0,840.0,1.23
967,Aprilia,rsv4,2022,Sport,1099,217.0,V4,18.5,179.0,845.0,1.21
968,Aprilia,rsv4 1100 factory,2019,Naked Bike,1078,217.0,V4,18.5,177.0,851.0,1.23
969,Aprilia,rsv4 1100 factory,2020,Sport,1078,217.0,V4,18.5,177.0,851.0,1.23
970,Aprilia,rsv4 1100 factory,2021,Sport,1099,217.0,V4,18.5,177.0,840.0,1.23
972,Aprilia,rsv4 factory,2010,Sport,1000,177.0,V4,17.0,179.0,845.0,0.99
973,Aprilia,rsv4 factory,2011,Sport,1000,177.0,V4,17.0,179.0,845.0,0.99
974,Aprilia,rsv4 factory,2012,Sport,1000,180.0,V4,17.0,179.0,845.0,1.01
975,Aprilia,rsv4 factory,2022,Sport,1099,217.0,V4,18.5,177.0,840.0,1.23
976,Aprilia,rsv4 factory abs,2015,Sport,1000,184.0,V4,17.0,181.0,840.0,1.02
977,Aprilia,rsv4 factory aprc,2012,Sport,1000,180.0,V4,17.0,179.0,845.0,1.01
978,Aprilia,rsv4 factory aprc,2013,Sport,1000,180.0,V4,17.0,179.0,845.0,1.01
979,Aprilia,rsv4 factory aprc abs,2014,Sport,1000,184.0,V4,17.0,181.0,845.0,1.02
980,Aprilia,rsv4 factory aprc se,2011,Sport,1000,177.0,V4,17.0,179.0,845.0,0.99
981,Aprilia,rsv4 factory aprc se,2012,Sport,1000,180.0,V4,17.0,179.0,845.0,1.01
984,Aprilia,rsv4 r,2010,Sport,1000,180.0,V4,17.0,184.0,845.0,0.98
985,Aprilia,rsv4 r,2012,Sport,1000,180.0,V4,17.0,184.0,845.0,0.98
986,Aprilia,rsv4 r abs,2015,Sport,1000,184.0,V4,18.5,186.0,845.0,0.99
987,Aprilia,rsv4 r aprc,2012,Sport,1000,180.0,V4,17.0,184.0,845.0,0.98
988,Aprilia,rsv4 r aprc,2013,Sport,1000,180.0,V4,17.0,184.0,845.0,0.98
989,Aprilia,rsv4 r aprc abs,2014,Sport,1000,184.0,V4,17.0,186.0,845.0,0.99
991,Aprilia,rsv4 rf,2015,Sport,1000,201.0,V4,18.5,180.0,845.0,1.12
992,Aprilia,rsv4 rf,2016,Sport,1000,201.0,V4,18.5,180.0,845.0,1.12
993,Aprilia,rsv4 rf,2017,Sport,1000,201.0,V4,18.5,180.0,845.0,1.12
994,Aprilia,rsv4 rf,2018,Sport,1000,201.0,V4,18.5,180.0,845.0,1.12
995,Aprilia,rsv4 rf,2019,Sport,1000,201.0,V4,18.5,180.0,840.0,1.12
996,Aprilia,rsv4 rf,2020,Sport,1000,201.0,V4,18.5,180.0,840.0,1.12
997,Aprilia,rsv4 rr,2015,Sport,1000,201.0,V4,18.5,180.0,845.0,1.12
998,Aprilia,rsv4 rr,2016,Sport,1000,201.0,V4,18.5,180.0,845.0,1.12
999,Aprilia,rsv4 rr,2017,Sport,1000,201.0,V4,18.5,180.0,845.0,1.12
1000,Aprilia,rsv4 rr,2018,Sport,1000,201.0,V4,18.5,180.0,845.0,1.12
1001,Aprilia,rsv4 rr,2019,Sport,1000,201.0,V4,18.5,180.0,840.0,1.12
1002,Aprilia,rsv4 rr,2020,Sport,1000,201.0,V4,18.5,180.0,840.0,1.12
1003,Aprilia,rsv4 rr 1000,2021,Sport,1000,201.0,V4,18.5,180.0,840.0,1.12
1011,Aprilia,rx 125,2011,Enduro / Offroad,125,21.5,Single cylinder,10.0,116.0,830.0,0.19
1012,Aprilia,rx 125,2013,Enduro / Offroad,124,21.5,Single cylinder,10.0,116.0,830.0,0.19
1016,Aprilia,rx 125,2021,Enduro / Offroad,124,15.0,Single cylinder,7.5,124.0,905.0,0.12
1017,Aprilia,rx 125,2022,Enduro / Offroad,124,15.0,Single cylinder,7.0,124.0,905.0,0.12
1077,Aprilia,scarabeo 125ie,2011,Scooter,124,19.7,Single cylinder,8.5,154.0,810.0,0.13
1078,Aprilia,scarabeo 125ie,2012,Scooter,124,19.7,Single cylinder,8.5,154.0,810.0,0.13
1079,Aprilia,scarabeo 125ie,2013,Scooter,124,19.7,Single cylinder,8.5,154.0,810.0,0.13
1080,Aprilia,scarabeo 125ie,2015,Scooter,124,19.7,Single cylinder,8.5,154.0,810.0,0.13
1084,Aprilia,scarabeo 200ie,2010,Scooter,180,19.0,Single cylinder,8.0,154.0,810.0,0.12
1085,Aprilia,scarabeo 200ie,2011,Scooter,180,19.0,Single cylinder,8.0,154.0,810.0,0.12
1086,Aprilia,scarabeo 200ie,2012,Scooter,180,19.0,Single cylinder,8.0,154.0,810.0,0.12
1087,Aprilia,scarabeo 200ie,2013,Scooter,181,19.0,Single cylinder,8.0,154.0,810.0,0.12
1088,Aprilia,scarabeo 200ie,2015,Scooter,181,19.0,Single cylinder,8.0,154.0,810.0,0.12
1141,Aprilia,scarabeo 500,2012,Scooter,493,40.5,Single cylinder,13.5,169.0,785.0,0.24
1143,Aprilia,scarabeo 500ie,2013,Scooter,493,39.0,Single cylinder,13.5,189.0,780.0,0.21
1146,Aprilia,shiver 750,2010,Naked Bike,750,95.0,V2,16.0,189.0,810.0,0.5
1147,Aprilia,shiver 750,2011,Naked Bike,750,95.0,V2,16.0,189.0,810.0,0.5
1152,Aprilia,shiver 750 abs,2010,Naked Bike,750,95.0,V2,15.0,189.0,810.0,0.5
1153,Aprilia,shiver 750 abs,2011,Naked Bike,750,95.0,V2,16.0,193.0,810.0,0.49
1154,Aprilia,shiver 750 abs,2012,Naked Bike,750,95.0,V2,15.0,193.0,810.0,0.49
1155,Aprilia,shiver 750 abs,2013,Naked Bike,750,95.0,V2,15.0,193.0,810.0,0.49
1156,Aprilia,shiver 750 abs,2014,Naked Bike,750,95.0,V2,15.0,193.0,810.0,0.49
1157,Aprilia,shiver 750 abs,2015,Naked Bike,750,95.0,V2,15.0,193.0,810.0,0.49
1158,Aprilia,shiver 750 abs,2016,Naked Bike,750,95.0,V2,15.0,193.0,810.0,0.49
1159,Aprilia,shiver 750 abs,2017,Naked Bike,750,95.0,V2,15.0,193.0,810.0,0.49
1161,Aprilia,shiver 750 gt,2010,Naked Bike,750,95.0,V2,16.0,189.0,810.0,0.5
1162,Aprilia,shiver 750 gt,2011,Sport Touring,750,95.0,V2,16.0,189.0,810.0,0.5
1163,Aprilia,shiver 750 gt,2012,Sport Touring,750,95.0,V2,16.0,189.0,810.0,0.5
1164,Aprilia,shiver 750 gt abs,2010,Naked Bike,750,95.0,V2,16.0,194.0,810.0,0.49
1165,Aprilia,shiver 750 gt abs,2011,Sport Touring,750,95.0,V2,16.0,193.0,810.0,0.49
1166,Aprilia,shiver 750 gt abs,2012,Sport Touring,750,95.0,V2,16.0,193.0,810.0,0.49
1167,Aprilia,shiver 900,2017,Naked Bike,896,95.2,V2,15.0,193.0,810.0,0.49
1168,Aprilia,shiver 900,2018,Naked Bike,896,95.2,V2,15.0,193.0,810.0,0.49
1169,Aprilia,shiver 900,2019,Naked Bike,896,93.0,V2,15.0,207.0,810.0,0.45
1170,Aprilia,shiver 900,2020,Naked Bike,896,95.0,V2,15.0,207.0,810.0,0.46
1171,Aprilia,shiver 900,2021,Naked Bike,896,95.0,V2,15.0,199.0,810.0,0.48
1172,Aprilia,shiver 900,2022,Naked Bike,896,95.0,V2,15.0,199.0,810.0,0.48
1173,Aprilia,shiver 900 35kw,2022,Naked Bike,896,46.9,V2,15.0,199.0,810.0,0.24
1175,Aprilia,shiver sport 750 abs,2017,Naked Bike,750,95.0,V2,15.0,189.0,810.0,0.5
1197,Aprilia,sportcity 250,2013,Scooter,244,22.1,Single cylinder,8.97,147.9,813.0,0.15
1228,Aprilia,sr 50 factory,2021,Scooter,49,4.0,Single cylinder,7.6,107.0,795.0,0.04
1230,Aprilia,sr 50 mt,2021,Scooter,49,2.0,Single cylinder,6.5,106.0,797.0,0.02
1267,Aprilia,sr 50 street,2016,Scooter,49,3.6,Single cylinder,7.0,108.0,820.0,0.03
1281,Aprilia,sr motard 125,2012,Scooter,124,9.1,Single cylinder,7.0,122.0,775.0,0.07
1282,Aprilia,sr motard 125,2013,Scooter,124,9.1,Single cylinder,7.0,122.0,775.0,0.07
1283,Aprilia,sr motard 125,2014,Scooter,124,9.1,Single cylinder,7.0,122.0,775.0,0.07
1284,Aprilia,sr motard 125,2015,Scooter,124,9.6,Single cylinder,7.0,122.0,775.0,0.08
1285,Aprilia,sr motard 125,2016,Scooter,124,9.6,Single cylinder,7.0,122.0,775.0,0.08
1286,Aprilia,sr motard 125,2017,Scooter,124,9.6,Single cylinder,7.0,122.0,775.0,0.08
1287,Aprilia,sr motard 125,2018,Scooter,124,9.6,Single cylinder,7.0,122.0,775.0,0.08
1288,Aprilia,sr motard 125,2019,Scooter,124,9.6,Single cylinder,7.0,122.0,775.0,0.08
1289,Aprilia,sr motard 125,2020,Scooter,124,9.6,Single cylinder,7.0,122.0,775.0,0.08
1291,Aprilia,sr motard 50,2014,Scooter,49,4.6,Single cylinder,7.0,106.0,775.0,0.04
1292,Aprilia,sr motard 50,2015,Scooter,49,4.6,Single cylinder,7.0,106.0,775.0,0.04
1293,Aprilia,sr motard 50,2016,Scooter,49,4.6,Single cylinder,7.0,106.0,775.0,0.04
1294,Aprilia,sr motard 50,2017,Scooter,49,4.6,Single cylinder,7.0,106.0,775.0,0.04
1295,Aprilia,sr motard 50,2018,Scooter,49,4.6,Single cylinder,7.0,106.0,775.0,0.04
1296,Aprilia,sr motard 50,2020,Scooter,50,4.6,Single cylinder,7.0,106.0,820.0,0.04
1298,Aprilia,srv 850,2012,Scooter,839,76.0,V2,18.5,249.0,780.0,0.31
1299,Aprilia,srv 850,2013,Scooter,839,76.0,V2,18.5,249.0,780.0,0.31
1300,Aprilia,srv 850,2014,Scooter,839,76.0,V2,18.5,249.0,780.0,0.31
1301,Aprilia,srv 850,2015,Scooter,839,76.0,V2,18.5,249.0,780.0,0.31
1302,Aprilia,srv 850,2016,Scooter,839,76.0,V2,18.5,249.0,780.0,0.31
1303,Aprilia,srv 850,2017,Scooter,839,76.0,V2,18.5,249.0,780.0,0.31
1304,Aprilia,srv 850,2018,Scooter,839,76.0,V2,18.5,249.0,780.0,0.31
1305,Aprilia,srv 850,2019,Scooter,839,76.0,V2,18.5,249.0,780.0,0.31
1306,Aprilia,srv 850,2020,Scooter,839,76.0,V2,18.5,249.0,780.0,0.31
1307,Aprilia,srv 850 abs-atc,2015,Scooter,839,75.0,V2,18.5,251.0,780.0,0.3
1310,Aprilia,srv 850 abs-atc,2018,Scooter,839,76.0,V2,18.8,250.0,780.0,0.3
1311,Aprilia,srv 850 abs-atc,2019,Scooter,839,76.0,V2,18.5,250.0,780.0,0.3
1312,Aprilia,srv 850 abs-atc,2020,Scooter,839,76.0,V2,18.5,250.0,780.0,0.3
1313,Aprilia,srv 850 absatc,2013,Scooter,839,76.0,V2,18.5,249.0,780.0,0.31
1319,Aprilia,sx 125,2010,Super Motard,122,21.5,Single cylinder,10.0,115.0,830.0,0.19
1320,Aprilia,sx 125,2011,Super Motard,122,21.5,Single cylinder,10.0,115.0,830.0,0.19
1321,Aprilia,sx 125,2012,Super Motard,122,21.5,Single cylinder,10.0,115.0,830.0,0.19
1322,Aprilia,sx 125,2013,Super Motard,122,21.5,Single cylinder,10.0,115.0,830.0,0.19
1384,Aprilia,tuono 1000 r,2010,Naked Bike,998,136.0,V2,18.0,185.0,810.0,0.74
1385,Aprilia,tuono 1000 r,2011,Naked Bike,998,136.0,V2,18.0,185.0,810.0,0.74
1390,Aprilia,tuono 1000 r factory,2010,Naked Bike,998,136.0,V2,18.0,181.0,810.0,0.75
1400,Aprilia,tuono 125,2021,Naked Bike,124,15.0,Single cylinder,14.5,129.0,810.0,0.12
1401,Aprilia,tuono 125,2022,Naked Bike,124,15.0,Single cylinder,14.5,129.0,810.0,0.12
1411,Aprilia,tuono v4,2021,Naked Bike,1077,175.0,V4,18.5,185.0,825.0,0.95
1412,Aprilia,tuono v4,2022,Naked Bike,1077,175.0,V4,17.9,185.0,87.0,0.95
1413,Aprilia,tuono v4 1100 factory,2015,Naked Bike,1077,173.0,V4,18.5,182.0,825.0,0.95
1414,Aprilia,tuono v4 1100 factory,2016,Naked Bike,1077,175.0,V4,18.5,184.0,825.0,0.95
1415,Aprilia,tuono v4 1100 factory,2017,Naked Bike,1077,175.0,V4,18.5,184.0,825.0,0.95
1416,Aprilia,tuono v4 1100 factory,2018,Naked Bike,1077,175.0,V4,18.5,184.0,825.0,0.95
1417,Aprilia,tuono v4 1100 factory,2019,Naked Bike,1077,201.0,V4,18.5,184.0,825.0,1.09
1418,Aprilia,tuono v4 1100 factory,2020,Naked Bike,1077,175.0,V4,18.5,185.0,825.0,0.95
1419,Aprilia,tuono v4 1100 factory,2021,Naked Bike,1077,175.0,V4,18.5,185.0,825.0,0.95
1420,Aprilia,tuono v4 1100 rr,2015,Naked Bike,1077,173.0,V4,18.5,182.0,825.0,0.95
1421,Aprilia,tuono v4 1100 rr,2016,Naked Bike,1077,175.0,V4,18.5,184.0,825.0,0.95
1422,Aprilia,tuono v4 1100 rr,2017,Naked Bike,1077,175.0,V4,18.5,184.0,825.0,0.95
1423,Aprilia,tuono v4 1100 rr,2018,Naked Bike,1077,175.0,V4,18.5,184.0,825.0,0.95
1424,Aprilia,tuono v4 1100 rr,2019,Naked Bike,1077,201.0,V4,18.5,184.0,825.0,1.09
1425,Aprilia,tuono v4 1100 rr,2020,Naked Bike,1077,173.0,V4,18.5,185.0,825.0,0.94
1426,Aprilia,tuono v4 1100 rr,2021,Naked Bike,1077,175.0,V4,18.5,185.0,825.0,0.95
1427,Aprilia,tuono v4 factory,2022,Naked Bike,1077,175.0,V4,17.9,185.0,825.0,0.95
1428,Aprilia,tuono v4 r,2012,Naked Bike,999,162.0,V4,17.0,183.0,840.0,0.89
1429,Aprilia,tuono v4 r,2013,Naked Bike,1000,165.0,V4,17.0,183.0,840.0,0.9
1430,Aprilia,tuono v4 r abs,2015,Naked Bike,1000,170.0,V4,18.5,183.0,835.0,0.93
1431,Aprilia,tuono v4 r aprc,2012,Naked Bike,1000,167.0,V4,17.0,183.0,835.0,0.91
1432,Aprilia,tuono v4 r aprc,2013,Naked Bike,1000,167.0,V4,17.0,183.0,835.0,0.91
1433,Aprilia,tuono v4 r aprc,2014,Naked Bike,1000,167.0,V4,17.0,183.0,835.0,0.91
1434,Aprilia,tuono v4r,2011,Naked Bike,999,162.0,V4,17.0,179.0,840.0,0.91
1449,Arch,krgt-1,2021,Sport,2032,120.0,V2,18.93,244.0,706.0,0.49
1450,Arch,krgt-1,2022,Sport,2032,120.0,V2,18.93,244.0,706.0,0.49
1895,Atk,gt250,2015,Naked Bike,249,27.0,V2,14.0,149.7,762.0,0.18
1896,Atk,gt250,2016,Naked Bike,249,25.0,V2,14.0,166.9,762.0,0.15
1897,Atk,gt250r,2014,Sport,249,27.0,V2,14.0,167.8,762.0,0.16
1898,Atk,gt250r,2015,Sport,249,27.0,V2,14.0,167.8,762.0,0.16
1899,Atk,gt250r,2016,Sport,249,27.0,V2,14.0,167.8,762.0,0.16
1901,Atk,gt650r,2014,Sport,647,79.0,V2,17.03,204.1,831.0,0.39
1902,Atk,gt650r,2015,Sport,647,79.0,V2,17.03,204.1,831.0,0.39
1903,Atk,gt650r,2016,Sport,647,79.0,V2,17.03,204.1,831.0,0.39
1904,Atk,gv250,2014,Custom / Cruiser,249,25.0,V2,14.0,166.9,709.0,0.15
1905,Atk,gv250,2015,Custom / Cruiser,249,27.0,V2,14.0,149.7,762.0,0.18
1906,Atk,gv250,2016,Custom / Cruiser,249,25.0,V2,14.0,149.7,762.0,0.17
3275,Bmw,c 600 sport,2012,Scooter,647,59.0,Twin,16.0,231.0,810.0,0.26
1907,Atk,gv650,2014,Custom / Cruiser,647,79.0,V2,15.9,217.7,706.0,0.36
1908,Atk,gv650,2015,Custom / Cruiser,647,79.0,V2,15.9,217.7,706.0,0.36
1909,Atk,gv650,2016,Custom / Cruiser,647,80.0,V2,15.9,217.7,706.0,0.37
1937,Atlas Honda,cg125,2012,Allround,124,11.0,Single cylinder,9.2,96.5,743.0,0.11
1943,Aurora,hellfire v8,2016,Sport,2575,417.0,V8,22.0,265.0,820.0,1.57
1944,Aurora,hellfire v8,2017,Sport,2575,417.0,V8,22.0,265.0,820.0,1.57
1945,Aurora,hellfire v8,2020,Sport,2575,417.0,V8,22.0,265.0,820.0,1.57
1950,Avinton,collector race,2013,Naked Bike,1645,120.0,V2,13.0,185.0,790.0,0.65
1951,Avinton,collector race,2014,Naked Bike,1645,120.0,V2,13.0,175.0,790.0,0.69
1952,Avinton,collector race,2015,Naked Bike,1647,120.0,V2,13.0,175.0,790.0,0.69
3279,Bmw,c 650 gt,2012,Scooter,647,59.0,Twin,16.0,241.0,795.0,0.24
1953,Avinton,collector roadster,2013,Naked Bike,1645,120.0,V2,13.0,183.0,790.0,0.66
1954,Avinton,collector roadster,2014,Naked Bike,1645,120.0,V2,13.0,175.0,790.0,0.69
1955,Avinton,collector roadster,2015,Naked Bike,1647,120.0,V2,13.0,175.0,790.0,0.69
1957,Avinton,cult,2014,Naked Bike,1645,120.0,V2,13.0,175.0,790.0,0.69
1958,Avinton,deluxe,2014,Naked Bike,1645,120.0,V2,13.0,176.0,790.0,0.68
1959,Avinton,deluxe,2018,Naked Bike,1647,120.0,V2,13.0,175.0,790.0,0.69
1960,Avinton,deluxe,2019,Naked Bike,1647,120.0,V2,13.0,175.0,790.0,0.69
1961,Avinton,grand sport,2014,Naked Bike,1645,120.0,V2,13.0,176.0,790.0,0.68
1964,Avinton,originale,2017,Naked Bike,1647,120.0,V2,13.0,175.0,790.0,0.69
1965,Avinton,super snake,2014,Naked Bike,1645,120.0,V2,13.0,175.0,790.0,0.69
1966,Avinton,vintage,2014,Naked Bike,1645,120.0,V2,13.0,177.0,790.0,0.68
2089,Bajaj,pulsar 180,2011,Sport,179,17.0,Single cylinder,15.0,134.0,800.0,0.13
2100,Bajaj,pulsar 200 ns,2012,Allround,200,23.5,Single cylinder,12.0,145.0,805.0,0.16
2113,Bajaj,pulsar f250,2022,Sport,250,24.1,Single cylinder,14.0,162.0,795.0,0.15
2134,Baltmotors,vanguard,2021,Atv,203,7.9,Single cylinder,12.0,125.0,780.0,0.06
2135,Bamx,bx110-s tracker,2010,Atv,107,5.2,Single cylinder,10.0,256.0,737.0,0.02
2136,Bamx,bx125 db1 enforcer,2010,"Minibike, Cross",124,6.5,Single cylinder,4.0,56.7,762.0,0.11
2137,Bamx,bx125 db1 enforcer,2011,"Minibike, Cross",124,6.5,Single cylinder,4.0,56.7,762.0,0.11
2138,Bamx,bx125 db1 enforcer,2015,"Minibike, Cross",124,6.5,Single cylinder,4.0,56.7,762.0,0.11
2139,Bamx,bx125 db2 renegade,2010,"Minibike, Cross",124,6.5,Single cylinder,4.0,56.7,762.0,0.11
2140,Bamx,bx125 db2 renegade,2011,"Minibike, Cross",124,6.5,Single cylinder,4.0,56.7,762.0,0.11
2141,Bamx,bx125 db2 renegade,2015,"Minibike, Cross",124,6.5,Single cylinder,4.0,56.7,762.0,0.11
2149,Bamx,bx150-db voyager,2010,Enduro / Offroad,149,9.5,Single cylinder,5.0,102.1,762.0,0.09
2150,Bamx,bx150-db voyager,2011,Enduro / Offroad,149,9.5,Single cylinder,5.0,102.1,762.0,0.09
2151,Bamx,bx150-db voyager,2015,"Minibike, Cross",149,16.1,Single cylinder,18.93,102.1,762.0,0.16
2154,Bamx,bx200-db outback,2010,Enduro / Offroad,196,14.5,Single cylinder,8.6,125.0,838.0,0.12
2155,Bamx,bx200-db outback,2011,Enduro / Offroad,196,14.5,Single cylinder,8.6,125.0,838.0,0.12
2156,Bamx,bx200-db outback,2015,Enduro / Offroad,196,16.1,Single cylinder,5.0,125.2,838.0,0.13
2158,Bamx,bx200-s1 assault,2010,Atv,197,10.5,Single cylinder,8.0,179.2,762.0,0.06
2159,Bamx,bx200-u back country,2012,Atv,197,10.5,Single cylinder,12.0,165.6,813.0,0.06
2160,Bamx,bx250-s1 assault,2010,Atv,230,11.5,Single cylinder,6.5,395.0,762.0,0.03
2162,Bamx,bx350-s assault,2010,Atv,348,17.0,Single cylinder,9.0,193.2,813.0,0.09
2164,Bamx,bx400-u4 sierra,2012,Atv,387,19.0,Single cylinder,13.5,266.3,864.0,0.07
2165,Bamx,bx450-s assault,2010,Atv,486,40.0,Single cylinder,8.8,200.0,828.0,0.2
2167,Bamx,bx50-db pee wee,2010,Enduro / Offroad,50,2.0,Single cylinder,4.0,47.6,610.0,0.04
2168,Bamx,bx50-db pee wee,2011,"Minibike, Cross",50,2.0,Single cylinder,4.0,47.6,610.0,0.04
2169,Bamx,bx50-db pee wee,2015,"Minibike, Cross",50,2.0,Single cylinder,15.14,47.6,610.0,0.04
2170,Bamx,bx50-s side kick,2010,Atv,50,2.0,Single cylinder,3.0,79.8,610.0,0.03
2171,Bamx,bx50-u exciter,2012,Atv,50,2.0,Single cylinder,4.0,79.8,610.0,0.03
2172,Bamx,bx500-u4 tahoe,2012,Atv,471,16.1,Single cylinder,17.0,310.0,870.0,0.05
2174,Bamx,bx70-db trailstar,2010,Trial,72,3.6,Single cylinder,4.0,49.9,711.0,0.07
2175,Bamx,bx70-db trailstar,2011,"Minibike, Cross",72,3.6,Single cylinder,4.0,49.9,711.0,0.07
2176,Bamx,bx70-db trailstar,2015,"Minibike, Cross",72,3.6,Single cylinder,4.0,49.9,711.0,0.07
2177,Bamx,bx70-s charger,2010,Atv,72,3.2,Single cylinder,10.0,111.1,686.0,0.03
2178,Bamx,bx700-u4 tahoe,2012,Atv,686,16.1,Single cylinder,17.0,310.0,870.0,0.05
2277,Benelli,402 s,2018,Naked Bike,399,39.4,Twin,16.0,160.0,740.0,0.25
2278,Benelli,49x quattro nove x off road,2011,Scooter,49,2.7,Single cylinder,6.2,96.0,800.0,0.03
2279,Benelli,49x quattro nove x on road,2011,Scooter,49,2.7,Single cylinder,6.2,96.0,800.0,0.03
2288,Benelli,502 c,2019,Allround,500,47.6,Twin,21.0,217.0,750.0,0.22
2289,Benelli,502 c,2020,Allround,500,47.6,Twin,21.0,217.0,750.0,0.22
2290,Benelli,502 cruiser,2022,Allround,500,47.6,Twin,21.0,217.0,750.0,0.22
2291,Benelli,502c,2021,Allround,500,47.6,Twin,21.0,217.0,750.0,0.22
2331,Benelli,bn 125,2018,Naked Bike,125,11.1,Single cylinder,13.5,142.0,780.0,0.08
2332,Benelli,bn 125,2019,Naked Bike,125,11.1,Single cylinder,13.5,142.0,770.0,0.08
2333,Benelli,bn 125,2020,Naked Bike,125,11.1,Single cylinder,13.5,142.0,770.0,0.08
2336,Benelli,bn 251,2015,Naked Bike,249,24.5,Single cylinder,16.5,150.0,780.0,0.16
2337,Benelli,bn 251,2016,Naked Bike,249,24.5,Single cylinder,17.0,143.0,795.0,0.17
2338,Benelli,bn 251,2017,Naked Bike,249,25.0,Single cylinder,17.0,143.0,795.0,0.17
2339,Benelli,bn 251,2018,Naked Bike,249,25.0,Single cylinder,17.0,145.0,795.0,0.17
2342,Benelli,bn 302,2014,Naked Bike,300,37.0,Twin,16.0,185.0,795.0,0.2
2343,Benelli,bn 302,2015,Naked Bike,300,37.0,Twin,16.0,185.0,795.0,0.2
2344,Benelli,bn 302,2016,Naked Bike,300,38.0,Twin,16.0,185.0,795.0,0.21
2345,Benelli,bn 302,2017,Naked Bike,300,38.0,Twin,16.0,185.0,795.0,0.21
2346,Benelli,bn 302,2018,Naked Bike,300,38.0,Twin,16.0,185.0,795.0,0.21
2347,Benelli,bn 302,2019,Naked Bike,300,38.0,Twin,16.0,185.0,795.0,0.21
2348,Benelli,bn 302,2020,Naked Bike,300,38.0,Twin,16.0,185.0,795.0,0.21
2349,Benelli,bn 302 r,2017,Sport,300,35.4,Twin,14.0,180.0,780.0,0.2
2350,Benelli,bn 600 gt,2014,Naked Bike,600,82.0,In-line four,27.0,223.0,800.0,0.37
2351,Benelli,bn 600 gt,2015,Sport Touring,600,84.0,In-line four,27.0,223.0,800.0,0.38
2352,Benelli,bn 600 gt,2016,Sport Touring,600,84.0,In-line four,27.0,223.0,800.0,0.38
2353,Benelli,bn 600 gt,2017,Sport Touring,600,81.6,In-line four,27.0,223.0,800.0,0.37
2354,Benelli,bn 600 i,2016,Naked Bike,600,82.0,In-line four,15.0,208.0,800.0,0.39
2355,Benelli,bn 600 i,2017,Naked Bike,600,82.0,In-line four,15.0,208.0,800.0,0.39
2356,Benelli,bn 600 i,2018,Naked Bike,600,82.0,In-line four,15.0,208.0,800.0,0.39
2357,Benelli,bn 600 r,2014,Naked Bike,600,82.0,In-line four,15.0,208.0,800.0,0.39
2358,Benelli,bn 600 r,2015,Naked Bike,600,82.0,In-line four,15.0,208.0,800.0,0.39
2363,Benelli,bx 250 motard,2016,Super Motard,249,25.0,Single cylinder,9.6,135.0,890.0,0.19
2365,Benelli,bx 449 cross,2010,Cross / Motocross,449,55.4,Single cylinder,9.0,108.0,960.0,0.51
2366,Benelli,bx 449 cross,2011,Cross / Motocross,449,55.4,Single cylinder,9.0,108.0,960.0,0.51
2368,Benelli,bx 505 enduro,2010,Enduro / Offroad,505,59.7,Single cylinder,9.0,110.0,960.0,0.54
2369,Benelli,bx 505 enduro,2011,Enduro / Offroad,505,59.7,Single cylinder,9.0,110.0,960.0,0.54
2374,Benelli,cafe racer 1130,2010,Naked Bike,1131,135.0,In-line three,17.0,208.0,780.0,0.65
2377,Benelli,caffe nero 250,2010,Scooter,248,15.0,Single cylinder,11.0,150.0,860.0,0.1
2378,Benelli,caffenero 125,2011,Scooter,125,16.2,Single cylinder,7.4,125.0,800.0,0.13
2379,Benelli,caffenero 125,2014,Scooter,125,12.1,Single cylinder,7.4,125.0,800.0,0.1
2380,Benelli,caffenero 125,2015,Scooter,125,12.1,Single cylinder,7.4,119.0,800.0,0.1
2381,Benelli,caffenero 125,2016,Scooter,125,12.1,Single cylinder,7.4,119.0,800.0,0.1
2382,Benelli,caffenero 150,2011,Scooter,151,13.1,Single cylinder,7.4,125.0,800.0,0.1
2383,Benelli,caffenero 150,2014,Scooter,151,13.1,Single cylinder,7.4,125.0,800.0,0.1
2384,Benelli,caffenero 150,2015,Scooter,151,13.1,Single cylinder,7.4,119.0,800.0,0.11
2385,Benelli,caffenero 150,2016,Scooter,151,13.1,Single cylinder,7.4,119.0,800.0,0.11
2386,Benelli,caffenero 150,2020,Scooter,150,13.1,Single cylinder,7.5,150.0,800.0,0.09
2387,Benelli,caffenero 250,2014,Scooter,250,21.1,Single cylinder,11.5,163.0,800.0,0.13
2388,Benelli,caffenero 250,2020,Scooter,250,18.0,Single cylinder,10.6,194.0,805.0,0.09
2389,Benelli,century 1130 racer,2012,Naked Bike,1131,129.0,In-line three,17.0,208.0,830.0,0.62
2390,Benelli,century racer 1130,2011,Naked Bike,1131,135.0,In-line three,16.0,208.0,780.0,0.65
2391,Benelli,century racer 899,2011,Naked Bike,898,120.0,In-line three,16.0,208.0,830.0,0.58
2393,Benelli,imperiale 400,2019,Classic,374,19.7,Single cylinder,12.0,200.0,780.0,0.1
2394,Benelli,imperiale 400,2020,Classic,374,20.8,Single cylinder,12.0,200.0,780.0,0.1
2395,Benelli,imperiale 400,2021,Allround,374,20.8,Single cylinder,12.0,200.0,780.0,0.1
2396,Benelli,imperiale 400,2022,Allround,374,20.8,Single cylinder,12.0,197.0,780.0,0.11
2397,Benelli,leoncino,2017,Enduro / Offroad,500,47.6,Twin,15.0,170.0,815.0,0.28
2398,Benelli,leoncino,2018,Enduro / Offroad,500,47.6,Twin,13.5,186.0,785.0,0.26
2399,Benelli,leoncino,2019,Enduro / Offroad,500,47.6,Twin,13.5,186.0,785.0,0.26
2400,Benelli,leoncino 125,2019,Enduro / Offroad,125,12.6,Single cylinder,12.5,164.0,810.0,0.08
2401,Benelli,leoncino 250,2018,Enduro / Offroad,249,25.8,Single cylinder,14.0,153.0,810.0,0.17
2402,Benelli,leoncino 250,2019,Enduro / Offroad,249,24.5,Single cylinder,14.0,153.0,810.0,0.16
2403,Benelli,leoncino 250,2020,Enduro / Offroad,249,24.5,Single cylinder,14.0,153.0,800.0,0.16
2404,Benelli,leoncino 250,2022,Super Motard,249,25.5,Single cylinder,12.5,153.0,800.0,0.17
2405,Benelli,leoncino 500,2017,Enduro / Offroad,500,47.6,Twin,15.0,170.0,815.0,0.28
2406,Benelli,leoncino 500,2020,Enduro / Offroad,500,47.6,Twin,13.5,186.0,785.0,0.26
2407,Benelli,leoncino 500,2021,Enduro / Offroad,500,47.6,Twin,13.5,186.0,785.0,0.26
2408,Benelli,leoncino 500 es,2022,Enduro / Offroad,500,47.6,Twin,12.7,207.0,810.0,0.23
2410,Benelli,leoncino 500 trail,2020,Enduro / Offroad,500,47.6,Twin,15.0,170.0,815.0,0.28
2411,Benelli,leoncino 500 trail es,2022,Enduro / Offroad,500,47.6,Twin,12.7,207.0,840.0,0.23
3276,Bmw,c 600 sport,2013,Scooter,647,59.0,Twin,15.9,236.8,810.0,0.25
2412,Benelli,leoncino 800,2020,Naked Bike,754,81.6,Twin,15.0,220.0,800.0,0.37
2413,Benelli,leoncino 800 trail,2020,Enduro / Offroad,754,81.6,Twin,15.0,224.0,818.0,0.36
2415,Benelli,leoncino trail,2019,Enduro / Offroad,500,47.6,Twin,15.0,170.0,815.0,0.28
2417,Benelli,leoncino trail 500,2017,Enduro / Offroad,500,47.6,Twin,15.0,170.0,815.0,0.28
2421,Benelli,macis 125,2016,Scooter,124,12.1,Single cylinder,7.4,130.0,800.0,0.09
2425,Benelli,macis 150,2016,Scooter,151,12.4,Single cylinder,7.4,130.0,800.0,0.1
2428,Benelli,pepe 4t,2011,Scooter,49,4.8,Single cylinder,7.5,82.0,770.0,0.06
2429,Benelli,pepe 4t,2014,Scooter,49,4.8,Single cylinder,7.5,83.0,770.0,0.06
2432,Benelli,pepe 50,2010,Scooter,49,3.6,Single cylinder,7.5,82.0,770.0,0.04
2433,Benelli,pepe 50,2011,Scooter,49,3.6,Single cylinder,7.5,81.0,770.0,0.04
2434,Benelli,pepe 50,2015,Scooter,49,4.8,Single cylinder,7.5,93.0,770.0,0.05
2435,Benelli,pepe 50,2016,Scooter,49,4.8,Single cylinder,6.0,93.0,770.0,0.05
2436,Benelli,pepe 50 classic 2t,2014,Scooter,49,3.6,Single cylinder,7.5,82.0,770.0,0.04
2439,Benelli,pepe 50 lx,2010,Scooter,49,3.6,Single cylinder,7.5,87.0,720.0,0.04
2445,Benelli,qattronove x off road,2010,Scooter,49,2.7,Single cylinder,6.2,95.0,800.0,0.03
2446,Benelli,qattronove x on road,2010,Scooter,49,2.7,Single cylinder,6.2,96.0,800.0,0.03
2451,Benelli,tnt 1130 cafe racer,2011,Naked Bike,1131,135.0,In-line three,17.0,208.0,780.0,0.65
2452,Benelli,tnt 1130 r,2012,Naked Bike,1131,157.0,In-line three,17.0,208.0,830.0,0.75
2453,Benelli,tnt 1130 r,2014,Naked Bike,1131,157.0,In-line three,16.0,205.0,830.0,0.77
2454,Benelli,tnt 1130 r,2016,Naked Bike,1131,157.0,In-line three,16.0,205.0,830.0,0.77
2455,Benelli,tnt 1130 r,2017,Naked Bike,1131,158.0,In-line three,16.0,205.0,830.0,0.77
2456,Benelli,tnt 1130 sport,2011,Naked Bike,1131,135.0,In-line three,17.0,208.0,780.0,0.65
2457,Benelli,tnt 1130 titanium,2011,Naked Bike,1131,140.0,In-line three,17.0,193.0,780.0,0.73
2458,Benelli,tnt 1130k,2011,Naked Bike,1131,135.0,In-line three,22.0,215.0,780.0,0.63
2460,Benelli,tnt 135,2017,Naked Bike,135,13.0,Single cylinder,7.2,121.0,790.0,0.11
2461,Benelli,tnt 135,2018,"Minibike, Sport",135,13.0,Single cylinder,7.2,121.0,790.0,0.11
2462,Benelli,tnt 135,2020,"Minibike, Sport",135,11.3,Single cylinder,7.2,121.0,780.0,0.09
2463,Benelli,tnt 25,2017,Naked Bike,249,24.5,Single cylinder,17.0,159.0,795.0,0.15
2464,Benelli,tnt 300,2017,Naked Bike,300,38.0,Twin,15.97,183.3,795.0,0.21
2465,Benelli,tnt 300,2018,Naked Bike,300,38.0,Twin,15.97,183.3,795.0,0.21
2466,Benelli,tnt 300,2020,Naked Bike,300,32.0,V2,16.0,183.0,795.0,0.17
2467,Benelli,tnt 600,2017,Naked Bike,600,80.5,In-line four,14.99,212.7,800.0,0.38
2468,Benelli,tnt 600,2018,Naked Bike,600,82.0,In-line four,14.99,208.2,800.0,0.39
2469,Benelli,tnt 600,2020,Naked Bike,600,67.0,In-line four,15.0,208.0,800.0,0.32
2470,Benelli,tnt 600 gt,2017,Sport Touring,600,85.0,In-line four,27.0,223.0,800.0,0.38
2471,Benelli,tnt 899,2012,Naked Bike,899,129.0,In-line three,16.0,205.0,830.0,0.63
2472,Benelli,tnt 899,2014,Naked Bike,899,120.0,In-line three,16.0,205.0,830.0,0.59
2473,Benelli,tnt 899,2015,Naked Bike,899,120.0,In-line three,16.0,205.0,830.0,0.59
2476,Benelli,tnt 899s,2011,Naked Bike,899,118.0,In-line three,16.0,208.0,780.0,0.57
2477,Benelli,tnt 899t,2011,Naked Bike,899,118.0,In-line three,17.0,199.0,780.0,0.59
2479,Benelli,tnt r,2015,Naked Bike,1131,157.0,In-line three,16.0,205.0,830.0,0.77
2480,Benelli,tnt r160,2011,Naked Bike,1131,155.0,In-line three,16.0,208.0,820.0,0.75
2485,Benelli,tornado 302,2016,Sport,300,36.0,Twin,14.0,180.0,790.0,0.2
2493,Benelli,tornado naked t,2016,Naked Bike,125,11.7,Single cylinder,7.2,121.0,780.0,0.1
2494,Benelli,tornado naked t,2018,"Minibike, Sport",125,11.1,Single cylinder,7.2,116.0,790.0,0.1
2495,Benelli,tornado naked t,2019,"Minibike, Sport",125,11.1,Single cylinder,7.2,116.0,780.0,0.1
2496,Benelli,tornado naked t 125,2020,"Minibike, Sport",125,11.1,Single cylinder,7.2,116.0,780.0,0.1
2497,Benelli,tornado naked t 125,2021,"Minibike, Sport",125,11.1,Single cylinder,7.2,116.0,780.0,0.1
2498,Benelli,tornado naked t 125,2022,"Minibike, Sport",125,11.1,Single cylinder,7.2,116.0,780.0,0.1
2499,Benelli,tornado naked t 600,2020,Naked Bike,600,67.1,In-line four,15.0,220.0,800.0,0.3
2502,Benelli,tornado naked tre 1130 sport evo,2010,Naked Bike,1131,135.0,In-line three,17.0,208.0,820.0,0.65
2504,Benelli,tornado naked tre 899,2010,Naked Bike,899,118.0,In-line three,17.0,208.0,780.0,0.57
2506,Benelli,tornado naked tre 899 s,2010,Naked Bike,899,118.0,In-line three,16.0,208.0,780.0,0.57
2510,Benelli,tornado tnt 125,2017,Naked Bike,125,11.1,Single cylinder,7.2,116.0,790.0,0.1
3277,Bmw,c 600 sport,2014,Scooter,647,59.0,Twin,15.9,236.8,810.0,0.25
2513,Benelli,tornado tre 1130,2010,Sport,1131,160.0,In-line three,19.0,199.0,810.0,0.8
2514,Benelli,tornado tre 1130,2011,Sport,1131,160.0,In-line three,19.0,199.0,810.0,0.8
2520,Benelli,tornado tre 903,2011,Sport,898,140.0,In-line three,22.0,198.0,810.0,0.71
2521,Benelli,tornado tre 903 le,2011,Sport,898,140.0,In-line three,22.0,185.0,810.0,0.76
2522,Benelli,tornado tre 903 rs,2011,Sport,898,140.0,In-line three,22.0,195.0,810.0,0.72
3281,Bmw,c 650 gt,2014,Scooter,647,59.0,Twin,16.0,241.0,795.0,0.24
2530,Benelli,tre 1130 k,2010,Naked Bike,1131,123.0,In-line three,22.0,215.0,840.0,0.57
2531,Benelli,tre 1130 k,2016,Sport Touring,1131,125.0,In-line three,22.0,215.0,850.0,0.58
2532,Benelli,tre 1130 k,2017,Sport Touring,1131,125.0,In-line three,21.5,215.0,850.0,0.58
2536,Benelli,tre 899 k,2019,Naked Bike,899,104.0,In-line three,22.0,215.0,840.0,0.48
2537,Benelli,tre k 1130,2015,Sport Touring,1131,125.0,In-line three,22.0,215.0,780.0,0.58
2538,Benelli,tre k 1130 amazonas,2015,Sport Touring,1131,125.0,In-line three,22.0,215.0,780.0,0.58
2540,Benelli,tre-k 1130k,2015,Sport Touring,1131,125.0,In-line three,22.0,215.0,780.0,0.58
2541,Benelli,tre-k 1130k amazonas,2011,Naked Bike,1131,123.0,In-line three,22.0,205.0,840.0,0.6
2542,Benelli,tre-k 1130k amazonas,2015,Sport Touring,1131,125.0,In-line three,22.0,215.0,780.0,0.58
2543,Benelli,tre-k 899,2011,Naked Bike,899,106.0,In-line three,22.0,215.0,840.0,0.49
2544,Benelli,trk 125,2019,Allround,125,12.6,Single cylinder,17.0,153.0,835.0,0.08
2545,Benelli,trk 251,2018,Allround,249,28.5,Single cylinder,17.0,153.0,835.0,0.19
2546,Benelli,trk 251,2019,Allround,249,24.5,Single cylinder,17.0,153.0,835.0,0.16
2547,Benelli,trk 251,2020,Touring,249,24.1,Single cylinder,17.0,153.0,835.0,0.16
2549,Benelli,trk 502,2017,Enduro / Offroad,500,47.6,Twin,20.0,210.0,815.0,0.23
2550,Benelli,trk 502,2018,Allround,500,47.6,Twin,20.0,213.0,800.0,0.22
2551,Benelli,trk 502,2019,Allround,500,47.6,Twin,20.0,213.0,800.0,0.22
2552,Benelli,trk 502,2020,Allround,500,47.6,Twin,20.0,213.0,800.0,0.22
2553,Benelli,trk 502,2021,Allround,500,47.6,Twin,20.0,213.0,800.0,0.22
2554,Benelli,trk 502,2022,Allround,500,47.6,Twin,20.0,213.0,800.0,0.22
2555,Benelli,trk 502 x,2018,Allround,500,47.6,Twin,20.0,213.0,840.0,0.22
2556,Benelli,trk 502 x,2020,Allround,500,47.6,Twin,20.0,213.0,860.0,0.22
2557,Benelli,trk 502 x,2021,Allround,500,47.6,Twin,20.0,213.0,840.0,0.22
2558,Benelli,trk 502 x,2022,Allround,500,47.6,Twin,20.0,213.0,840.0,0.22
2559,Benelli,trk 502 x abs,2019,Allround,500,47.6,Twin,20.0,213.0,840.0,0.22
2570,Benelli,velvet 150,2014,Scooter,152,10.6,Single cylinder,11.7,122.0,818.0,0.09
2575,Benelli,x 125,2014,Scooter,125,9.5,Single cylinder,6.2,115.0,818.0,0.08
2580,Benelli,zenzero 350,2016,Scooter,313,21.0,Single cylinder,13.5,170.0,805.0,0.12
2581,Bennche,gray wolf 400,2021,Atv,352,26.0,Single cylinder,14.38,315.3,965.0,0.08
2582,Bennche,gray wolf 400,2022,Atv,352,26.0,Single cylinder,14.38,315.3,965.0,0.08
2583,Bennche,gray wolf 500,2010,Atv,471,22.8,Single cylinder,16.28,328.9,859.0,0.07
2584,Bennche,gray wolf 500,2012,Atv,471,22.8,Single cylinder,16.28,328.9,859.0,0.07
2585,Bennche,gray wolf 500,2014,Atv,471,22.8,Single cylinder,16.28,328.9,859.0,0.07
2586,Bennche,gray wolf 500,2015,Atv,471,22.8,Single cylinder,16.28,328.9,859.0,0.07
2587,Bennche,gray wolf 500,2016,Atv,471,22.8,Single cylinder,16.28,328.9,859.0,0.07
2588,Bennche,gray wolf 500,2017,Atv,471,22.8,Single cylinder,16.28,328.9,859.0,0.07
2589,Bennche,gray wolf 500,2019,Atv,493,33.0,Single cylinder,16.28,315.3,965.0,0.1
2590,Bennche,gray wolf 500,2020,Atv,493,33.0,Single cylinder,14.38,315.3,965.0,0.1
2591,Bennche,gray wolf 500,2021,Atv,493,33.0,Single cylinder,14.38,315.3,965.0,0.1
2593,Bennche,gray wolf 550l,2022,Atv,493,33.0,Single cylinder,14.38,362.4,965.0,0.09
2594,Bennche,gray wolf 700,2010,Atv,686,33.5,Single cylinder,16.28,328.9,859.0,0.1
2595,Bennche,gray wolf 700,2012,Atv,686,33.5,Single cylinder,16.28,328.9,859.0,0.1
2596,Bennche,gray wolf 700,2015,Atv,686,33.5,Single cylinder,16.28,328.9,859.0,0.1
2597,Bennche,gray wolf 700,2016,Atv,686,33.5,Single cylinder,16.28,328.9,859.0,0.1
2598,Bennche,gray wolf 700,2017,Atv,686,33.5,Single cylinder,16.28,328.9,859.0,0.1
2599,Bennche,hawk 110,2022,Atv,107,6.0,Single cylinder,2.2,71.7,831.0,0.08
2600,Bennche,js110,2022,Atv,110,6.0,Single cylinder,1.89,76.2,559.0,0.08
2602,Bennche,js150u,2020,Allround,150,74.0,Single cylinder,1.89,93.0,622.0,0.8
2603,Bennche,mb200,2018,Allround,196,6.5,Single cylinder,3.1,69.0,610.0,0.09
2604,Bennche,mb200,2020,Allround,196,6.5,Single cylinder,3.1,69.0,610.0,0.09
2605,Bennche,mb200,2021,Allround,196,6.5,Single cylinder,3.1,69.0,610.0,0.09
2606,Bennche,mb200,2022,Allround,196,6.5,Single cylinder,3.1,69.0,610.0,0.09
2607,Bennche,megelli 250 r,2012,Sport,249,25.0,Single cylinder,11.36,112.5,800.0,0.22
2608,Bennche,pathcross 650l,2021,Atv,650,52.0,Single cylinder,22.71,407.8,914.0,0.13
2609,Bennche,pathcross 650l,2022,Atv,650,52.0,Single cylinder,22.71,407.8,914.0,0.13
2610,Bennche,rival 250 r,2013,Sport,249,25.0,Twin,21.95,171.5,790.0,0.15
2611,Bennche,scorpion 200,2019,Sport,177,9.0,Single cylinder,15.14,156.0,737.0,0.06
2612,Bennche,scorpion 200,2021,Sport,177,9.0,Single cylinder,9.46,156.0,737.0,0.06
2860,Big Bear Choppers,athena 100 smooth efi,2010,Custom / Cruiser,1639,95.0,V2,16.08,317.5,508.0,0.3
2862,Big Bear Choppers,athena 114 x-wedge efi,2010,Custom / Cruiser,1868,97.0,V2,13.72,317.5,508.0,0.31
2863,Big Bear Choppers,athena chopper 111 carb,2015,Custom / Cruiser,1819,115.0,V2,16.55,317.5,508.0,0.36
2864,Big Bear Choppers,athena chopper 111 efi,2015,Custom / Cruiser,1819,115.0,V2,16.55,317.5,508.0,0.36
2867,Big Bear Choppers,athena prostreet 100 smooth carb,2010,Custom / Cruiser,1639,95.0,V2,16.55,317.5,508.0,0.3
2868,Big Bear Choppers,athena prostreet 100 smooth efi,2010,Custom / Cruiser,1639,95.0,V2,16.08,317.5,508.0,0.3
2869,Big Bear Choppers,athena prostreet 111 carb,2015,Custom / Cruiser,1819,115.0,V2,14.19,317.5,508.0,0.36
2870,Big Bear Choppers,athena prostreet 111 efi,2015,Custom / Cruiser,1819,115.0,V2,14.19,317.5,508.0,0.36
2872,Big Bear Choppers,athena prostreet 114 x-wedge efi,2010,Custom / Cruiser,1868,97.0,V2,13.72,317.5,508.0,0.31
2873,Big Bear Choppers,bear bones,2011,Custom / Cruiser,1639,95.0,V2,13.72,318.0,483.0,0.3
2874,Big Bear Choppers,bear bones 100 smooth carb,2010,Custom / Cruiser,1639,95.0,V2,13.72,318.0,584.0,0.3
2875,Big Bear Choppers,bear bones 111 smooth carb,2015,Custom / Cruiser,1803,115.0,V2,13.72,318.0,584.0,0.36
2876,Big Bear Choppers,bear bones 111 smooth efi,2015,Custom / Cruiser,1819,115.0,V2,13.72,318.0,584.0,0.36
2877,Big Bear Choppers,devils advocate 100 efi,2010,Custom / Cruiser,1639,95.0,V2,22.71,317.5,597.0,0.3
2879,Big Bear Choppers,devils advocate chopper 111 carb,2015,Custom / Cruiser,1819,115.0,V2,22.71,317.5,584.0,0.36
2880,Big Bear Choppers,devils advocate chopper 111 efi,2015,Custom / Cruiser,1819,115.0,V2,22.71,317.5,584.0,0.36
2882,Big Bear Choppers,devils advocate prostreet 100 efi,2010,Custom / Cruiser,1639,95.0,V2,22.23,317.5,584.0,0.3
2890,Big Bear Choppers,gtx standard 100 smooth efi,2010,Custom / Cruiser,1639,95.0,V2,19.3,385.6,648.0,0.25
2892,Big Bear Choppers,gtx standard 114 x-wedge efi,2010,Custom / Cruiser,1868,97.0,V2,19.3,385.6,648.0,0.25
2894,Big Bear Choppers,merc rigid 100 smooth carb,2010,Custom / Cruiser,1639,95.0,V2,14.66,294.8,584.0,0.32
2895,Big Bear Choppers,merc rigid 111 carb,2015,Custom / Cruiser,1819,115.0,V2,14.66,294.8,584.0,0.39
2897,Big Bear Choppers,merc softail 100 smooth carb,2010,Custom / Cruiser,1639,95.0,V2,22.23,317.5,584.0,0.3
2898,Big Bear Choppers,merc softail 111 carb,2015,Custom / Cruiser,1819,115.0,V2,22.23,317.5,584.0,0.36
2902,Big Bear Choppers,miss behavin 100 smooth efi,2019,Custom / Cruiser,1639,95.0,V2,14.19,317.5,508.0,0.3
2905,Big Bear Choppers,paradox 100 smooth carb,2010,Custom / Cruiser,1639,95.0,V2,12.86,317.5,508.0,0.3
2906,Big Bear Choppers,paradox 100 smooth efi,2010,Custom / Cruiser,1639,95.0,V2,12.86,318.0,508.0,0.3
2908,Big Bear Choppers,paradox 114 x-wedge efi,2010,Custom / Cruiser,1868,97.0,V2,12.86,318.0,508.0,0.31
2909,Big Bear Choppers,rage 100 smooth carb,2010,Custom / Cruiser,1639,95.0,V2,14.67,317.5,508.0,0.3
2910,Big Bear Choppers,rage 100 smooth efi,2010,Custom / Cruiser,1639,95.0,V2,14.19,317.5,508.0,0.3
2911,Big Bear Choppers,rage 111 carb,2015,Custom / Cruiser,1819,115.0,V2,14.67,319.0,508.0,0.36
2912,Big Bear Choppers,rage 111 efi,2015,Custom / Cruiser,1819,115.0,V2,14.19,317.5,508.0,0.36
3280,Bmw,c 650 gt,2013,Scooter,647,59.0,Twin,15.9,249.0,795.0,0.24
2914,Big Bear Choppers,reaper 100 carb,2010,Custom / Cruiser,1639,95.0,V2,22.23,317.5,584.0,0.3
2915,Big Bear Choppers,redemption 111 carb,2015,Custom / Cruiser,1819,115.0,V2,14.67,319.0,508.0,0.36
2916,Big Bear Choppers,redemption 111 efi,2015,Custom / Cruiser,1819,115.0,V2,14.67,320.0,508.0,0.36
2918,Big Bear Choppers,screamin demon 100 carb,2010,Custom / Cruiser,1639,95.0,V2,14.66,294.8,610.0,0.32
2921,Big Bear Choppers,sled 100 efi evolution,2010,Custom / Cruiser,1639,95.0,V2,12.3,317.5,508.0,0.3
2922,Big Bear Choppers,sled 100 smooth carb,2010,Custom / Cruiser,1639,95.0,V2,15.14,317.5,508.0,0.3
2924,Big Bear Choppers,sled 114 x-wedge efi,2010,Custom / Cruiser,1868,97.0,V2,12.3,317.5,508.0,0.31
2925,Big Bear Choppers,sled chopper 111 carb,2015,Custom / Cruiser,1819,115.0,V2,15.14,317.5,508.0,0.36
2926,Big Bear Choppers,sled chopper 111 efi,2015,Custom / Cruiser,1819,115.0,V2,15.14,317.5,508.0,0.36
2929,Big Bear Choppers,sled prostreet 100 efi,2010,Custom / Cruiser,1639,95.0,V2,14.66,317.5,508.0,0.3
2930,Big Bear Choppers,sled prostreet 100 smooth carb,2010,Custom / Cruiser,1639,95.0,V2,15.14,316.6,508.0,0.3
2931,Big Bear Choppers,sled prostreet 111  carb,2015,Custom / Cruiser,1819,115.0,V2,15.14,316.6,508.0,0.36
2932,Big Bear Choppers,sled prostreet 111  efi,2015,Custom / Cruiser,1819,115.0,V2,15.14,316.6,508.0,0.36
2934,Big Bear Choppers,sled prostreet 114 x-wedge efi,2010,Custom / Cruiser,1868,97.0,V2,14.66,317.5,508.0,0.31
2935,Big Bear Choppers,titanium,2015,Touring,1819,115.0,V2,15.9,258.6,838.0,0.44
2936,Big Bear Choppers,titanium 111 carb,2019,Custom / Cruiser,1819,115.0,V2,15.9,258.6,838.0,0.44
2939,Big Bear Choppers,venom 100 smooth carb,2010,Custom / Cruiser,1639,95.0,V2,13.72,321.1,584.0,0.3
2941,Big Bear Choppers,venom 2up v111 efi,2014,Custom / Cruiser,1819,115.0,V2,13.72,317.5,584.0,0.36
2942,Big Bear Choppers,venom chopper 111 carb,2015,Custom / Cruiser,1819,115.0,V2,13.72,321.1,584.0,0.36
2943,Big Bear Choppers,venom chopper 111 efi,2015,Custom / Cruiser,1819,115.0,V2,13.72,322.0,597.0,0.36
2946,Big Bear Choppers,venom prostreet 100 smooth carb,2012,Custom / Cruiser,1639,95.0,V2,13.72,317.5,584.0,0.3
2947,Big Bear Choppers,venom prostreet 100 smooth efi,2010,Custom / Cruiser,1639,95.0,V2,13.24,321.1,584.0,0.3
2948,Big Bear Choppers,venom prostreet 111 carb,2015,Custom / Cruiser,1819,115.0,V2,13.72,318.0,584.0,0.36
2949,Big Bear Choppers,venom prostreet 111 efi,2015,Custom / Cruiser,1819,115.0,V2,13.72,318.0,584.0,0.36
2981,Bimota,bb3,2015,Naked Bike,999,193.0,In-line four,18.0,179.0,828.0,1.08
2982,Bimota,bb3,2016,Naked Bike,999,200.0,In-line four,18.0,179.0,828.0,1.12
2983,Bimota,bb3,2017,Naked Bike,999,200.0,In-line four,18.0,179.0,828.0,1.12
2984,Bimota,bb3,2018,Naked Bike,999,200.0,In-line four,18.0,179.0,828.0,1.12
2990,Bimota,db 9 brivido italia,2013,Sport,1198,162.0,V2,18.0,177.0,800.0,0.92
2991,Bimota,db x,2015,Enduro / Offroad,1078,95.0,V2,14.0,175.0,890.0,0.54
2992,Bimota,db10 b.motard,2014,Sport,1078,98.0,V2,13.5,168.0,820.0,0.58
2993,Bimota,db10 r,2013,Sport,1078,98.0,V2,13.5,168.0,820.0,0.58
2994,Bimota,db10 rd,2012,Sport,1078,98.0,V2,13.5,168.0,820.0,0.58
2995,Bimota,db10 rd,2013,Sport,1078,98.0,V2,13.5,168.0,820.0,0.58
2996,Bimota,db10 rd,2016,Super Motard,1078,98.0,V2,14.0,168.0,810.0,0.58
2997,Bimota,db10 rd,2017,Super Motard,1078,98.0,V2,14.0,168.0,810.0,0.58
2998,Bimota,db11,2013,Sport,1198,162.0,V2,18.0,175.0,800.0,0.93
2999,Bimota,db11,2014,Sport,1198,162.0,V2,18.0,175.0,800.0,0.93
3000,Bimota,db11,2016,Sport,1198,162.0,V2,18.0,175.0,800.0,0.93
3001,Bimota,db11,2017,Sport,1198,162.0,V2,18.0,175.0,800.0,0.93
3002,Bimota,db11,2019,Super Motard,1198,162.0,V2,18.0,175.0,800.0,0.93
3003,Bimota,db11 vlx,2013,Sport,1198,188.0,V2,18.0,178.7,800.0,1.05
3004,Bimota,db12 b tourist,2013,Sport Touring,1198,147.0,V2,17.98,185.1,850.0,0.79
3007,Bimota,db5,2016,Sport,1078,98.0,V2,16.0,169.0,810.0,0.58
3009,Bimota,db5 e desiderio,2012,Sport,1078,98.0,V2,16.0,169.0,810.0,0.58
3010,Bimota,db5 e desiderio,2013,Sport,1078,98.0,V2,16.0,169.0,810.0,0.58
3011,Bimota,db5 e desiderio,2014,Sport,1078,98.0,V2,16.0,169.0,810.0,0.58
3015,Bimota,db5 r,2016,Sport,1078,98.0,V2,16.0,169.0,810.0,0.58
3016,Bimota,db5 r,2017,Sport,1078,98.0,V2,16.0,169.0,810.0,0.58
3017,Bimota,db5 re,2013,Sport,1078,98.0,V2,16.0,169.0,810.0,0.58
3018,Bimota,db5 re,2014,Sport,1078,98.0,V2,16.0,169.0,810.0,0.58
3024,Bimota,db5r 1100,2012,Sport,1078,98.0,V2,16.0,169.0,810.0,0.58
3034,Bimota,db6 delirio e,2012,Naked Bike,1078,98.0,V2,16.0,170.0,800.0,0.58
3035,Bimota,db6 delirio e,2013,Naked Bike,1078,98.0,V2,16.0,170.0,800.0,0.58
3036,Bimota,db6 delirio e,2014,Naked Bike,1078,98.0,V2,16.0,170.0,800.0,0.58
3037,Bimota,db6 delirio re,2012,Sport,1079,98.0,V2,16.0,168.0,820.0,0.58
3038,Bimota,db6 delirio re,2013,Naked Bike,1078,98.0,V2,16.0,168.0,800.0,0.58
3039,Bimota,db6 delirio re,2014,Naked Bike,1078,98.0,V2,16.0,168.0,800.0,0.58
3046,Bimota,db7,2010,Sport,1098,160.0,V2,18.0,170.0,800.0,0.94
3047,Bimota,db7,2011,Sport,1098,160.0,V2,18.0,170.0,800.0,0.94
3049,Bimota,db7 oronero,2010,Sport,1098,160.0,V2,18.0,170.0,800.0,0.94
3050,Bimota,db7 oronero,2012,Sport,1098,160.0,V2,18.0,174.0,800.0,0.92
3278,Bmw,c 600 sport,2015,Scooter,647,60.0,Twin,15.9,236.8,810.0,0.25
3051,Bimota,db7 oronero,2013,Sport,1098,160.0,V2,18.0,172.0,800.0,0.93
3052,Bimota,db7 oronero,2014,Sport,1098,160.0,V2,18.0,172.0,800.0,0.93
3053,Bimota,db8,2012,Sport,1198,170.0,V2,18.0,177.0,800.0,0.96
3054,Bimota,db8,2015,Sport,1198,162.0,V2,18.0,177.0,800.0,0.92
3055,Bimota,db8,2016,Sport,1198,162.0,V2,18.0,177.0,800.0,0.92
3056,Bimota,db8,2017,Sport,1198,162.0,V2,18.0,177.0,800.0,0.92
3057,Bimota,db8,2018,Sport,1198,162.0,V2,18.0,177.0,800.0,0.92
3058,Bimota,db8 biposto,2013,Sport,1198,170.0,V2,18.0,177.0,800.0,0.96
3059,Bimota,db8 italia,2014,Sport,1198,162.0,V2,18.0,175.0,800.0,0.93
3060,Bimota,db8 italia,2016,Sport,1198,170.0,V2,18.0,164.0,800.0,1.04
3061,Bimota,db8 italia,2017,Sport,1198,170.0,V2,18.0,164.0,800.0,1.04
3062,Bimota,db8 oronero,2015,Sport,1198,169.0,V2,18.0,174.0,800.0,0.97
3063,Bimota,db8 oronero,2016,Sport,1198,169.0,V2,18.0,174.0,800.0,0.97
3064,Bimota,db8 oronero,2017,Sport,1198,169.0,V2,18.0,159.0,800.0,1.06
3065,Bimota,db8 oronero,2018,Sport,1198,169.0,V2,18.0,174.0,800.0,0.97
3066,Bimota,db8 oronero,2019,Sport,1198,170.0,V2,18.0,159.0,800.0,1.07
3068,Bimota,db8 sp,2013,Sport,1198,170.0,V2,18.0,175.0,800.0,0.97
3069,Bimota,db8 sp,2016,Sport,1198,170.0,V2,18.0,164.0,800.0,1.04
3070,Bimota,db8 sp,2017,Sport,1198,170.0,V2,18.0,164.0,800.0,1.04
3071,Bimota,db9,2015,Naked Bike,1198,162.0,V2,18.0,177.0,800.0,0.92
3072,Bimota,db9,2016,Naked Bike,1198,162.0,V2,18.0,177.0,800.0,0.92
3073,Bimota,db9,2017,Naked Bike,1198,162.0,V2,18.0,177.0,800.0,0.92
3074,Bimota,db9,2018,Naked Bike,1198,162.0,V2,18.0,177.0,800.0,0.92
3075,Bimota,db9 brivido,2012,Sport,1198,162.0,V2,18.0,177.0,800.0,0.92
3076,Bimota,db9 brivido,2013,Sport,1198,162.0,V2,18.0,177.0,800.0,0.92
3077,Bimota,db9 brivido,2014,Sport,1198,162.0,V2,18.0,177.0,800.0,0.92
3078,Bimota,db9 brivido,2016,Naked Bike,1198,162.0,V2,18.0,177.0,800.0,0.92
3079,Bimota,db9 brivido,2017,Naked Bike,1198,162.0,V2,18.0,177.0,800.0,0.92
3080,Bimota,db9 brivido,2019,Naked Bike,1198,162.0,V2,18.0,177.0,800.0,0.92
3081,Bimota,db9 brivido s,2013,Sport,1198,162.0,V2,18.0,177.0,800.0,0.92
3082,Bimota,db9 brivido s,2014,Sport,1198,162.0,V2,18.0,177.0,800.0,0.92
3083,Bimota,db9 brivido s,2017,Naked Bike,1198,162.0,V2,18.0,177.0,800.0,0.92
3084,Bimota,dbx,2013,Enduro / Offroad,1078,98.0,V2,13.5,174.6,820.0,0.56
3085,Bimota,dbx,2016,Enduro / Offroad,1078,95.0,V2,14.0,175.0,890.0,0.54
3086,Bimota,dbx,2018,Super Motard,1078,98.0,V2,14.0,175.0,890.0,0.56
3087,Bimota,dbx  1100,2016,Super Motard,1078,98.0,V2,13.5,174.6,810.0,0.56
3088,Bimota,dbx  1100,2017,Super Motard,1078,98.0,V2,13.5,174.6,810.0,0.56
3089,Bimota,dbx 1100,2019,Super Motard,1078,98.0,V2,14.0,174.6,810.0,0.56
3093,Bimota,impeto,2016,Naked Bike,1198,162.0,V2,19.0,177.0,800.0,0.92
3094,Bimota,impeto,2017,Naked Bike,1198,162.0,V2,18.0,177.0,800.0,0.92
3133,Bimota,tesi 3d,2015,Sport,1078,98.0,V2,18.0,170.0,800.0,0.58
3134,Bimota,tesi 3d,2017,Naked Bike,1078,100.0,V2,16.0,167.0,800.0,0.6
3135,Bimota,tesi 3d 40 anniversario,2017,Naked Bike,1078,100.0,V2,16.0,167.0,800.0,0.6
3137,Bimota,tesi 3d e,2013,Sport,1079,90.0,V2,16.0,167.0,800.0,0.54
3138,Bimota,tesi 3d e,2014,Sport,1079,90.0,V2,16.0,167.0,800.0,0.54
3139,Bimota,tesi 3d evo,2016,Naked Bike,1078,98.0,V2,16.0,167.0,800.0,0.59
3140,Bimota,tesi 3d evo,2017,Naked Bike,1078,98.0,V2,16.0,167.0,800.0,0.59
3142,Bimota,tesi 3d naked,2014,Sport,1079,98.0,V2,16.0,166.0,800.0,0.59
3143,Bimota,tesi 3d naked,2017,Naked Bike,1078,100.0,V2,16.0,167.0,800.0,0.6
3144,Bimota,tesi 3d naked,2018,Naked Bike,1078,100.0,V2,16.0,170.0,780.0,0.59
3149,Bimota,tesi h2,2021,Sport,998,228.0,In-line four,17.0,238.1,840.0,0.96
3150,Bimota,tesi h2,2022,Sport,998,228.0,In-line four,17.0,207.0,840.0,1.1
3151,Bimota,tesi3d,2016,Naked Bike,1078,98.0,V2,16.0,170.0,800.0,0.58
3152,Bimota,tesi3d 40th anniversary,2016,Naked Bike,1078,98.0,V2,16.0,170.0,800.0,0.58
3166,Bintelli,beast 49,2018,Allround,49,3.2,Single cylinder,6.06,105.7,787.0,0.03
3167,Bintelli,beast 49,2019,Allround,49,9.0,Single cylinder,5.49,105.7,787.0,0.09
3168,Bintelli,bolt 150,2017,Scooter,49,3.2,Single cylinder,6.06,99.8,762.0,0.03
3169,Bintelli,bolt 150,2019,Scooter,150,9.0,Single cylinder,6.06,99.8,762.0,0.09
3170,Bintelli,bolt 150,2020,Scooter,150,9.0,Single cylinder,6.06,99.8,762.0,0.09
3171,Bintelli,bolt 49,2017,Scooter,49,3.2,Single cylinder,6.06,99.8,762.0,0.03
3173,Bintelli,escape 49,2020,Scooter,49,3.2,Single cylinder,4.92,78.0,737.0,0.04
3177,Bintelli,fury 150,2016,Scooter,150,9.0,Single cylinder,6.06,108.9,813.0,0.08
3186,Black Douglas,countryman deluxe 250,2016,Classic,230,14.1,Single cylinder,9.0,98.0,830.0,0.14
3187,Black Douglas,jade wonder imperial,2018,Classic,125,12.8,Single cylinder,9.0,95.0,830.0,0.13
3188,Black Douglas,sport sapphire,2018,Classic,125,12.8,Single cylinder,9.0,95.0,830.0,0.13
3270,Bmw,c 400 gt,2022,Scooter,350,34.0,Single cylinder,12.8,202.0,775.0,0.17
3271,Bmw,c 400 x,2018,Scooter,350,34.0,Single cylinder,12.8,193.0,775.0,0.18
3272,Bmw,c 400 x,2019,Scooter,350,34.0,Single cylinder,12.8,193.0,775.0,0.18
3273,Bmw,c 400 x,2020,Scooter,350,34.0,Single cylinder,12.8,193.0,775.0,0.18
3274,Bmw,c 400 x,2021,Scooter,350,34.0,Single cylinder,12.8,193.0,775.0,0.18
3282,Bmw,c 650 gt,2015,Scooter,647,60.0,Twin,16.0,241.0,795.0,0.25
3283,Bmw,c 650 gt,2016,Scooter,647,60.0,Twin,16.0,241.0,795.0,0.25
3284,Bmw,c 650 gt,2017,Scooter,647,60.0,Twin,16.0,241.0,795.0,0.25
3285,Bmw,c 650 gt,2018,Scooter,647,60.0,Twin,16.0,241.0,795.0,0.25
3286,Bmw,c 650 gt,2019,Scooter,647,60.0,Twin,16.0,241.0,795.0,0.25
3287,Bmw,c 650 gt,2020,Scooter,647,60.0,Twin,15.5,241.0,795.0,0.25
3288,Bmw,c 650 gt highline,2018,Scooter,647,60.0,Twin,16.0,241.0,795.0,0.25
3289,Bmw,c 650 gt highline,2019,Scooter,647,60.0,Twin,15.5,241.0,795.0,0.25
3290,Bmw,c 650 gt highline ls,2018,Scooter,647,60.0,Twin,16.0,241.0,795.0,0.25
3291,Bmw,c 650 sport,2016,Scooter,647,60.0,Twin,15.9,236.8,810.0,0.25
3292,Bmw,c 650 sport,2017,Scooter,647,60.0,Twin,15.9,236.8,800.0,0.25
3293,Bmw,c 650 sport,2018,Scooter,647,60.0,Twin,15.9,236.8,800.0,0.25
3294,Bmw,c 650 sport,2019,Scooter,647,60.0,Twin,15.9,236.8,800.0,0.25
3295,Bmw,c 650 sport,2020,Scooter,647,60.0,Twin,15.5,236.8,800.0,0.25
3296,Bmw,c 650 sport highline,2018,Scooter,647,60.0,Twin,15.9,236.8,800.0,0.25
3297,Bmw,c 650 sport highline ls,2018,Scooter,647,60.0,Twin,15.9,236.8,800.0,0.25
3339,Bmw,f 650 gs,2010,Enduro / Offroad,798,69.7,Twin,16.0,179.0,820.0,0.39
3340,Bmw,f 650 gs,2011,Enduro / Offroad,798,69.7,Twin,16.0,179.0,820.0,0.39
3341,Bmw,f 650 gs,2012,Enduro / Offroad,798,48.0,Twin,16.0,179.0,820.0,0.27
3347,Bmw,f 650 gs se,2012,Enduro / Offroad,798,48.0,Twin,16.0,184.0,820.0,0.26
3351,Bmw,f 700 gs,2013,Enduro / Offroad,798,73.8,Twin,15.9,186.0,820.0,0.4
3352,Bmw,f 700 gs,2014,Enduro / Offroad,798,75.0,Twin,16.0,186.0,820.0,0.4
3353,Bmw,f 700 gs,2015,Enduro / Offroad,798,75.0,Twin,16.0,186.0,820.0,0.4
3354,Bmw,f 700 gs,2016,Enduro / Offroad,798,75.0,Twin,16.0,186.0,820.0,0.4
3355,Bmw,f 700 gs,2017,Enduro / Offroad,798,75.0,Twin,16.0,186.0,820.0,0.4
3369,Bmw,f 800 gs,2010,Enduro / Offroad,798,84.5,Twin,16.0,185.0,880.0,0.46
3370,Bmw,f 800 gs,2011,Enduro / Offroad,798,84.5,Twin,16.0,185.0,880.0,0.46
3371,Bmw,f 800 gs,2012,Enduro / Offroad,798,48.0,Twin,16.0,185.0,880.0,0.26
3372,Bmw,f 800 gs,2013,Enduro / Offroad,798,84.5,Twin,15.9,191.0,879.0,0.44
3373,Bmw,f 800 gs,2014,Enduro / Offroad,798,84.5,Twin,16.0,191.0,880.0,0.44
3374,Bmw,f 800 gs,2015,Enduro / Offroad,798,85.0,Twin,16.0,191.0,880.0,0.45
3375,Bmw,f 800 gs,2016,Enduro / Offroad,798,85.0,Twin,16.0,191.0,880.0,0.45
3376,Bmw,f 800 gs,2017,Enduro / Offroad,798,85.0,Twin,16.0,191.0,880.0,0.45
3378,Bmw,f 800 gs adventure,2014,Enduro / Offroad,798,85.0,Twin,24.0,191.0,890.0,0.45
3379,Bmw,f 800 gs adventure,2015,Enduro / Offroad,798,85.0,Twin,24.0,191.0,890.0,0.45
3380,Bmw,f 800 gs adventure,2016,Enduro / Offroad,798,85.0,Twin,24.0,191.0,890.0,0.45
3381,Bmw,f 800 gs adventure,2017,Enduro / Offroad,798,85.0,Twin,24.0,191.0,890.0,0.45
3382,Bmw,f 800 gs adventure,2018,Enduro / Offroad,798,85.0,Twin,24.0,192.0,890.0,0.44
3383,Bmw,f 800 gs adventure te,2018,Enduro / Offroad,798,85.0,Twin,24.0,192.0,890.0,0.44
3384,Bmw,f 800 gs adventure travel,2014,Enduro / Offroad,798,85.0,Twin,24.0,191.0,890.0,0.45
3387,Bmw,f 800 gs triple black,2012,Enduro / Offroad,798,48.0,Twin,16.0,185.0,880.0,0.26
3388,Bmw,f 800 gs trophy,2012,Enduro / Offroad,798,48.0,Twin,16.0,185.0,880.0,0.26
3395,Bmw,f 800 gt,2017,Sport Touring,798,90.0,Twin,15.0,206.0,800.0,0.44
3396,Bmw,f 800 gt,2018,Sport Touring,798,90.0,Twin,15.0,206.0,800.0,0.44
3397,Bmw,f 800 gt,2019,Sport Touring,798,90.0,Twin,15.0,206.0,800.0,0.44
3399,Bmw,f 800 r,2010,Naked Bike,798,85.8,Twin,16.0,177.0,800.0,0.48
3400,Bmw,f 800 r,2011,Naked Bike,798,85.8,Twin,16.0,177.0,800.0,0.48
3401,Bmw,f 800 r,2012,Naked Bike,798,85.8,Twin,16.0,177.0,800.0,0.48
3402,Bmw,f 800 r,2013,Naked Bike,798,87.0,Twin,15.9,176.9,800.0,0.49
3403,Bmw,f 800 r,2014,Naked Bike,798,87.0,Twin,16.0,177.0,800.0,0.49
3404,Bmw,f 800 r,2015,Naked Bike,798,90.0,Twin,16.0,177.0,790.0,0.51
3405,Bmw,f 800 r,2016,Naked Bike,798,90.0,Twin,15.0,177.0,790.0,0.51
3412,Bmw,f 800 s,2010,Allround,798,83.8,Twin,16.0,182.0,820.0,0.46
3415,Bmw,f 800 st,2010,Sport Touring,798,83.8,Twin,16.0,182.0,820.0,0.46
3416,Bmw,f 800 st,2011,Touring,798,83.8,Twin,16.0,182.0,820.0,0.46
3417,Bmw,f 800 st,2012,Sport Touring,798,83.8,Twin,16.0,182.0,840.0,0.46
3418,Bmw,f 800 st touring,2012,Touring,798,83.8,Twin,16.0,182.0,840.0,0.46
3422,Bmw,f 850 gs,2021,Enduro / Offroad,853,90.0,Twin,15.0,216.0,815.0,0.42
3423,Bmw,f 850 gs,2022,Enduro / Offroad,853,90.0,Twin,15.14,216.0,861.0,0.42
3446,Bmw,g 310 gs,2021,Sport,313,33.5,Single cylinder,11.5,175.0,835.0,0.19
3447,Bmw,g 310 gs,2022,Sport,313,34.0,Single cylinder,11.5,175.0,833.0,0.19
3452,Bmw,g 310 r,2020,Sport,313,33.5,Single cylinder,11.0,158.5,785.0,0.21
3453,Bmw,g 310 r,2021,Sport,313,33.5,Single cylinder,11.0,158.5,785.0,0.21
3454,Bmw,g 310 r,2022,Sport,313,34.0,Single cylinder,10.98,158.0,785.0,0.22
3457,Bmw,g 450 x,2010,Enduro / Offroad,450,40.2,Single cylinder,8.0,111.0,955.0,0.36
3458,Bmw,g 450 x,2011,Enduro / Offroad,450,40.2,Single cylinder,8.0,111.0,955.0,0.36
3459,Bmw,g 650 gs,2010,Enduro / Offroad,652,50.0,Single cylinder,15.14,191.9,780.0,0.26
3460,Bmw,g 650 gs,2011,Enduro / Offroad,652,50.0,Single cylinder,15.14,175.5,780.0,0.28
3461,Bmw,g 650 gs,2012,Enduro / Offroad,652,48.0,Single cylinder,14.0,175.0,780.0,0.27
3462,Bmw,g 650 gs,2013,Enduro / Offroad,652,50.0,Single cylinder,14.0,175.1,800.0,0.29
3463,Bmw,g 650 gs,2014,Enduro / Offroad,652,48.0,Single cylinder,14.0,175.0,780.0,0.27
3464,Bmw,g 650 gs,2015,Enduro / Offroad,652,48.0,Single cylinder,14.0,175.0,780.0,0.27
3465,Bmw,g 650 gs,2016,Enduro / Offroad,652,50.0,Single cylinder,14.0,175.0,780.0,0.29
3466,Bmw,g 650 gs,2017,Enduro / Offroad,652,50.0,Single cylinder,14.0,175.0,780.0,0.29
3467,Bmw,g 650 gs sertao,2012,Enduro / Offroad,652,48.0,Single cylinder,14.0,175.0,780.0,0.27
3468,Bmw,g 650 gs sertao,2013,Enduro / Offroad,652,50.0,Single cylinder,14.0,176.9,861.0,0.28
3469,Bmw,g 650 gs sertao,2014,Enduro / Offroad,652,50.0,Single cylinder,14.0,176.9,861.0,0.28
3470,Bmw,g 650 gs sertao,2015,Enduro / Offroad,652,50.0,Single cylinder,14.0,176.9,861.0,0.28
3475,Bmw,g 650 xcountry,2010,Enduro / Offroad,652,53.0,Single cylinder,9.5,148.0,870.0,0.36
3488,Bmw,hp2 megamoto,2011,Super Motard,1170,111.0,Two cylinder boxer,16.0,179.0,860.0,0.62
3492,Bmw,hp2 sport,2010,Sport,1170,131.0,Twin,16.0,178.0,830.0,0.74
3493,Bmw,hp2 sport,2011,Sport,1170,131.0,Two cylinder boxer,16.0,178.0,830.0,0.74
3494,Bmw,hp2 sport,2012,Sport,1170,131.0,Twin,16.0,178.0,830.0,0.74
3495,Bmw,hp4,2013,Sport,999,193.0,In-line four,17.41,169.2,820.0,1.14
3496,Bmw,hp4,2014,Sport,999,193.0,In-line four,17.5,169.0,820.0,1.14
3497,Bmw,hp4,2015,Sport,999,190.0,In-line four,17.5,169.0,820.0,1.12
3498,Bmw,hp4,2016,Sport,999,193.0,In-line four,17.5,169.0,820.0,1.14
3499,Bmw,hp4 carbon,2014,Sport,999,193.0,In-line four,17.5,169.0,820.0,1.14
3500,Bmw,hp4 carbon,2015,Sport,999,190.0,In-line four,17.5,169.0,820.0,1.12
3501,Bmw,hp4 race,2018,Sport,999,215.0,In-line four,17.5,146.0,831.0,1.47
3502,Bmw,hp4 race,2019,Sport,999,215.0,In-line four,17.5,146.0,831.0,1.47
3569,Bmw,k 1200 lt,2010,Touring,1171,116.0,In-line four,24.0,353.5,770.0,0.33
3570,Bmw,k 1200 lt,2011,Touring,1171,116.0,In-line four,24.0,353.5,770.0,0.33
3589,Bmw,k 1300 gt,2010,Sport Touring,1293,158.0,In-line four,24.0,255.0,820.0,0.62
3590,Bmw,k 1300 gt,2011,Touring,1293,158.0,In-line four,24.0,255.0,820.0,0.62
3592,Bmw,k 1300 r,2010,Sport,1293,170.0,In-line four,19.0,217.0,820.0,0.78
3593,Bmw,k 1300 r,2011,Naked Bike,1293,170.0,In-line four,19.0,217.0,820.0,0.78
3594,Bmw,k 1300 r,2012,Naked Bike,1293,170.0,In-line four,19.0,217.0,820.0,0.78
3595,Bmw,k 1300 r,2013,Naked Bike,1293,175.0,In-line four,19.0,217.0,820.0,0.81
3596,Bmw,k 1300 r,2014,Naked Bike,1293,175.0,In-line four,19.0,217.0,820.0,0.81
3597,Bmw,k 1300 r,2015,Naked Bike,1293,173.0,In-line four,19.0,217.0,820.0,0.8
3598,Bmw,k 1300 r carbon,2012,Naked Bike,1293,170.0,In-line four,19.0,217.0,820.0,0.78
3599,Bmw,k 1300 r dynamic,2012,Naked Bike,1293,170.0,In-line four,19.0,217.0,820.0,0.78
3600,Bmw,k 1300 r dynamic edition,2013,Naked Bike,1293,175.0,In-line four,19.0,221.0,820.0,0.79
3602,Bmw,k 1300 s,2010,Sport,1293,173.0,In-line four,19.0,228.0,820.0,0.76
3603,Bmw,k 1300 s,2011,Sport Touring,1293,173.0,In-line four,19.0,228.0,820.0,0.76
3604,Bmw,k 1300 s,2012,Sport,1293,173.0,In-line four,19.0,228.0,820.0,0.76
3605,Bmw,k 1300 s,2013,Sport,1293,175.0,In-line four,18.93,228.2,820.0,0.77
3606,Bmw,k 1300 s,2014,Sport,1293,175.0,In-line four,19.0,228.0,820.0,0.77
3607,Bmw,k 1300 s,2015,Sport,1293,173.0,In-line four,19.0,228.0,820.0,0.76
3608,Bmw,k 1300 s,2016,Sport,1293,175.0,In-line four,19.0,228.0,820.0,0.77
3609,Bmw,k 1300 s hp,2012,Sport,1293,173.0,In-line four,19.0,228.0,820.0,0.76
3610,Bmw,k 1300 s special model,2013,Sport,1293,175.0,In-line four,18.93,229.0,820.0,0.76
3611,Bmw,k 1300 s sport,2012,Sport,1293,173.0,In-line four,19.0,228.0,820.0,0.76
3612,Bmw,k 1300 s sport,2014,Sport,1293,175.0,In-line four,19.0,228.0,820.0,0.77
3627,Bmw,k 1600 gt,2011,Touring,1649,158.0,In-line six,24.0,270.0,830.0,0.59
3628,Bmw,k 1600 gt,2012,Touring,1649,160.0,In-line six,24.0,295.0,810.0,0.54
3629,Bmw,k 1600 gt,2013,Touring,1649,160.0,In-line six,26.5,308.0,810.0,0.52
3630,Bmw,k 1600 gt,2014,Touring,1649,160.0,In-line six,24.0,295.0,810.0,0.54
3631,Bmw,k 1600 gt,2015,Touring,1649,160.0,In-line six,24.0,295.0,810.0,0.54
3632,Bmw,k 1600 gt,2016,Touring,1649,160.0,In-line six,24.0,295.0,810.0,0.54
3634,Bmw,k 1600 gt,2018,Touring,1649,160.0,In-line six,26.5,306.0,810.0,0.52
3635,Bmw,k 1600 gt,2019,Touring,1649,160.0,In-line six,26.5,306.0,810.0,0.52
3636,Bmw,k 1600 gt,2020,Touring,1649,158.0,In-line six,26.5,306.0,750.0,0.52
3637,Bmw,k 1600 gt,2021,Touring,1649,158.0,In-line six,26.5,306.0,750.0,0.52
3639,Bmw,k 1600 gt se,2014,Touring,1649,160.0,In-line six,24.0,295.0,810.0,0.54
3640,Bmw,k 1600 gt se,2018,Touring,1649,160.0,In-line six,26.5,306.0,810.0,0.52
3641,Bmw,k 1600 gt sport,2014,Touring,1649,160.0,In-line six,24.0,295.0,810.0,0.54
3642,Bmw,k 1600 gt sport,2018,Touring,1649,160.0,In-line six,26.5,306.0,810.0,0.52
3643,Bmw,k 1600 gtl,2011,Touring,1649,158.0,In-line six,26.5,321.0,750.0,0.49
3644,Bmw,k 1600 gtl,2012,Touring,1649,160.0,In-line six,26.5,321.0,750.0,0.5
3645,Bmw,k 1600 gtl,2013,Touring,1649,160.0,In-line six,26.5,321.1,749.0,0.5
3646,Bmw,k 1600 gtl,2014,Touring,1649,160.0,In-line six,26.5,321.0,750.0,0.5
3647,Bmw,k 1600 gtl,2015,Touring,1649,158.0,In-line six,26.5,321.0,750.0,0.49
3648,Bmw,k 1600 gtl,2016,Touring,1649,160.0,In-line six,26.5,321.0,750.0,0.5
3649,Bmw,k 1600 gtl,2017,Touring,1649,160.0,In-line six,26.5,321.0,750.0,0.5
3650,Bmw,k 1600 gtl,2018,Touring,1649,160.0,In-line six,26.5,323.0,750.0,0.5
3651,Bmw,k 1600 gtl,2019,Touring,1649,160.0,In-line six,26.5,323.0,750.0,0.5
3655,Bmw,k 1600 gtl e,2012,Touring,1649,160.0,In-line six,26.5,321.0,750.0,0.5
3656,Bmw,k 1600 gtl e,2014,Touring,1649,160.0,In-line six,26.5,321.0,750.0,0.5
3657,Bmw,k 1600 gtl exclusive,2014,Touring,1649,160.0,In-line six,26.5,321.0,750.0,0.5
3658,Bmw,k 1600 gtl exclusive,2015,Touring,1649,160.0,In-line six,26.5,321.0,750.0,0.5
3659,Bmw,k 1600 gtl exclusive,2016,Touring,1649,160.0,In-line six,26.5,321.0,750.0,0.5
3661,Bmw,k 1600 gtl exclusive,2018,Touring,1649,160.0,In-line six,26.5,323.0,750.0,0.5
3662,Bmw,k 1600 gtl le,2018,Touring,1649,160.0,In-line six,26.5,323.0,750.0,0.5
3709,Bmw,m 1000 rr,2022,Sport,999,205.0,In-line four,16.5,192.0,832.0,1.07
3860,Bmw,r 1200 gs,2010,Enduro / Offroad,1170,103.0,Two cylinder boxer,20.0,203.0,850.0,0.51
3861,Bmw,r 1200 gs,2011,Enduro / Offroad,1170,108.0,Two cylinder boxer,20.0,203.0,850.0,0.53
3862,Bmw,r 1200 gs,2012,Enduro / Offroad,1170,48.0,Two cylinder boxer,20.0,203.0,850.0,0.24
3873,Bmw,r 1200 gs adventure,2010,Enduro / Offroad,1170,103.0,Two cylinder boxer,33.0,223.0,910.0,0.46
3874,Bmw,r 1200 gs adventure,2011,Enduro / Offroad,1170,108.0,Two cylinder boxer,33.0,223.0,890.0,0.48
3875,Bmw,r 1200 gs adventure,2012,Enduro / Offroad,1170,110.0,Two cylinder boxer,33.0,223.0,890.0,0.49
3876,Bmw,r 1200 gs adventure,2013,Enduro / Offroad,1170,110.0,Two cylinder boxer,32.93,229.1,889.0,0.48
3877,Bmw,r 1200 gs adventure,2015,Enduro / Offroad,1170,125.0,Two cylinder boxer,30.0,229.1,890.0,0.55
3878,Bmw,r 1200 gs adventure,2016,Enduro / Offroad,1170,125.0,Two cylinder boxer,30.0,229.1,890.0,0.55
3879,Bmw,r 1200 gs adventure,2017,Enduro / Offroad,1170,125.0,Twin,30.0,229.1,890.0,0.55
3880,Bmw,r 1200 gs adventure,2018,Enduro / Offroad,1170,125.0,Two cylinder boxer,30.0,229.1,890.0,0.55
3881,Bmw,r 1200 gs adventure,2019,Enduro / Offroad,1170,125.0,Two cylinder boxer,30.0,229.1,890.0,0.55
3883,Bmw,r 1200 gs adventure xe,2014,Enduro / Offroad,1170,125.0,Two cylinder boxer,30.0,229.1,890.0,0.55
3885,Bmw,r 1200 gs rallye,2012,Enduro / Offroad,1170,48.0,Two cylinder boxer,20.0,223.0,890.0,0.22
3891,Bmw,r 1200 gs triple black,2012,Enduro / Offroad,1170,48.0,Two cylinder boxer,20.0,203.0,850.0,0.24
3897,Bmw,r 1200 r,2010,Naked Bike,1170,107.0,Two cylinder boxer,18.0,198.0,800.0,0.54
3898,Bmw,r 1200 r,2011,Naked Bike,1170,107.0,Two cylinder boxer,18.0,198.0,800.0,0.54
3899,Bmw,r 1200 r,2012,Naked Bike,1170,108.0,Two cylinder boxer,18.0,198.0,800.0,0.55
3900,Bmw,r 1200 r,2013,Naked Bike,1170,87.0,Two cylinder boxer,18.0,198.0,800.0,0.44
3901,Bmw,r 1200 r,2014,Allround,1170,87.0,Two cylinder boxer,18.0,198.0,800.0,0.44
3907,Bmw,r 1200 r 90 years,2014,Allround,1170,87.0,Two cylinder boxer,18.0,198.0,800.0,0.44
3908,Bmw,r 1200 r classic,2011,Naked Bike,1170,110.0,Two cylinder boxer,18.0,198.0,800.0,0.56
3909,Bmw,r 1200 r classic,2012,Naked Bike,1170,108.0,Two cylinder boxer,18.0,198.0,800.0,0.55
3910,Bmw,r 1200 r classic,2014,Allround,1170,87.0,Two cylinder boxer,18.0,198.0,800.0,0.44
3914,Bmw,r 1200 rs,2015,Allround,1170,123.0,Two cylinder boxer,18.0,198.0,820.0,0.62
3915,Bmw,r 1200 rs,2016,Allround,1170,123.0,Two cylinder boxer,18.0,198.0,820.0,0.62
3925,Bmw,r 1200 rt,2010,Sport Touring,1170,108.0,Two cylinder boxer,27.0,229.0,820.0,0.47
3926,Bmw,r 1200 rt,2011,Touring,1170,108.0,Two cylinder boxer,25.0,229.0,820.0,0.47
3927,Bmw,r 1200 rt,2012,Touring,1170,108.0,Two cylinder boxer,25.0,229.0,820.0,0.47
3928,Bmw,r 1200 rt,2013,Touring,1170,110.0,Two cylinder boxer,24.98,233.2,818.0,0.47
3929,Bmw,r 1200 rt,2014,Touring,1170,125.0,Two cylinder boxer,25.0,233.2,805.0,0.54
3930,Bmw,r 1200 rt,2015,Touring,1170,125.0,Two cylinder boxer,25.0,233.2,805.0,0.54
3931,Bmw,r 1200 rt,2016,Touring,1170,125.0,Two cylinder boxer,25.0,233.2,805.0,0.54
3935,Bmw,r 1200 rt le,2014,Touring,1170,125.0,Two cylinder boxer,25.0,233.2,805.0,0.54
3938,Bmw,r 1200 rt se,2012,Touring,1170,108.0,Two cylinder boxer,25.0,229.0,820.0,0.47
3939,Bmw,r 1200 rt se,2014,Touring,1170,125.0,Two cylinder boxer,25.0,233.2,805.0,0.54
3968,Bmw,r 1250 rt,2022,Enduro / Offroad,1254,136.0,Two cylinder boxer,25.0,225.9,805.0,0.6
3974,Bmw,r 18,2021,Custom / Cruiser,1802,91.0,Two cylinder boxer,16.01,345.2,691.0,0.26
3975,Bmw,r 18,2022,Custom / Cruiser,1802,91.0,Two cylinder boxer,16.01,345.2,691.0,0.26
3977,Bmw,r 18 classic,2021,Custom / Cruiser,1802,91.0,Two cylinder boxer,16.01,365.1,691.0,0.25
3978,Bmw,r 18 classic,2022,Custom / Cruiser,1802,91.0,Two cylinder boxer,16.01,365.1,711.0,0.25
4165,Bmw,r ninet scrambler,2017,Naked Bike,1170,110.0,Two cylinder boxer,18.0,220.0,820.0,0.5
4166,Bmw,r ninet scrambler,2018,Naked Bike,1170,110.0,Two cylinder boxer,18.0,220.0,820.0,0.5
4167,Bmw,r ninet scrambler,2019,Naked Bike,1170,110.0,Two cylinder boxer,18.0,220.0,820.0,0.5
4168,Bmw,r ninet scrambler,2020,Naked Bike,1170,110.0,Two cylinder boxer,17.0,220.0,820.0,0.5
4169,Bmw,r ninet scrambler,2021,Naked Bike,1170,107.0,Two cylinder boxer,17.0,223.0,820.0,0.48
4170,Bmw,r ninet scrambler,2022,Naked Bike,1170,109.0,Two cylinder boxer,17.0,223.0,820.0,0.49
4171,Bmw,r ninet scrambler sport,2020,Naked Bike,1170,110.0,Two cylinder boxer,18.0,220.0,820.0,0.5
4172,Bmw,r ninet scrambler x,2018,Naked Bike,1170,110.0,Two cylinder boxer,18.0,220.0,820.0,0.5
4371,Bmw,s 1000 r,2014,Sport,999,163.0,In-line four,17.5,178.0,814.0,0.92
4372,Bmw,s 1000 r,2015,Sport,999,160.0,In-line four,17.5,178.0,814.0,0.9
4373,Bmw,s 1000 r,2016,Sport,999,160.0,In-line four,17.5,178.0,814.0,0.9
4374,Bmw,s 1000 r,2017,Sport,999,160.0,In-line four,17.5,178.0,814.0,0.9
4375,Bmw,s 1000 r,2018,Naked Bike,999,165.0,In-line four,17.5,178.0,814.0,0.93
4376,Bmw,s 1000 r,2019,Naked Bike,999,162.0,In-line four,17.5,178.0,814.0,0.91
4377,Bmw,s 1000 r,2020,Naked Bike,999,165.0,In-line four,17.5,178.0,814.0,0.93
4378,Bmw,s 1000 r,2021,Naked Bike,999,165.0,In-line four,17.5,178.0,814.0,0.93
4380,Bmw,s 1000 r sport,2014,Sport,999,163.0,In-line four,17.5,178.0,814.0,0.92
4381,Bmw,s 1000 r sport,2018,Naked Bike,999,165.0,In-line four,17.5,178.0,814.0,0.93
4383,Bmw,s 1000 rr,2010,Sport,999,190.0,In-line four,17.5,183.0,820.0,1.04
4384,Bmw,s 1000 rr,2011,Sport,999,190.0,In-line four,17.5,183.0,820.0,1.04
4385,Bmw,s 1000 rr,2012,Sport,999,190.0,In-line four,17.5,178.0,820.0,1.07
4386,Bmw,s 1000 rr,2013,Sport,999,193.0,In-line four,17.41,180.5,820.0,1.07
4387,Bmw,s 1000 rr,2014,Sport,999,193.0,In-line four,17.5,178.0,814.0,1.08
4388,Bmw,s 1000 rr,2015,Sport,999,195.0,In-line four,17.5,175.5,815.0,1.11
4389,Bmw,s 1000 rr,2016,Sport,999,199.0,In-line four,17.5,175.5,815.0,1.13
4391,Bmw,s 1000 rr,2018,Sport,999,199.0,In-line four,17.5,179.5,815.0,1.11
4392,Bmw,s 1000 rr,2019,Sport,999,199.0,In-line four,17.5,179.5,815.0,1.11
4395,Bmw,s 1000 rr,2022,Sport,999,205.0,In-line four,16.5,208.0,823.0,0.99
4396,Bmw,s 1000 rr sport,2018,Sport,999,199.0,In-line four,17.5,179.5,815.0,1.11
4397,Bmw,s 1000 xr,2015,Sport,999,158.0,In-line four,20.0,178.0,840.0,0.89
4398,Bmw,s 1000 xr,2016,Sport,999,158.0,In-line four,20.0,228.0,840.0,0.69
4399,Bmw,s 1000 xr,2017,Sport,999,160.0,In-line four,20.0,178.0,840.0,0.9
4400,Bmw,s 1000 xr,2018,Sport,999,165.0,In-line four,20.0,178.0,840.0,0.93
4401,Bmw,s 1000 xr,2019,Sport,999,165.0,In-line four,20.0,178.0,840.0,0.93
4402,Bmw,s 1000 xr,2020,Sport,999,162.0,In-line four,20.0,205.0,840.0,0.79
4405,Bmw,s 1000 xr sport,2018,Sport,999,165.0,In-line four,20.0,178.0,840.0,0.93
4406,Bmw,s 1000 xr sport se,2018,Sport,999,165.0,In-line four,20.0,178.0,840.0,0.93
4478,Borile,multiuso 230,2015,Enduro / Offroad,230,15.0,Single cylinder,5.0,88.0,815.0,0.17
4479,Boss Hoss,57 chevy trike,2019,Custom / Cruiser,6200,445.0,V8,32.17,680.4,749.0,0.65
4488,Boss Hoss,bhc-3 ls3,2017,Custom / Cruiser,6200,445.0,V8,32.0,528.4,673.0,0.84
4490,Boss Hoss,bhc-3 ls3 ss,2011,Custom / Cruiser,6200,445.0,V8,32.17,680.4,635.0,0.65
4491,Boss Hoss,bhc-3 ls3 ss,2012,Custom / Cruiser,6200,445.0,V8,32.17,680.0,635.0,0.65
4492,Boss Hoss,bhc-3 ls3 ss,2016,Custom / Cruiser,6200,445.0,V8,32.17,680.0,635.0,0.65
4493,Boss Hoss,bhc-3 ls3 ss,2017,Custom / Cruiser,6200,445.0,V8,32.17,483.1,635.0,0.92
4494,Boss Hoss,bhc-3 ls300,2012,Custom / Cruiser,4807,295.0,V8,32.17,499.0,673.0,0.59
4503,Boss Hoss,bhc-3 zz4,2010,Custom / Cruiser,5700,355.0,V8,32.17,503.5,711.0,0.71
4504,Boss Hoss,bhc-3 zz4,2011,Custom / Cruiser,5700,355.0,V8,32.17,503.5,711.0,0.71
4508,Boss Hoss,bhc-3 zz4 ss,2010,Custom / Cruiser,5700,355.0,V8,32.17,503.0,635.0,0.71
4509,Boss Hoss,bhc-3 zz4 ss,2011,Custom / Cruiser,5700,355.0,V8,32.17,503.0,635.0,0.71
4512,Boss Hoss,bhc-9 chevy trike,2016,Custom / Cruiser,6200,445.0,V8,32.17,680.4,749.0,0.65
4513,Boss Hoss,bhc-9 chevy trike,2017,Custom / Cruiser,6200,445.0,V8,32.17,680.4,749.0,0.65
4514,Boss Hoss,bhc-9 coupe 445 trike,2012,Custom / Cruiser,6200,445.0,V8,32.17,660.0,737.0,0.67
4515,Boss Hoss,bhc-9 coupe trike,2017,Custom / Cruiser,6200,445.0,V8,32.17,680.4,749.0,0.65
4516,Boss Hoss,bhc-9 gangsta 445 trike,2012,Custom / Cruiser,6200,445.0,V8,32.17,680.4,737.0,0.65
4517,Boss Hoss,bhc-9 gangsta trike,2017,Custom / Cruiser,6200,445.0,V8,32.17,680.4,749.0,0.65
4521,Boss Hoss,bhc-9 ls3 trike,2010,Custom / Cruiser,6200,445.0,V8,32.17,660.0,737.0,0.67
4522,Boss Hoss,bhc-9 ls3 trike,2011,Custom / Cruiser,6200,445.0,V8,32.17,660.0,737.0,0.67
4523,Boss Hoss,bhc-9 truck trike,2016,Custom / Cruiser,6200,445.0,V8,32.17,680.4,749.0,0.65
4524,Boss Hoss,bhc-9 truck trike,2017,Custom / Cruiser,6200,445.0,V8,32.0,680.4,749.0,0.65
4527,Boss Hoss,bhc-9 zz4 trike,2010,Custom / Cruiser,5700,355.0,V8,32.17,680.4,737.0,0.52
4528,Boss Hoss,bhc-9 zz4 trike,2011,Custom / Cruiser,5700,355.0,V8,32.17,680.4,737.0,0.52
4531,Boss Hoss,gangsta trike,2019,Custom / Cruiser,6200,445.0,V8,32.17,680.4,749.0,0.65
4534,Boss Hoss,sierra trike,2019,Custom / Cruiser,6200,445.0,V8,32.0,680.4,749.0,0.65
4535,Boss Hoss,sierra trike,2021,Custom / Cruiser,6200,445.0,V8,32.17,680.4,749.0,0.65
4624,Brixton,cromwell 1200,2022,Sport,1222,80.5,Twin,16.0,235.0,800.0,0.34
4629,Brixton,cromwell 250,2021,Allround,249,16.9,Single cylinder,11.5,145.0,790.0,0.12
4630,Brixton,cromwell 250,2022,Allround,249,16.9,Single cylinder,11.5,145.0,790.0,0.12
4782,Buccimoto,br-1f15 cross,2015,Cross / Motocross,150,11.0,Single cylinder,3.0,65.0,830.0,0.17
4783,Buccimoto,br-1f15 motard,2015,Super Motard,150,11.0,Single cylinder,3.0,64.0,810.0,0.17
4784,Buccimoto,br1-f4 cross,2010,Cross / Motocross,150,11.0,Single cylinder,3.5,64.0,790.0,0.17
4787,Buccimoto,br1-f4 motard,2010,Super Motard,150,11.0,Single cylinder,3.5,68.0,770.0,0.16
4789,Buccimoto,br1-f6 cross 14-12,2013,Cross / Motocross,150,11.0,Single cylinder,3.0,64.0,800.0,0.17
4790,Buccimoto,br1-f6 motard,2013,Super Motard,150,11.0,Single cylinder,3.0,64.0,790.0,0.17
4795,Buccimoto,br1f6 cross,2014,Cross / Motocross,150,11.0,Single cylinder,3.0,64.0,800.0,0.17
4796,Buccimoto,br1f6 motard,2014,Super Motard,150,11.0,Single cylinder,3.0,64.0,790.0,0.17
4804,Buell,1125cr cafe racer,2010,Naked Bike,1126,146.0,V2,20.06,170.0,831.0,0.86
4816,Buell,blast,2010,Sport,492,34.0,Single cylinder,10.59,163.3,648.0,0.21
4881,Buell,xb12scg lightning,2010,Naked Bike,1203,103.0,V2,14.45,179.2,759.0,0.57
4882,Buell,xb12ss lightning long,2010,Naked Bike,1203,103.0,V2,16.65,181.0,843.0,0.57
4883,Buell,xb12sx lightning city x,2010,Naked Bike,1203,92.5,V2,14.45,179.0,726.0,0.52
4886,Buell,xb12xt ulysses,2010,Sport Touring,1203,103.0,V2,16.6,211.0,836.0,0.49
4888,Buell,xb9sx lightning,2010,Naked Bike,983,92.0,V2,14.45,177.0,765.0,0.52
4889,Buell,xb9sx lightning cityx,2010,Naked Bike,983,84.5,V2,14.45,177.0,765.0,0.48
5007,Cagiva,mito sp525,2010,Sport,125,12.1,Single cylinder,14.0,129.0,760.0,0.09
5008,Cagiva,mito sp525,2011,Sport,125,12.1,Single cylinder,14.0,129.0,760.0,0.09
5009,Cagiva,mito sp525,2012,Sport,125,12.1,Single cylinder,14.0,129.0,760.0,0.09
5036,Cagiva,raptor 125,2010,Naked Bike,125,11.0,Single cylinder,12.5,125.0,800.0,0.09
5037,Cagiva,raptor 125,2011,Naked Bike,125,14.8,Single cylinder,12.5,125.0,800.0,0.12
5038,Cagiva,raptor 125,2012,Naked Bike,125,14.8,Single cylinder,12.5,125.0,800.0,0.12
5118,California Scooter,baby doll,2011,Custom / Cruiser,149,13.3,Single cylinder,11.36,108.9,686.0,0.12
5122,California Scooter,cyclone rx-3,2015,Touring,250,24.8,Single cylinder,15.9,175.1,795.0,0.14
5123,California Scooter,greaser,2011,Custom / Cruiser,149,13.3,Single cylinder,11.36,108.9,686.0,0.12
5126,California Scooter,rc3,2016,Sport,250,24.8,Single cylinder,19.98,152.0,762.0,0.16
5127,California Scooter,rc3,2017,Sport,250,24.8,Single cylinder,19.98,152.0,762.0,0.16
5128,California Scooter,re3-sg400 san gabriel,2022,Sport,378,36.2,Twin,18.93,152.0,762.0,0.24
5129,California Scooter,rx-3,2016,Touring,249,24.8,Single cylinder,15.9,175.1,795.0,0.14
5131,California Scooter,rx3,2017,Touring,249,24.8,Single cylinder,15.9,175.1,795.0,0.14
5134,California Scooter,rz3,2017,Sport,250,24.8,Single cylinder,19.98,165.1,787.0,0.15
5136,California Scooter,sg250 cafe racer,2018,Allround,230,16.1,Single cylinder,15.14,123.8,660.0,0.13
5137,California Scooter,sg250 cafe racer,2022,Allround,230,16.1,Single cylinder,15.14,123.8,660.0,0.13
5139,California Scooter,tt250,2016,Enduro / Offroad,230,21.6,Single cylinder,10.98,140.2,864.0,0.15
5140,California Scooter,tt250,2017,Enduro / Offroad,230,16.1,Single cylinder,10.98,140.2,864.0,0.11
5141,California Scooter,tt250,2020,Enduro / Offroad,230,16.0,Single cylinder,10.98,140.2,864.0,0.11
5142,California Scooter,tt250 dual sport,2022,Enduro / Offroad,230,16.0,Single cylinder,10.98,140.2,864.0,0.11
5161,Can-Am,outlander 1000,2012,Atv,976,82.0,V2,20.5,339.0,877.0,0.24
5163,Can-Am,outlander 1000 xt,2012,Atv,976,82.0,V2,16.28,303.0,877.0,0.27
5192,Can-Am,outlander max 800 efi,2010,Atv,800,71.0,V2,16.28,326.0,877.0,0.22
5193,Can-Am,outlander max 800 efi  ltd,2010,Atv,800,71.0,V2,16.28,326.0,877.0,0.22
5198,Can-Am,renegade 800 efi,2010,Atv,800,71.0,V2,16.0,275.3,876.0,0.26
5201,Can-Am,renegade 800r,2011,Atv,800,71.0,V2,16.28,279.0,876.0,0.25
5202,Can-Am,renegade 800r x xc,2011,Atv,800,71.0,V2,16.28,279.0,876.0,0.25
5204,Can-Am,spyder f3,2016,Touring,1330,115.0,In-line three,27.0,386.0,737.0,0.3
5206,Can-Am,spyder f3-s,2016,Touring,1330,115.0,In-line three,27.0,386.0,737.0,0.3
5207,Can-Am,spyder f3-t,2016,Touring,1330,115.0,In-line three,27.0,430.0,675.0,0.27
5210,Can-Am,spyder roadster rs,2011,Sport,998,106.0,V2,25.0,317.0,737.0,0.33
5211,Can-Am,spyder roadster rt,2011,Touring,998,100.0,V2,25.0,421.0,772.0,0.24
5212,Can-Am,spyder roadster rt limited,2011,Touring,998,100.0,V2,25.0,423.0,772.0,0.24
5215,Can-Am,spyder rs,2010,Sport,998,106.0,V2,25.0,317.0,737.0,0.33
5216,Can-Am,spyder rs,2016,Touring,998,100.0,V2,25.0,362.0,737.0,0.28
5217,Can-Am,spyder rs-s,2010,Sport,998,106.0,V2,25.0,317.0,737.0,0.33
5218,Can-Am,spyder rt,2010,Touring,998,100.0,V2,25.0,421.0,772.0,0.24
5219,Can-Am,spyder rt,2016,Touring,1330,115.0,In-line three,27.0,459.0,772.0,0.25
5220,Can-Am,spyder rt audio,2010,Touring,998,100.0,V2,25.0,421.0,772.0,0.24
5221,Can-Am,spyder rt limited,2016,Touring,1330,115.0,In-line three,27.0,459.0,772.0,0.25
5222,Can-Am,spyder rt-s,2010,Touring,998,100.0,V2,25.0,421.0,772.0,0.24
5223,Can-Am,spyder rt-s,2016,Touring,1330,115.0,In-line three,27.0,459.0,772.0,0.25
5224,Can-Am,spyder st,2016,Touring,998,100.0,V2,25.0,392.0,737.0,0.26
5225,Can-Am,spyder st limited,2016,Touring,998,100.0,V2,25.0,392.0,737.0,0.26
5226,Can-Am,spyder st-s,2016,Touring,998,100.0,V2,25.0,392.0,737.0,0.26
5233,Cargobike,as125,2010,Allround,125,14.8,Single cylinder,9.0,148.0,820.0,0.1
5234,Cargobike,as125,2011,Allround,125,14.8,Single cylinder,9.0,148.0,820.0,0.1
5235,Cargobike,as125,2013,Allround,125,14.8,Single cylinder,9.0,148.0,820.0,0.1
5242,Ccm,404 ds supermoto,2010,Super Motard,398,40.0,Single cylinder,12.0,128.0,850.0,0.31
5264,Ccm,blackout,2021,Naked Bike,600,55.0,Single cylinder,14.0,145.0,830.0,0.38
5275,Ccm,c-xr230,2012,Enduro / Offroad,230,18.0,Single cylinder,8.8,118.0,940.0,0.15
5276,Ccm,c-xr230,2013,Enduro / Offroad,230,18.0,Single cylinder,8.8,118.0,940.0,0.15
5280,Ccm,c-xr230-e,2010,Enduro / Offroad,230,18.0,Single cylinder,8.8,118.0,940.0,0.15
5281,Ccm,c-xr230-e,2011,Enduro / Offroad,230,18.0,Single cylinder,8.8,118.0,940.0,0.15
5286,Ccm,c-xr230-s,2010,Super Motard,230,10.1,Single cylinder,8.8,118.0,920.0,0.09
5289,Ccm,cr-40,2010,Classic,398,42.0,Single cylinder,14.0,120.0,840.0,0.35
5290,Ccm,foggy edition spitfire,2019,Naked Bike,600,62.0,Single cylinder,14.0,135.0,830.0,0.46
5291,Ccm,foggy edition spitfire,2020,Naked Bike,600,62.0,Single cylinder,14.0,142.0,825.0,0.44
5292,Ccm,foggy ft spitfire,2021,Naked Bike,600,62.0,Single cylinder,14.0,142.0,825.0,0.44
5293,Ccm,foggy s edition spitfire,2020,Naked Bike,600,62.0,Single cylinder,14.0,142.0,825.0,0.44
5294,Ccm,foggy s spitfire,2021,Naked Bike,600,62.0,Single cylinder,14.0,142.0,825.0,0.44
5295,Ccm,ft 710,2010,Classic,710,55.0,Single cylinder,10.0,120.0,910.0,0.46
5296,Ccm,ft35-s,2010,Allround,398,42.0,Single cylinder,10.0,126.0,840.0,0.33
5303,Ccm,gp 450 adventure,2015,Super Motard,450,40.2,Single cylinder,17.0,125.5,890.0,0.32
5304,Ccm,gp450,2014,Super Motard,450,40.2,Single cylinder,17.0,130.0,890.0,0.31
5305,Ccm,gp450,2016,Super Motard,450,40.2,Single cylinder,20.0,125.5,890.0,0.32
5306,Ccm,gp450 adventure,2017,Super Motard,450,40.2,Single cylinder,20.0,125.5,890.0,0.32
5307,Ccm,gp450 rs,2017,Super Motard,450,40.2,Single cylinder,20.0,125.5,890.0,0.32
5308,Ccm,gp450 s,2017,Super Motard,450,40.2,Single cylinder,20.0,125.5,890.0,0.32
5309,Ccm,heritage 71,2022,Naked Bike,600,62.0,Single cylinder,14.0,136.0,830.0,0.46
5318,Ccm,maverick,2021,Naked Bike,600,55.0,Single cylinder,14.0,145.0,830.0,0.38
5319,Ccm,maverick,2022,Naked Bike,600,55.0,Single cylinder,14.0,145.0,830.0,0.38
5326,Ccm,r35,2011,Super Motard,398,40.0,Single cylinder,12.0,128.0,890.0,0.31
5327,Ccm,r35,2013,Super Motard,398,40.0,Single cylinder,12.0,128.0,890.0,0.31
5330,Ccm,raf benevolent fund spitfire,2021,Classic,600,55.0,Single cylinder,14.0,135.0,760.0,0.41
5331,Ccm,raf benvolent fund spitfire,2019,Naked Bike,600,55.0,Single cylinder,14.0,135.0,760.0,0.41
5334,Ccm,rl 125,2012,Enduro / Offroad,124,10.1,Single cylinder,12.0,125.0,790.0,0.08
5338,Ccm,sm 125,2011,Super Motard,124,10.1,Single cylinder,12.0,126.0,880.0,0.08
5341,Ccm,sm125,2012,Super Motard,124,10.0,Single cylinder,8.8,130.0,880.0,0.08
5342,Ccm,sm125,2013,Super Motard,124,10.0,Single cylinder,8.8,130.0,880.0,0.08
5343,Ccm,spider rl-125,2012,Sport,124,10.1,Single cylinder,12.0,125.0,810.0,0.08
5344,Ccm,spider rl-125,2013,Sport,124,10.1,Single cylinder,12.0,125.0,810.0,0.08
5345,Ccm,spitfire,2018,Naked Bike,600,55.0,Single cylinder,14.0,135.0,830.0,0.41
5346,Ccm,spitfire bobber,2018,Naked Bike,600,55.0,Single cylinder,14.0,135.0,830.0,0.41
5347,Ccm,spitfire bobber,2019,Naked Bike,600,55.0,Single cylinder,14.0,135.0,760.0,0.41
5348,Ccm,spitfire bobber,2020,Naked Bike,600,55.0,Single cylinder,14.0,135.0,760.0,0.41
5349,Ccm,spitfire bobber,2021,Naked Bike,600,55.0,Single cylinder,14.0,135.0,760.0,0.41
5350,Ccm,spitfire bobber,2022,Naked Bike,600,55.0,Single cylinder,14.0,135.0,760.0,0.41
5351,Ccm,spitfire cafe racer,2018,Naked Bike,600,55.0,Single cylinder,14.0,135.0,830.0,0.41
5352,Ccm,spitfire cafe racer,2019,Naked Bike,600,55.0,Single cylinder,14.0,142.0,830.0,0.39
5353,Ccm,spitfire flat tracker,2018,Sport,600,55.0,Single cylinder,14.0,135.0,830.0,0.41
5354,Ccm,spitfire flat tracker,2019,Sport,600,55.0,Single cylinder,14.0,142.0,825.0,0.39
5355,Ccm,spitfire scrambler,2018,Naked Bike,600,55.0,Single cylinder,14.0,135.0,830.0,0.41
5356,Ccm,spitfire six,2019,Naked Bike,600,55.0,Single cylinder,14.0,139.0,820.0,0.4
5357,Ccm,spitfire six,2020,Naked Bike,600,55.0,Single cylinder,14.0,139.0,820.0,0.4
5358,Ccm,spitfire six,2021,Naked Bike,600,55.0,Single cylinder,14.0,139.0,820.0,0.4
5359,Ccm,spitfire stealth six,2020,Naked Bike,600,55.0,Single cylinder,14.0,139.0,830.0,0.4
5360,Ccm,spitfire street tracker,2022,Naked Bike,600,55.0,Single cylinder,14.0,145.0,830.0,0.38
5363,Ccm,sr-40,2010,Classic,398,42.0,Single cylinder,12.0,124.0,930.0,0.34
5364,Ccm,sr40,2011,Classic,398,42.0,Single cylinder,12.0,124.0,930.0,0.34
5365,Ccm,sr40,2013,Classic,398,42.0,Single cylinder,12.0,124.0,930.0,0.34
5366,Ccm,stealth bobber,2021,Naked Bike,600,55.0,Single cylinder,14.0,135.0,760.0,0.41
5367,Ccm,stealth bobber,2022,Naked Bike,600,55.0,Single cylinder,14.0,135.0,760.0,0.41
5368,Ccm,stealth foggy,2021,Naked Bike,600,62.0,Single cylinder,14.0,142.0,825.0,0.44
5369,Ccm,stealth six,2021,Naked Bike,600,55.0,Single cylinder,14.0,139.0,820.0,0.4
5370,Ccm,stealth six,2022,Naked Bike,600,55.0,Single cylinder,14.0,139.0,820.0,0.4
5371,Ccm,street moto,2021,Naked Bike,600,58.0,Single cylinder,14.0,145.0,790.0,0.4
5372,Ccm,street moto,2022,Naked Bike,600,55.0,Single cylinder,14.0,145.0,790.0,0.38
5375,Ccm,tl125,2010,Enduro / Offroad,124,10.1,Single cylinder,8.8,126.0,880.0,0.08
5378,Ccm,x-tr250,2010,Super Motard,249,23.6,Single cylinder,8.6,113.0,925.0,0.21
5388,Cectek,gladiator t5,2015,Atv,496,40.2,Single cylinder,19.0,360.0,880.0,0.11
5390,Cectek,gladiator t6,2014,Atv,521,42.9,Single cylinder,19.0,360.0,880.0,0.12
5391,Cectek,gladiator t6,2015,Atv,550,42.9,Single cylinder,19.0,360.0,880.0,0.12
5394,Cectek,kingcobra ix t5,2015,Atv,496,40.2,Single cylinder,19.0,300.0,916.0,0.13
5395,Cectek,kingcobra ixd t5,2014,Atv,496,40.2,Single cylinder,19.0,300.0,916.0,0.13
5396,Cectek,kingcobra ixd t5,2015,Atv,496,40.2,Single cylinder,19.0,301.0,916.0,0.13
5415,Cf Moto,250nk,2021,Naked Bike,249,26.2,Single cylinder,12.5,151.0,795.0,0.17
5416,Cf Moto,250nk,2022,Naked Bike,249,26.2,Single cylinder,12.5,151.0,795.0,0.17
5418,Cf Moto,250sr,2022,Sport,249,27.5,Single cylinder,12.0,165.0,780.0,0.17
5427,Cf Moto,650gt,2022,Sport Touring,649,61.7,Twin,19.0,226.0,795.0,0.27
5428,Cf Moto,650gt abs,2020,Sport Touring,649,60.4,Twin,19.5,226.0,795.0,0.27
5433,Cf Moto,650nk,2012,Naked Bike,649,69.7,Twin,17.0,193.0,795.0,0.36
5451,Cf Moto,cf500,2010,Atv,493,32.2,Single cylinder,19.0,337.0,550.0,0.1
5456,Cf Moto,cforce 450,2016,Atv,400,30.2,Single cylinder,15.0,345.0,540.0,0.09
5457,Cf Moto,cforce 450,2019,Atv,400,30.2,Single cylinder,15.0,345.0,540.0,0.09
5458,Cf Moto,cforce 450,2020,Atv,400,30.2,Single cylinder,15.0,345.0,540.0,0.09
5459,Cf Moto,cforce 450,2021,Atv,400,27.8,Single cylinder,14.0,358.0,530.0,0.08
5464,Cf Moto,cforce 500,2015,Atv,493,32.2,Single cylinder,19.0,340.0,900.0,0.09
5467,Cf Moto,cforce 520l,2022,Atv,495,27.8,Single cylinder,14.0,382.0,530.0,0.07
5468,Cf Moto,cforce 520s,2022,Atv,495,27.8,Single cylinder,14.0,358.0,530.0,0.08
5469,Cf Moto,cforce 550,2015,Atv,495,37.6,Single cylinder,18.5,360.0,880.0,0.1
5470,Cf Moto,cforce 550,2016,Atv,495,38.0,Single cylinder,18.5,360.0,880.0,0.11
5471,Cf Moto,cforce 600,2015,Atv,594,33.5,Single cylinder,19.0,349.0,900.0,0.1
5473,Cf Moto,cforce 625,2022,Atv,580,40.2,Single cylinder,18.0,395.0,530.0,0.1
5474,Cf Moto,cforce 625 touring,2022,Atv,580,40.2,Single cylinder,18.0,400.0,530.0,0.1
5475,Cf Moto,cforce 800,2015,Atv,800,61.7,V2,25.0,590.0,550.0,0.1
5476,Cf Moto,cforce 800 25th,2016,Atv,800,63.0,V2,23.0,403.0,880.0,0.16
5477,Cf Moto,cforce 800 classic,2016,Atv,800,63.0,V2,23.0,403.0,880.0,0.16
5478,Cf Moto,cforce 800s,2015,Atv,800,61.7,V2,26.0,592.0,550.0,0.1
5483,Cf Moto,cruz,2013,Touring,244,13.4,Single cylinder,16.5,166.0,686.0,0.08
5484,Cf Moto,e-charm 125,2010,Scooter,125,8.7,Single cylinder,8.0,130.0,795.0,0.07
5485,Cf Moto,e-charm 150,2010,Scooter,153,12.1,Single cylinder,8.0,138.0,795.0,0.09
5486,Cf Moto,fashion,2010,Scooter,249,22.1,Single cylinder,12.0,169.0,660.0,0.13
5487,Cf Moto,glory 125,2010,Scooter,125,9.0,Single cylinder,7.5,138.0,760.0,0.07
5493,Cf Moto,jetmax 250,2015,Scooter,249,22.5,Single cylinder,12.5,200.0,760.0,0.11
5500,Cf Moto,terralander 800,2012,Atv,800,64.4,V2,19.0,396.0,530.0,0.16
5501,Cf Moto,v-night,2012,Sport,144,12.2,Single cylinder,13.0,129.0,686.0,0.09
5508,Cf Moto,v3 sport,2010,Sport,244,14.8,Single cylinder,12.11,177.8,686.0,0.08
5513,Cf Moto,v5 sport cruiser,2010,Custom / Cruiser,250,14.8,Single cylinder,17.03,177.8,686.0,0.08
5517,Cf Moto,x-lander 650,2010,Atv,594,37.6,Single cylinder,19.0,344.0,550.0,0.11
5518,Cf Moto,x-lander x5,2019,Atv,493,34.9,Single cylinder,19.0,344.0,550.0,0.1
5522,Ch Racing,ch 501 basic,2010,"Minibike, Cross",50,1.5,Single cylinder,2.8,35.0,615.0,0.04
5524,Ch Racing,ch 508 senior,2010,"Minibike, Cross",50,8.0,Single cylinder,2.8,35.0,678.0,0.23
5526,Ch Racing,ch 509 pro senior,2010,"Minibike, Cross",50,12.0,Single cylinder,2.8,40.0,678.0,0.3
5528,Ch Racing,ch 510 basic big wheels,2010,"Minibike, Cross",50,3.5,Single cylinder,2.8,38.0,734.0,0.09
5530,Ch Racing,ch 511 racing big wheels,2010,"Minibike, Cross",50,8.0,Single cylinder,2.8,40.0,735.0,0.2
5532,Ch Racing,ch 515 basic,2010,"Minibike, Cross",50,3.5,Single cylinder,2.8,40.0,735.0,0.09
5629,Christini,awd 450 ds,2020,Enduro / Offroad,450,42.0,Single cylinder,8.71,130.6,909.0,0.32
5630,Christini,awd 450 e,2020,Enduro / Offroad,450,44.0,Single cylinder,8.71,126.1,909.0,0.35
5631,Christini,awd 450 e,2021,Enduro / Offroad,450,44.0,Single cylinder,8.71,126.1,909.0,0.35
5632,Christini,awd 450 explorer,2020,Enduro / Offroad,450,42.0,Single cylinder,8.71,135.2,909.0,0.31
5633,Christini,awd 450 explorer,2021,Enduro / Offroad,450,42.0,Single cylinder,8.7,135.0,910.0,0.31
5634,Christini,awd 450 sm,2020,Super Motard,450,42.0,Single cylinder,8.71,130.6,864.0,0.32
5635,Christini,awd military,2020,Super Motard,450,42.0,Single cylinder,8.71,130.6,864.0,0.32
5636,Christini,awd military,2022,Enduro / Offroad,450,44.0,Single cylinder,8.71,126.1,909.0,0.35
5638,Cleveland,ace 250,2021,Classic,229,16.9,Twin,15.0,130.0,790.0,0.13
5639,Cleveland,ace 250,2022,Allround,249,16.8,Twin,15.0,130.0,790.0,0.13
5640,Cleveland,ace 400,2021,Classic,397,42.0,Single cylinder,15.0,150.0,790.0,0.28
5642,Cleveland,ace cafe,2016,Classic,229,14.1,Single cylinder,12.0,125.0,785.0,0.11
5644,Cleveland,ace scrambler,2016,Classic,229,14.1,Single cylinder,12.0,125.0,785.0,0.11
5653,Cleveland,fxr,2016,Enduro / Offroad,110,7.0,Single cylinder,3.4,74.0,845.0,0.09
5654,Cleveland,fxx,2016,Enduro / Offroad,110,7.0,Single cylinder,3.4,72.0,845.0,0.1
5656,Cleveland,hooligun 450r,2016,Super Motard,449,43.5,Single cylinder,8.0,120.0,960.0,0.36
5657,Cleveland,hooligun 450x,2016,Enduro / Offroad,449,43.5,Single cylinder,8.0,120.0,960.0,0.36
5710,Clipic,hit80g,2013,Trial,80,10.5,Single cylinder,2.2,65.0,570.0,0.16
5711,Clipic,hit80g,2017,Trial,80,10.5,Single cylinder,2.2,65.0,570.0,0.16
5800,Confederate,p-51 combat fighter,2019,Prototype / Concept Model,2163,145.0,V2,16.25,226.8,749.0,0.64
5803,Confederate,p120 fighter,2011,Naked Bike,1967,160.0,V2,15.14,208.7,686.0,0.77
5804,Confederate,p120 fighter,2019,Naked Bike,1967,160.0,V2,15.14,208.7,686.0,0.77
5805,Confederate,p120 fighter combat,2010,Sport,1967,160.0,V2,15.14,208.7,686.0,0.77
5816,Confederate,x132 hellcat combat,2013,Naked Bike,2163,160.0,V2,17.98,222.3,711.0,0.72
5817,Confederate,x132 hellcat combat,2014,Naked Bike,2163,132.0,V2,17.98,222.3,711.0,0.59
5818,Confederate,x132 hellcat speedster,2015,Naked Bike,2163,120.0,V2,17.98,226.8,724.0,0.53
5819,Confederate,x132 hellcat speedster,2016,Naked Bike,2163,120.0,V2,17.98,226.8,724.0,0.53
5820,Cosmos Muscle Bikes,2rwf v8,2010,Sport,5736,350.0,V8,16.0,420.0,600.0,0.83
5821,Cosmos Muscle Bikes,2rwf v8,2011,Sport,5736,350.0,V8,16.0,420.0,600.0,0.83
5822,Cosmos Muscle Bikes,4rwf v8,2010,Sport,5736,350.0,V8,22.0,475.0,700.0,0.74
5823,Cosmos Muscle Bikes,4rwf v8,2011,Sport,5736,350.0,V8,22.0,475.0,700.0,0.74
5918,Cr&S,duu,2013,Naked Bike,1916,95.2,V2,15.5,244.0,800.0,0.39
5919,Cr&S,duu,2014,Naked Bike,1916,95.2,V2,15.5,245.0,800.0,0.39
5920,Cr&S,duu,2015,Naked Bike,1916,95.2,V2,15.5,245.0,800.0,0.39
5921,Cr&S,duu,2016,Naked Bike,1916,95.2,V2,15.5,245.0,800.0,0.39
5922,Cr&S,duu,2017,Naked Bike,1916,95.2,V2,15.5,245.0,800.0,0.39
5925,Cr&S,duu solo,2012,Naked Bike,1916,95.2,V2,15.5,244.0,800.0,0.39
5926,Cr&S,duu two seater,2012,Naked Bike,1916,95.2,V2,15.5,245.0,800.0,0.39
5929,Cr&S,vun,2013,Naked Bike,652,54.0,Single cylinder,12.5,135.0,780.0,0.4
5930,Cr&S,vun,2014,Naked Bike,652,54.0,Single cylinder,12.5,135.0,780.0,0.4
5931,Cr&S,vun,2015,Naked Bike,652,54.0,Single cylinder,12.5,135.0,780.0,0.4
5932,Cr&S,vun,2016,Naked Bike,652,54.0,Single cylinder,12.5,135.0,780.0,0.4
5933,Cr&S,vun,2017,Naked Bike,652,54.0,Single cylinder,12.5,135.0,780.0,0.4
5935,Cr&S,vun depowered road,2010,Naked Bike,652,29.0,Single cylinder,12.5,135.0,780.0,0.21
5942,Cr&S,vun road,2011,Naked Bike,652,53.6,Single cylinder,12.5,135.0,780.0,0.4
5946,Cr&S,vun standard road,2010,Naked Bike,652,53.6,Single cylinder,12.5,135.0,780.0,0.4
5947,Cr&S,vun standard track ppp,2010,Naked Bike,652,68.0,Single cylinder,12.5,128.0,780.0,0.53
5950,Cr&S,vun track evoluzion,2010,Naked Bike,720,85.0,Single cylinder,12.5,125.0,780.0,0.68
5951,Cr&S,vun track ppp,2011,Naked Bike,720,83.8,Single cylinder,12.5,128.0,780.0,0.65
5952,Cr&S,vun track ppp,2012,Naked Bike,720,68.0,Single cylinder,12.5,128.0,780.0,0.53
5957,Cr&S,vun vr1 road,2012,Naked Bike,652,54.0,Single cylinder,12.5,135.0,780.0,0.4
5958,Cr&S,vun vr2 road underpowered,2012,Naked Bike,652,29.0,Single cylinder,12.5,135.0,780.0,0.21
5973,Csc Motorcycles,rx4,2021,Allround,450,40.2,Single cylinder,20.06,203.1,1425.0,0.2
6068,Daelim,aroma 125,2016,Scooter,125,8.3,Single cylinder,5.9,110.0,740.0,0.08
6069,Daelim,b-bone,2015,Scooter,124,11.5,Single cylinder,7.1,135.0,755.0,0.09
6070,Daelim,b-bone,2017,Scooter,124,11.5,Single cylinder,7.2,135.0,755.0,0.09
6073,Daelim,b-bone 125,2014,Scooter,124,11.5,Single cylinder,7.1,130.0,755.0,0.09
6074,Daelim,beagle 50,2016,Scooter,50,3.9,Single cylinder,5.0,95.0,735.0,0.04
6088,Daelim,dart 125,2016,Scooter,125,8.7,Single cylinder,5.9,110.0,735.0,0.08
6089,Daelim,dart 125,2017,Scooter,125,8.7,Single cylinder,5.9,106.0,725.0,0.08
6091,Daelim,daystar,2015,Custom / Cruiser,247,23.1,Single cylinder,17.0,165.0,720.0,0.14
6092,Daelim,daystar  250,2014,Custom / Cruiser,247,23.1,Single cylinder,17.0,165.0,720.0,0.14
6096,Daelim,daystar 125,2017,Custom / Cruiser,124,12.7,Single cylinder,16.8,154.0,720.0,0.08
6100,Daelim,daystar 250,2016,Custom / Cruiser,247,25.0,Single cylinder,16.8,160.0,720.0,0.16
6101,Daelim,daystar 250,2017,Custom / Cruiser,247,25.0,Single cylinder,17.0,165.0,720.0,0.15
6115,Daelim,otello 125 abs,2018,Scooter,125,11.4,Single cylinder,9.5,127.0,740.0,0.09
6118,Daelim,roadsport,2015,Sport,247,25.0,Single cylinder,15.0,158.0,780.0,0.16
6121,Daelim,roadsport 125,2014,Naked Bike,124,14.8,Single cylinder,16.0,145.0,780.0,0.1
6122,Daelim,roadsport 125,2015,Naked Bike,124,14.8,Single cylinder,16.0,145.0,780.0,0.1
6123,Daelim,roadsport 125,2017,Sport,124,14.8,Single cylinder,15.0,145.0,780.0,0.1
6124,Daelim,roadsport 250,2014,Sport,247,25.0,Single cylinder,15.0,158.0,780.0,0.16
6125,Daelim,roadsport 250,2017,Sport,247,25.0,Single cylinder,15.0,158.0,780.0,0.16
6141,Daelim,s1,2015,Scooter,125,11.5,Single cylinder,9.5,127.0,770.0,0.09
6142,Daelim,s1,2017,Scooter,125,11.5,Single cylinder,9.6,127.0,770.0,0.09
6145,Daelim,s1 125,2014,Scooter,125,11.5,Single cylinder,9.5,127.0,770.0,0.09
6153,Daelim,s3 125,2014,Scooter,125,14.0,Single cylinder,12.7,159.0,770.0,0.09
6154,Daelim,s3 125,2015,Scooter,125,14.0,Single cylinder,12.7,159.0,745.0,0.09
6155,Daelim,s3 advance,2015,Scooter,249,25.0,Single cylinder,12.7,167.0,770.0,0.15
6157,Daelim,s3 advance 250,2014,Scooter,249,25.0,Single cylinder,12.7,167.0,770.0,0.15
6158,Daelim,s300,2018,Scooter,249,25.0,Single cylinder,12.7,167.0,770.0,0.15
6161,Daelim,steezer,2016,Scooter,125,12.4,Single cylinder,9.6,147.0,740.0,0.08
6162,Daelim,steezer,2017,Scooter,125,12.4,Single cylinder,9.6,150.0,740.0,0.08
6163,Daelim,steezer s,2016,Scooter,125,12.4,Single cylinder,9.6,149.0,740.0,0.08
6167,Daelim,vjf 250,2014,Sport,247,25.0,Single cylinder,15.0,165.0,780.0,0.15
6168,Daelim,vjf 250,2015,Sport,247,25.0,Single cylinder,15.0,165.0,780.0,0.15
6169,Daelim,vjf 250,2016,Sport,247,25.0,Single cylinder,15.0,165.0,780.0,0.15
6170,Daelim,vjf 250,2017,Sport,247,25.0,Single cylinder,15.0,165.0,780.0,0.15
6220,Dafra,apache rtr 200,2020,Sport,198,28.2,Single cylinder,12.0,139.0,800.0,0.2
6221,Dafra,apache150,2010,Sport,148,14.0,Single cylinder,5.5,130.0,790.0,0.11
6222,Dafra,apache150,2011,Sport,148,14.0,Single cylinder,16.0,130.0,790.0,0.11
6223,Dafra,cityclass 200i,2020,Scooter,199,13.9,Single cylinder,10.0,135.0,785.0,0.1
6224,Dafra,citycom 300i,2011,Scooter,264,22.7,Single cylinder,10.0,182.0,800.0,0.12
6225,Dafra,citycom 300i,2020,Scooter,278,27.8,Single cylinder,10.0,171.0,800.0,0.16
6227,Dafra,horizon 150,2020,Custom / Cruiser,149,12.8,Single cylinder,14.0,130.0,720.0,0.1
6228,Dafra,horizon 250,2015,Custom / Cruiser,250,23.1,Single cylinder,17.5,163.5,725.0,0.14
6229,Dafra,horizon 250,2016,Custom / Cruiser,250,23.1,Single cylinder,17.5,163.4,720.0,0.14
6230,Dafra,kansas 150,2010,Custom / Cruiser,150,13.1,Single cylinder,11.6,114.0,860.0,0.11
6231,Dafra,kansas 150,2011,Custom / Cruiser,150,13.1,Single cylinder,11.6,114.0,860.0,0.11
6233,Dafra,laser 150,2011,Scooter,150,11.5,Single cylinder,4.0,120.0,920.0,0.1
6234,Dafra,maxsym 400i,2015,Scooter,399,33.3,Single cylinder,14.7,229.0,755.0,0.15
6235,Dafra,next 250,2015,Sport,249,25.0,Single cylinder,14.0,155.8,790.0,0.16
6236,Dafra,next 300,2020,Sport,278,27.0,Single cylinder,13.0,165.0,790.0,0.16
6237,Dafra,nh 190,2020,Sport,183,18.0,Single cylinder,11.0,141.0,820.0,0.13
6238,Dafra,nh 190,2021,Sport,183,18.0,Single cylinder,11.0,141.0,820.0,0.13
6239,Dafra,riva 150,2018,Sport,154,12.1,Single cylinder,13.3,125.0,770.0,0.1
6240,Dafra,smart 125,2010,Scooter,125,10.3,Single cylinder,6.9,101.0,740.0,0.1
6241,Dafra,smart 125,2011,Scooter,125,10.3,Single cylinder,6.9,101.0,740.0,0.1
6242,Dafra,speed 150,2010,Sport,150,13.2,Single cylinder,15.0,115.0,760.0,0.11
6243,Dafra,speed 150,2011,Sport,150,13.2,Single cylinder,15.0,115.0,760.0,0.11
6244,Dafra,super 100,2011,Allround,97,6.2,Single cylinder,10.0,85.0,780.0,0.07
6245,Dafra,super 50,2011,Allround,50,2.2,Twin,10.0,94.0,780.0,0.02
6246,Dafra,zig,2011,Scooter,102,7.8,Single cylinder,4.0,95.0,760.0,0.08
6247,Dafra,zig cub 100,2010,Scooter,102,7.8,Single cylinder,4.0,95.0,760.0,0.08
6285,Db Motors,pirat air,2010,"Minibike, Cross",50,11.0,Single cylinder,4.2,44.0,690.0,0.25
6288,Db Motors,pirat lc,2010,"Minibike, Cross",50,12.0,Single cylinder,3.5,44.5,690.0,0.27
6296,Db Motors,supersport,2010,"Minibike, Cross",50,2.5,Single cylinder,4.2,43.5,660.0,0.06
6299,Db Motors,zz,2010,"Minibike, Cross",50,2.5,Single cylinder,4.2,42.0,640.0,0.06
6404,Derbi,dh 2.0 concept,2015,Prototype / Concept Model,96,8.0,Single cylinder,2.0,40.0,945.0,0.2
6443,Derbi,gpr 125,2011,Sport,125,15.0,Single cylinder,14.0,120.0,800.0,0.12
6444,Derbi,gpr 125,2014,Sport,125,15.0,Single cylinder,14.0,120.0,800.0,0.12
6445,Derbi,gpr 125,2015,Sport,125,15.0,Single cylinder,14.0,120.0,800.0,0.12
6446,Derbi,gpr 125,2016,Sport,125,15.0,Single cylinder,14.0,120.0,800.0,0.12
6447,Derbi,gpr 125,2017,Sport,125,15.0,Single cylinder,14.0,120.0,800.0,0.12
6448,Derbi,gpr 125 4t 4s,2012,Sport,125,15.0,Single cylinder,14.0,120.0,810.0,0.12
6450,Derbi,gpr 125 4t 4v,2010,Sport,125,15.0,Single cylinder,13.0,120.0,800.0,0.12
6461,Derbi,gpr 50 2t,2011,Sport,50,8.5,Single cylinder,13.0,110.0,810.0,0.08
6462,Derbi,gpr 50 2t,2012,Sport,50,8.5,Single cylinder,13.0,110.0,810.0,0.08
6486,Derbi,mulhacen 125,2010,Naked Bike,124,15.0,Single cylinder,11.0,110.0,750.0,0.14
6487,Derbi,mulhacen 125,2011,Naked Bike,124,15.0,Single cylinder,11.0,110.0,750.0,0.14
6488,Derbi,mulhacen 125,2012,Naked Bike,124,15.0,Single cylinder,11.0,110.0,750.0,0.14
6498,Derbi,mulhacen cafe 125,2010,Naked Bike,124,15.0,Single cylinder,13.0,120.0,790.0,0.12
6499,Derbi,mulhacen cafe 125,2011,Naked Bike,124,15.0,Single cylinder,13.0,110.0,790.0,0.14
6500,Derbi,mulhacen cafe 125,2012,Naked Bike,124,15.0,Single cylinder,13.0,110.0,790.0,0.14
6519,Derbi,rambla 125,2012,Scooter,124,14.8,Single cylinder,7.5,144.0,775.0,0.1
6522,Derbi,rambla 250i,2012,Scooter,244,22.1,Single cylinder,7.5,145.0,775.0,0.15
6523,Derbi,rambla 300i,2010,Scooter,278,22.5,Single cylinder,7.5,146.0,775.0,0.15
6524,Derbi,rambla 300i,2011,Scooter,278,22.5,Single cylinder,7.5,146.0,775.0,0.15
6525,Derbi,rambla 300i,2012,Scooter,278,22.5,Single cylinder,7.5,146.0,775.0,0.15
6546,Derbi,senda drd 125  r,2011,Enduro / Offroad,124,15.0,Single cylinder,8.0,120.0,910.0,0.12
6547,Derbi,senda drd 125 4s 4v sm,2012,Super Motard,124,15.0,Single cylinder,8.0,120.0,880.0,0.12
6548,Derbi,senda drd 125 4t 4s  r,2012,Enduro / Offroad,124,15.0,Single cylinder,8.0,120.0,905.0,0.12
6550,Derbi,senda drd 125 4t 4v r,2010,Enduro / Offroad,124,15.0,Single cylinder,7.5,120.0,905.0,0.12
6551,Derbi,senda drd 125 4t 4v sm,2010,Super Motard,124,15.0,Single cylinder,7.5,124.0,880.0,0.12
6552,Derbi,senda drd 125 sm,2011,Super Motard,124,15.0,Single cylinder,8.0,120.0,880.0,0.12
6553,Derbi,senda drd 125 sm,2014,Super Motard,124,15.0,Single cylinder,8.0,120.0,910.0,0.12
6554,Derbi,senda drd 125 sm,2015,Super Motard,124,15.0,Single cylinder,8.0,120.0,910.0,0.12
6555,Derbi,senda drd 125 sm,2016,Super Motard,124,15.0,Single cylinder,8.0,120.0,910.0,0.12
6556,Derbi,senda drd 125 sm,2017,Super Motard,124,15.0,Single cylinder,8.0,120.0,910.0,0.12
6659,Derbi,sonar 125 4t,2010,Scooter,124,10.6,Single cylinder,8.0,99.0,805.0,0.11
6660,Derbi,sonar 125 4t,2011,Scooter,124,10.6,Single cylinder,6.0,99.0,805.0,0.11
6661,Derbi,sonar 125 4t,2012,Scooter,124,10.6,Single cylinder,6.0,99.0,805.0,0.11
6662,Derbi,sonar 50 2t,2010,Scooter,49,4.6,Single cylinder,6.0,95.0,795.0,0.05
6663,Derbi,sonar 50 2t,2011,Scooter,49,4.6,Single cylinder,6.0,95.0,795.0,0.05
6664,Derbi,sonar 50 2t,2012,Scooter,49,4.6,Single cylinder,6.0,95.0,795.0,0.05
6670,Derbi,terra 125,2010,Allround,124,15.0,Single cylinder,12.0,117.0,795.0,0.13
6671,Derbi,terra 125,2011,Allround,124,15.0,Single cylinder,12.0,117.0,815.0,0.13
6672,Derbi,terra 125,2012,Allround,124,15.0,Single cylinder,11.0,110.0,790.0,0.14
6675,Derbi,terra adventure 125,2010,Enduro / Offroad,124,15.0,Single cylinder,11.0,121.0,861.0,0.12
6676,Derbi,terra adventure 125,2011,Enduro / Offroad,124,15.0,Single cylinder,11.0,117.0,850.0,0.13
6677,Derbi,terra adventure 125,2012,Enduro / Offroad,124,15.0,Single cylinder,11.0,117.0,861.0,0.13
6678,Derbi,terra adventure 125,2014,Enduro / Offroad,124,15.0,Single cylinder,11.0,117.0,850.0,0.13
6679,Derbi,terra adventure 125,2015,Enduro / Offroad,124,15.0,Single cylinder,11.0,117.0,850.0,0.13
6680,Derbi,terra adventure 125,2016,Enduro / Offroad,124,15.0,Single cylinder,11.0,117.0,850.0,0.13
6681,Derbi,terra adventure 125,2017,Enduro / Offroad,124,15.0,Single cylinder,11.0,117.0,850.0,0.13
6699,Df Motor,250 bubba chopper,2016,Custom / Cruiser,250,17.0,Single cylinder,14.38,190.5,660.0,0.09
6700,Df Motor,250 outlaw chopper,2016,Custom / Cruiser,227,18.8,Single cylinder,6.81,112.9,533.0,0.17
6734,Di Blasi,express,2011,Allround,50,1.3,In-line four,2.84,29.0,762.0,0.04
6735,Di Blasi,express,2015,Allround,50,1.3,In-line four,2.84,29.0,762.0,0.04
6736,Di Blasi,express 50,2012,Allround,50,1.3,In-line four,2.84,29.0,762.0,0.04
6737,Di Blasi,express 50,2013,Allround,50,1.3,In-line four,2.84,29.0,762.0,0.04
6738,Di Blasi,express 50,2016,Allround,50,1.3,In-line four,2.84,29.0,762.0,0.04
6750,Diamo,cruiser v-twin 250,2010,Custom / Cruiser,248,16.3,V2,7.57,137.0,673.0,0.12
6757,Diamo,ls200,2010,Enduro / Offroad,199,17.4,Single cylinder,7.57,118.8,838.0,0.15
6767,Diamo,torino 150,2011,Scooter,149,12.0,Single cylinder,8.14,89.8,780.0,0.13
6777,Diamo,turista 300,2011,Atv,299,18.4,Single cylinder,10.98,167.8,737.0,0.11
6778,Diamo,tuscany 150,2011,Scooter,149,9.4,Single cylinder,5.49,167.4,762.0,0.06
6781,Diamo,velocity 150,2011,Scooter,149,9.4,Single cylinder,5.49,89.8,762.0,0.1
6818,Dinli,dl 700,2011,Atv,694,40.0,Single cylinder,20.0,298.0,916.0,0.13
6823,Dinli,dl 902,2012,Atv,448,45.1,Single cylinder,12.8,220.0,870.0,0.2
6825,Dinli,dl 904 lightning,2011,Atv,448,19.4,Single cylinder,14.0,328.0,916.0,0.06
6828,Dinli,shrike dl606 50,2010,Atv,49,4.5,Single cylinder,5.2,108.0,749.0,0.04
7047,Ducati,1198,2010,Sport,1198,170.0,V2,15.5,171.0,820.0,0.99
7048,Ducati,1198 r corse special edition,2010,Sport,1198,180.0,V2,18.0,164.0,820.0,1.1
7049,Ducati,1198 s,2010,Sport,1198,170.0,V2,15.5,169.0,820.0,1.01
7050,Ducati,1198 s corse special edition,2010,Sport,1198,170.0,V2,18.0,168.0,820.0,1.01
7052,Ducati,1199 panigale,2013,Sport,1198,191.0,V2,17.0,164.0,825.0,1.16
7053,Ducati,1199 panigale,2014,Sport,1198,195.0,V2,17.0,166.5,825.0,1.17
7054,Ducati,1199 panigale r,2013,Sport,1198,195.0,V2,17.0,165.0,825.0,1.18
7055,Ducati,1199 panigale r,2014,Sport,1198,195.0,V2,17.0,165.0,825.0,1.18
7056,Ducati,1199 panigale s,2012,Sport,1198,195.0,V2,17.0,164.0,825.0,1.19
7057,Ducati,1199 panigale s,2013,Sport,1198,191.0,V2,17.0,164.0,825.0,1.16
7058,Ducati,1199 panigale s,2014,Sport,1198,195.0,V2,17.0,164.0,825.0,1.19
7059,Ducati,1199 panigale s tricolore,2012,Sport,1198,195.0,V2,17.0,166.0,825.0,1.17
7060,Ducati,1199 panigale s tricolore,2013,Sport,1198,195.0,V2,17.0,166.5,825.0,1.17
7067,Ducati,1299 panigale,2015,Sport,1285,205.0,V2,17.0,166.5,830.0,1.23
7068,Ducati,1299 panigale,2016,Sport,1285,205.0,V2,17.0,166.5,830.0,1.23
7069,Ducati,1299 panigale,2017,Sport,1285,205.0,V2,17.0,166.5,830.0,1.23
7070,Ducati,1299 panigale r final edition,2020,Sport,1285,209.0,V2,17.0,168.0,830.0,1.24
7071,Ducati,1299 panigale s,2015,Sport,1285,205.0,V2,17.0,166.5,830.0,1.23
7072,Ducati,1299 panigale s,2016,Sport,1285,205.0,V2,17.0,166.5,830.0,1.23
7073,Ducati,1299 panigale s,2017,Sport,1285,205.0,V2,17.0,166.5,830.0,1.23
7074,Ducati,1299 panigale s anniversario,2017,Sport,1285,205.0,V2,17.0,164.0,830.0,1.25
7243,Ducati,848,2010,Sport,849,134.0,V2,15.5,168.0,830.0,0.8
7244,Ducati,848 evo,2013,Sport,849,138.0,V2,15.5,168.0,830.0,0.82
7245,Ducati,848 evo corse se,2013,Sport,849,138.0,V2,18.0,167.0,830.0,0.83
7246,Ducati,848 evo dark,2013,Sport,849,138.0,V2,15.5,168.0,830.0,0.82
7247,Ducati,848 nicky hayden,2010,Sport,849,134.0,V2,15.5,168.0,830.0,0.8
7263,Ducati,899 panigale,2014,Sport,898,146.0,V2,17.0,169.0,830.0,0.86
7264,Ducati,899 panigale,2015,Sport,898,148.0,V2,17.0,169.0,830.0,0.88
7329,Ducati,959 panigale,2016,Sport,959,157.0,V2,17.0,176.0,830.0,0.89
7330,Ducati,959 panigale,2017,Sport,1285,205.0,V2,17.0,166.5,830.0,1.23
7331,Ducati,959 panigale,2018,Sport,955,150.0,V2,17.0,176.0,830.0,0.85
7354,Ducati,desert sled fasthouse,2021,Enduro / Offroad,803,73.0,V2,13.5,193.0,840.0,0.38
7355,Ducati,desertx,2022,Enduro / Offroad,937,110.0,V2,21.0,202.0,875.0,0.54
7364,Ducati,diavel,2011,Naked Bike,1198,159.0,V2,17.0,210.0,770.0,0.76
7365,Ducati,diavel,2012,Naked Bike,1198,162.0,V2,17.0,210.0,770.0,0.77
7366,Ducati,diavel,2013,Naked Bike,1198,159.0,V2,17.0,210.0,770.0,0.76
7367,Ducati,diavel,2014,Naked Bike,1198,162.0,V2,17.0,210.0,770.0,0.77
7368,Ducati,diavel,2015,Naked Bike,1198,162.0,V2,17.0,210.0,770.0,0.77
7369,Ducati,diavel,2016,Naked Bike,1198,162.0,V2,17.0,210.0,770.0,0.77
7370,Ducati,diavel,2017,Naked Bike,1198,162.0,V2,17.0,210.0,770.0,0.77
7371,Ducati,diavel,2018,Naked Bike,1198,152.0,V2,17.0,210.0,770.0,0.72
7372,Ducati,diavel 1260,2019,Allround,1262,155.0,V2,17.0,218.0,780.0,0.71
7373,Ducati,diavel 1260,2020,Allround,1262,159.0,V2,17.0,218.0,780.0,0.73
7374,Ducati,diavel 1260,2022,Allround,1262,162.0,V2,17.0,223.0,780.0,0.73
7375,Ducati,diavel 1260 lamborghini,2021,Allround,1262,162.0,V2,17.0,220.0,780.0,0.74
7376,Ducati,diavel 1260 s,2019,Allround,1262,157.0,V2,17.0,218.0,780.0,0.72
7377,Ducati,diavel 1260 s,2020,Allround,1262,159.0,V2,17.0,218.0,780.0,0.73
7378,Ducati,diavel 1260 s,2022,Allround,1262,162.0,V2,17.0,221.0,780.0,0.73
7379,Ducati,diavel amg,2012,Naked Bike,1198,162.0,V2,17.0,207.0,770.0,0.78
7380,Ducati,diavel carbon,2011,Naked Bike,1198,162.0,V2,17.0,207.0,770.0,0.78
7381,Ducati,diavel carbon,2012,Naked Bike,1198,162.0,V2,17.0,210.0,770.0,0.77
7382,Ducati,diavel carbon,2013,Naked Bike,1198,159.0,V2,17.0,205.0,770.0,0.78
7383,Ducati,diavel carbon,2014,Naked Bike,1198,162.0,V2,17.0,205.0,770.0,0.79
7384,Ducati,diavel carbon,2015,Naked Bike,1198,162.0,V2,17.0,205.0,770.0,0.79
7385,Ducati,diavel carbon,2016,Naked Bike,1198,162.0,V2,17.0,205.0,770.0,0.79
7386,Ducati,diavel carbon,2017,Naked Bike,1198,162.0,V2,17.0,205.0,770.0,0.79
7387,Ducati,diavel carbon,2018,Naked Bike,1198,152.0,V2,17.0,205.0,770.0,0.74
7388,Ducati,diavel cromo,2012,Naked Bike,1198,162.0,V2,17.0,210.0,770.0,0.77
7389,Ducati,diavel cromo,2013,Naked Bike,1198,162.0,V2,17.0,210.0,770.0,0.77
7390,Ducati,diavel dark,2013,Naked Bike,1198,159.0,V2,17.0,210.0,770.0,0.76
7391,Ducati,diavel dark,2014,Naked Bike,1198,162.0,V2,17.0,210.0,770.0,0.77
7392,Ducati,diavel diesel,2017,Naked Bike,1198,162.0,V2,17.0,210.0,770.0,0.77
7393,Ducati,diavel diesel,2018,Naked Bike,1198,152.0,V2,17.0,210.0,770.0,0.72
7394,Ducati,diavel strada,2013,Sport Touring,1198,159.0,V2,17.0,216.0,770.0,0.74
7395,Ducati,diavel strada,2014,Sport Touring,1198,159.0,V2,17.0,216.0,770.0,0.74
7396,Ducati,diavel titanium,2015,Naked Bike,1198,162.0,V2,17.0,205.0,770.0,0.79
7407,Ducati,hypermotard,2013,Super Motard,821,110.0,V2,16.0,175.0,870.0,0.63
7408,Ducati,hypermotard,2014,Super Motard,821,110.0,V2,16.0,175.0,870.0,0.63
7409,Ducati,hypermotard,2015,Super Motard,821,110.0,V2,16.0,175.0,870.0,0.63
7412,Ducati,hypermotard 1100 evo,2010,Super Motard,1078,95.0,V2,12.4,172.0,845.0,0.55
7414,Ducati,hypermotard 1100 evo,2012,Super Motard,1078,95.0,V2,12.4,172.0,845.0,0.55
7415,Ducati,hypermotard 1100 evo corse,2012,Super Motard,1078,95.0,V2,12.4,171.0,875.0,0.56
7416,Ducati,hypermotard 1100 evo sp,2010,Super Motard,1078,95.0,V2,12.4,171.0,875.0,0.56
7418,Ducati,hypermotard 1100 evo sp,2012,Super Motard,1078,95.0,V2,12.4,171.0,875.0,0.56
7422,Ducati,hypermotard 796,2010,Super Motard,803,81.0,V2,12.4,167.0,825.0,0.49
7423,Ducati,hypermotard 796,2011,Super Motard,803,81.0,V2,12.4,167.0,825.0,0.49
7428,Ducati,hypermotard 939 sp,2016,Super Motard,937,113.0,V2,16.0,178.0,890.0,0.63
7429,Ducati,hypermotard 939 sp,2017,Super Motard,937,113.0,V2,16.0,178.0,890.0,0.63
7430,Ducati,hypermotard 939 sp,2018,Super Motard,937,110.0,V2,16.0,178.0,890.0,0.62
7431,Ducati,hypermotard 950,2019,Super Motard,937,112.0,V2,14.5,178.0,870.0,0.63
7433,Ducati,hypermotard 950,2021,Super Motard,937,114.0,V2,14.5,178.0,870.0,0.64
7434,Ducati,hypermotard 950 rve,2021,Super Motard,937,114.0,V2,14.5,178.0,870.0,0.64
7435,Ducati,hypermotard 950 sp,2019,Super Motard,937,112.0,V2,14.5,176.0,890.0,0.64
7438,Ducati,hypermotard 950 sp,2022,Super Motard,937,114.0,V2,14.5,176.0,890.0,0.65
7439,Ducati,hypermotard sp,2013,Super Motard,821,110.0,V2,16.0,171.0,890.0,0.64
7440,Ducati,hypermotard sp,2014,Super Motard,821,110.0,V2,16.0,171.0,890.0,0.64
7441,Ducati,hypermotard sp,2015,Super Motard,821,110.0,V2,16.0,171.0,890.0,0.64
7444,Ducati,hyperstrada,2015,Sport Touring,821,110.0,V2,16.0,181.0,830.0,0.61
7445,Ducati,hyperstrada 939,2016,Sport Touring,939,113.0,V2,16.0,187.0,810.0,0.6
7449,Ducati,monster,2021,Naked Bike,937,111.0,V2,14.0,166.0,775.0,0.67
7457,Ducati,monster 1100,2010,Naked Bike,1078,93.6,V2,15.0,169.0,810.0,0.55
7458,Ducati,monster 1100 diesel,2012,Naked Bike,1078,100.0,V2,13.5,169.0,810.0,0.59
7461,Ducati,monster 1100 evo,2013,Naked Bike,1078,98.6,V2,13.5,169.0,810.0,0.58
7462,Ducati,monster 1100 evo 20th anniversary,2013,Naked Bike,1078,98.6,V2,13.5,169.0,810.0,0.58
7463,Ducati,monster 1100 s,2010,Naked Bike,1078,93.6,V2,15.0,168.0,810.0,0.56
7465,Ducati,monster 1200,2014,Naked Bike,1198,135.0,V2,13.5,182.0,785.0,0.74
7466,Ducati,monster 1200,2015,Naked Bike,1198,135.0,V2,17.5,182.0,785.0,0.74
7467,Ducati,monster 1200,2016,Naked Bike,1198,135.0,V2,17.5,182.0,785.0,0.74
7468,Ducati,monster 1200,2017,Naked Bike,1198,135.0,V2,17.5,182.0,785.0,0.74
7469,Ducati,monster 1200,2018,Naked Bike,1198,135.0,V2,17.5,182.0,785.0,0.74
7470,Ducati,monster 1200,2019,Naked Bike,1198,150.0,V2,16.5,187.0,795.0,0.8
7471,Ducati,monster 1200 25 anniversario,2019,Naked Bike,1198,147.0,V2,17.5,184.0,795.0,0.8
7472,Ducati,monster 1200 r,2016,Naked Bike,1198,160.0,V2,17.5,180.0,830.0,0.89
7473,Ducati,monster 1200 r,2017,Naked Bike,1198,150.0,V2,16.5,187.0,830.0,0.8
7474,Ducati,monster 1200 r,2018,Naked Bike,1198,152.0,V2,16.5,180.0,830.0,0.84
7475,Ducati,monster 1200 r,2019,Naked Bike,1198,152.0,V2,17.5,180.0,830.0,0.84
7476,Ducati,monster 1200 s,2014,Naked Bike,1198,135.0,V2,13.5,182.0,785.0,0.74
7477,Ducati,monster 1200 s,2015,Naked Bike,1198,145.0,V2,17.5,182.0,785.0,0.8
7478,Ducati,monster 1200 s,2016,Naked Bike,1198,145.0,V2,17.5,182.0,785.0,0.8
7479,Ducati,monster 1200 s,2017,Naked Bike,1198,150.0,V2,17.5,187.0,785.0,0.8
7480,Ducati,monster 1200 s,2018,Naked Bike,1198,147.0,V2,16.5,185.0,785.0,0.79
7481,Ducati,monster 1200 s,2019,Naked Bike,1198,147.0,V2,16.5,185.0,785.0,0.79
7482,Ducati,monster 1200 s,2020,Naked Bike,1198,147.0,V2,16.5,185.0,795.0,0.79
7483,Ducati,monster 1200 s stripe,2015,Naked Bike,1198,145.0,V2,17.5,182.0,785.0,0.8
7504,Ducati,monster 696,2010,Naked Bike,696,78.9,V2,14.0,161.0,770.0,0.49
7506,Ducati,monster 696,2012,Naked Bike,696,78.9,V2,15.0,161.0,770.0,0.49
7507,Ducati,monster 696,2013,Naked Bike,696,78.9,V2,15.0,161.0,770.0,0.49
7508,Ducati,monster 696,2014,Naked Bike,803,87.0,V2,15.0,167.0,770.0,0.52
7509,Ducati,monster 696 20th anniversary,2013,Naked Bike,696,78.9,V2,15.0,161.0,770.0,0.49
7514,Ducati,monster 795,2013,Naked Bike,803,85.8,V2,15.0,167.0,770.0,0.51
7515,Ducati,monster 795,2014,Naked Bike,803,85.8,V2,15.0,167.0,770.0,0.51
7516,Ducati,monster 795,2015,Naked Bike,803,85.8,V2,15.0,167.0,770.0,0.51
7517,Ducati,monster 795 abs,2013,Naked Bike,803,85.8,V2,13.5,169.0,770.0,0.51
7518,Ducati,monster 795 abs,2015,Naked Bike,803,85.8,V2,15.0,169.0,770.0,0.51
7519,Ducati,monster 796,2010,Naked Bike,803,85.8,V2,15.0,167.0,800.0,0.51
7520,Ducati,monster 796,2011,Naked Bike,803,85.8,V2,15.0,167.0,800.0,0.51
7521,Ducati,monster 796,2012,Naked Bike,803,85.8,V2,15.0,167.0,800.0,0.51
7522,Ducati,monster 796,2013,Naked Bike,803,85.8,V2,15.0,167.0,800.0,0.51
7523,Ducati,monster 796,2014,Naked Bike,803,87.0,V2,15.0,167.0,800.0,0.52
7524,Ducati,monster 796 20th anniversary,2013,Naked Bike,803,85.8,V2,15.0,167.0,800.0,0.51
7525,Ducati,monster 796 corse stripe,2014,Naked Bike,803,87.0,V2,15.0,169.0,770.0,0.51
7526,Ducati,monster 796 corse stripe,2015,Naked Bike,803,87.0,V2,15.0,169.0,770.0,0.51
7527,Ducati,monster 797,2017,Naked Bike,803,75.0,V2,16.5,175.0,785.0,0.43
7528,Ducati,monster 797,2018,Naked Bike,803,73.0,V2,16.5,175.0,785.0,0.42
7529,Ducati,monster 797,2019,Naked Bike,803,73.0,V2,16.5,175.0,805.0,0.42
7530,Ducati,monster 797 plus,2018,Naked Bike,803,73.0,V2,16.5,175.0,805.0,0.42
7531,Ducati,monster 797 plus,2019,Naked Bike,803,73.0,V2,16.5,175.0,805.0,0.42
7535,Ducati,monster 821,2015,Naked Bike,821,112.0,V2,17.5,179.5,785.0,0.62
7536,Ducati,monster 821,2016,Naked Bike,821,112.0,V2,17.5,179.5,785.0,0.62
7537,Ducati,monster 821,2017,Naked Bike,821,112.0,V2,17.5,179.5,785.0,0.62
7539,Ducati,monster 821,2019,Naked Bike,821,109.0,V2,16.5,180.0,785.0,0.61
7540,Ducati,monster 821,2020,Naked Bike,821,109.0,V2,16.5,180.5,785.0,0.6
7541,Ducati,monster 821  stealth,2020,Naked Bike,821,109.0,V2,16.5,180.5,785.0,0.6
7542,Ducati,monster 821 dark,2015,Naked Bike,821,112.0,V2,17.5,179.5,785.0,0.62
7543,Ducati,monster 821 dark,2016,Naked Bike,821,112.0,V2,17.5,179.5,785.0,0.62
7544,Ducati,monster 821 stealth,2019,Naked Bike,821,109.0,V2,16.5,180.5,785.0,0.6
7867,Ducati,xdiavel s,2017,Naked Bike,1262,156.0,V2,17.0,220.0,755.0,0.71
7545,Ducati,monster 821 stripe,2015,Naked Bike,821,112.0,V2,17.5,179.5,785.0,0.62
7546,Ducati,monster 821 stripe,2016,Naked Bike,821,112.0,V2,17.5,179.5,785.0,0.62
7547,Ducati,monster 821 stripe,2017,Naked Bike,821,112.0,V2,17.5,179.5,785.0,0.62
7553,Ducati,monster diesel,2013,Naked Bike,1078,98.6,V2,13.5,169.0,810.0,0.58
7556,Ducati,monster plus,2021,Naked Bike,937,111.0,V2,14.0,166.0,800.0,0.67
7559,Ducati,monster s2r,2015,Naked Bike,803,87.0,V2,15.0,169.0,800.0,0.51
7591,Ducati,multistrada 1200,2010,Sport Touring,1198,150.0,V2,20.0,189.0,850.0,0.79
7592,Ducati,multistrada 1200,2011,Sport Touring,1198,150.0,V2,20.0,189.0,850.0,0.79
7593,Ducati,multistrada 1200,2012,Allround,1198,150.0,V2,20.0,189.0,850.0,0.79
7594,Ducati,multistrada 1200,2013,Allround,1198,147.0,V2,20.0,196.0,850.0,0.75
7595,Ducati,multistrada 1200,2014,Allround,1198,147.0,V2,20.0,196.0,850.0,0.75
7596,Ducati,multistrada 1200,2015,Allround,1198,160.0,V2,20.0,209.0,825.0,0.77
7597,Ducati,multistrada 1200,2016,Allround,1198,160.0,V2,20.0,209.0,825.0,0.77
7598,Ducati,multistrada 1200,2017,Allround,1198,160.0,V2,20.0,209.0,825.0,0.77
7599,Ducati,multistrada 1200 enduro,2016,Enduro / Offroad,1198,160.0,V2,30.0,225.0,870.0,0.71
7600,Ducati,multistrada 1200 enduro,2017,Enduro / Offroad,1198,160.0,V2,30.0,225.0,870.0,0.71
7601,Ducati,multistrada 1200 enduro,2018,Enduro / Offroad,1198,152.0,V2,30.0,225.0,870.0,0.68
7602,Ducati,multistrada 1200 enduro,2019,Enduro / Offroad,1198,160.0,V2,30.0,225.0,870.0,0.71
7603,Ducati,multistrada 1200 enduro pro,2018,Enduro / Offroad,1198,152.0,V2,30.0,232.0,870.0,0.66
7604,Ducati,multistrada 1200 pikes peak,2016,Allround,1198,160.0,V2,20.0,212.0,825.0,0.75
7605,Ducati,multistrada 1200 pikes peak,2017,Allround,1198,160.0,V2,20.0,208.0,825.0,0.77
7606,Ducati,multistrada 1200 s,2010,Sport Touring,1198,150.0,V2,20.0,192.0,850.0,0.78
7607,Ducati,multistrada 1200 s,2015,Allround,1198,160.0,V2,20.0,212.0,825.0,0.75
7608,Ducati,multistrada 1200 s,2016,Allround,1198,160.0,V2,20.0,212.0,825.0,0.75
7609,Ducati,multistrada 1200 s,2017,Allround,1198,160.0,V2,20.0,212.0,825.0,0.75
7610,Ducati,multistrada 1200 s d air,2017,Allround,1198,160.0,V2,20.0,213.0,825.0,0.75
7611,Ducati,multistrada 1200 s d-air,2015,Allround,1198,160.0,V2,20.0,212.0,825.0,0.75
7612,Ducati,multistrada 1200 s d-air,2016,Allround,1198,160.0,V2,20.0,213.0,825.0,0.75
7613,Ducati,multistrada 1200 s granturismo,2013,Touring,1198,147.0,V2,20.0,217.0,850.0,0.68
7614,Ducati,multistrada 1200 s granturismo,2014,Touring,1198,150.0,V2,20.0,217.0,850.0,0.69
7615,Ducati,multistrada 1200 s pikes peak,2012,Touring,1198,150.0,V2,20.0,192.0,850.0,0.78
7616,Ducati,multistrada 1200 s pikes peak,2013,Super Motard,1198,147.0,V2,20.0,194.0,850.0,0.76
7617,Ducati,multistrada 1200 s pikes peak,2014,Super Motard,1198,147.0,V2,20.0,194.0,850.0,0.76
7618,Ducati,multistrada 1200 s sport,2011,Sport Touring,1198,150.0,V2,20.0,189.0,850.0,0.79
7619,Ducati,multistrada 1200 s sport,2012,Sport Touring,1198,150.0,V2,20.0,189.0,850.0,0.79
7620,Ducati,multistrada 1200 s touring,2011,Touring,1198,150.0,V2,20.0,192.0,850.0,0.78
7621,Ducati,multistrada 1200 s touring,2012,Touring,1198,150.0,V2,20.0,192.0,850.0,0.78
7622,Ducati,multistrada 1200 s touring,2013,Sport Touring,1198,147.0,V2,20.0,206.0,850.0,0.71
7623,Ducati,multistrada 1200 s touring,2014,Sport Touring,1198,147.0,V2,20.0,206.0,850.0,0.71
7624,Ducati,multistrada 1260,2018,Allround,1262,158.0,V2,20.0,187.0,825.0,0.84
7625,Ducati,multistrada 1260,2019,Allround,1262,158.0,V2,20.0,209.0,825.0,0.76
7626,Ducati,multistrada 1260,2020,Allround,1262,158.0,V2,20.0,209.0,825.0,0.76
7627,Ducati,multistrada 1260 d-air,2018,Allround,1262,158.0,V2,20.0,213.0,825.0,0.74
7628,Ducati,multistrada 1260 d-air,2019,Allround,1262,158.0,V2,20.0,213.0,825.0,0.74
7629,Ducati,multistrada 1260 d-air,2020,Allround,1262,158.0,V2,20.0,213.0,825.0,0.74
7630,Ducati,multistrada 1260 enduro,2019,Allround,1262,158.0,V2,20.0,225.0,840.0,0.7
7631,Ducati,multistrada 1260 enduro,2020,Enduro / Offroad,1262,158.0,V2,30.0,225.0,840.0,0.7
7632,Ducati,multistrada 1260 enduro,2021,Enduro / Offroad,1262,158.0,V2,30.0,225.0,840.0,0.7
7633,Ducati,multistrada 1260 pikes peak,2018,Allround,1262,158.0,V2,20.0,206.0,825.0,0.77
7634,Ducati,multistrada 1260 pikes peak,2019,Allround,1262,158.0,V2,20.0,206.0,825.0,0.77
7635,Ducati,multistrada 1260 pikes peak,2020,Naked Bike,1262,158.0,V2,30.0,206.0,825.0,0.77
7636,Ducati,multistrada 1260 s,2018,Allround,1262,158.0,V2,20.0,212.0,825.0,0.75
7637,Ducati,multistrada 1260 s,2019,Allround,1262,158.0,V2,20.0,212.0,825.0,0.75
7638,Ducati,multistrada 1260 s,2020,Allround,1262,158.0,V2,20.0,209.0,825.0,0.76
7639,Ducati,multistrada 1260 s grand tour,2020,Sport Touring,1262,158.0,V2,20.0,215.0,825.0,0.73
7641,Ducati,multistrada 620,2019,Naked Bike,618,62.2,V2,15.0,183.0,830.0,0.34
7644,Ducati,multistrada 950,2017,Allround,937,160.0,V2,20.0,205.7,840.0,0.78
7645,Ducati,multistrada 950,2018,Allround,937,113.0,V2,20.0,205.7,840.0,0.55
7646,Ducati,multistrada 950,2019,Allround,937,113.0,V2,20.0,205.7,840.0,0.55
7647,Ducati,multistrada 950,2020,Allround,937,113.0,V2,20.0,204.0,840.0,0.55
7648,Ducati,multistrada 950,2021,Allround,937,113.0,V2,20.0,204.0,840.0,0.55
7649,Ducati,multistrada 950  spoked wheels,2019,Allround,937,113.0,V2,20.0,205.7,840.0,0.55
7650,Ducati,multistrada 950 s,2019,Allround,937,113.0,V2,20.0,205.7,840.0,0.55
7651,Ducati,multistrada 950 s,2020,Allround,937,113.0,V2,20.0,204.0,840.0,0.55
7652,Ducati,multistrada 950 s,2021,Allround,937,113.0,V2,20.0,204.0,840.0,0.55
7653,Ducati,multistrada v2,2022,Sport,937,93.0,V2,20.0,199.0,830.0,0.47
7654,Ducati,multistrada v2 s,2022,Allround,937,93.0,V2,20.0,202.0,830.0,0.46
7660,Ducati,multistrada v4s,2021,Sport,1158,179.0,V4,22.0,215.0,840.0,0.83
7661,Ducati,multistrada v4s,2022,Sport,1158,170.0,V4,22.0,215.0,840.0,0.79
7662,Ducati,panigale 1299 r final edition,2018,Sport,1285,209.0,V2,17.0,168.0,830.0,1.24
7663,Ducati,panigale 1299 r final edition,2019,Sport,1285,209.0,V2,17.0,168.0,830.0,1.24
7664,Ducati,panigale 959,2019,Sport,955,150.0,V2,17.0,176.0,830.0,0.85
7665,Ducati,panigale 959 corse,2018,Sport,955,150.0,V2,17.0,176.0,830.0,0.85
7666,Ducati,panigale 959 corse,2019,Sport,955,150.0,V2,17.0,176.0,830.0,0.85
7667,Ducati,panigale r,2015,Sport,1198,205.0,V2,17.0,162.0,830.0,1.27
7668,Ducati,panigale r,2016,Sport,1198,205.0,V2,17.0,162.0,830.0,1.27
7669,Ducati,panigale r,2017,Sport,1198,205.0,V2,17.0,162.0,830.0,1.27
7670,Ducati,panigale superleggera v4,2020,Naked Bike,998,221.0,V4,16.0,193.0,835.0,1.15
7671,Ducati,panigale v2,2020,Sport,955,155.0,V2,17.0,176.0,830.0,0.88
7672,Ducati,panigale v2,2021,Sport,955,155.0,V2,17.0,176.0,830.0,0.88
7673,Ducati,panigale v2 bayliss,2021,Sport,955,152.0,V2,17.0,174.5,835.0,0.87
7674,Ducati,panigale v2 bayliss,2022,Sport,955,152.0,V2,17.0,174.5,835.0,0.87
7675,Ducati,panigale v4,2018,Sport,1103,214.0,V4,16.0,175.0,830.0,1.22
7676,Ducati,panigale v4,2019,Sport,1103,214.0,V4,16.0,175.0,830.0,1.22
7677,Ducati,panigale v4,2020,Sport,1103,214.0,V4,16.0,175.0,835.0,1.22
7678,Ducati,panigale v4,2022,Sport,1103,215.0,V4,17.0,175.0,850.0,1.23
7679,Ducati,panigale v4 r,2019,Sport,998,217.0,V4,16.0,172.0,830.0,1.26
7680,Ducati,panigale v4 r,2020,Sport,998,221.0,V4,16.0,172.0,830.0,1.28
7681,Ducati,panigale v4 r,2021,Sport,998,221.0,V4,16.0,172.0,830.0,1.28
7684,Ducati,panigale v4 s,2020,Sport,1103,214.0,V4,16.0,174.0,835.0,1.23
7685,Ducati,panigale v4 s,2022,Sport,1103,215.0,V4,16.0,174.0,850.0,1.24
7686,Ducati,panigale v4 sp,2021,Sport,1103,214.0,V4,16.0,173.0,835.0,1.24
7687,Ducati,panigale v4 speciale,2018,Sport,1103,226.0,V4,16.0,174.0,830.0,1.3
7688,Ducati,panigale v4 speciale,2019,Sport,1103,226.0,V4,16.0,174.0,830.0,1.3
7692,Ducati,scrambler 1100,2018,Classic,1079,84.5,V2,15.0,189.0,810.0,0.45
7693,Ducati,scrambler 1100,2019,Classic,1079,84.5,V2,15.0,189.0,810.0,0.45
7694,Ducati,scrambler 1100 dark pro,2021,Classic,1079,86.0,V2,15.0,189.0,810.0,0.46
7695,Ducati,scrambler 1100 dark pro,2022,Classic,1079,86.0,V2,15.0,189.0,810.0,0.46
7696,Ducati,scrambler 1100 pro,2022,Classic,1079,86.0,V2,15.0,189.0,810.0,0.46
7697,Ducati,scrambler 1100 special,2018,Classic,1079,84.5,V2,15.0,194.0,810.0,0.44
7698,Ducati,scrambler 1100 special,2019,Classic,1079,86.0,V2,15.0,194.0,810.0,0.44
7699,Ducati,scrambler 1100 sport,2018,Classic,1079,84.5,V2,15.0,189.0,810.0,0.45
7700,Ducati,scrambler 1100 sport,2019,Classic,1079,84.5,V2,15.0,189.0,810.0,0.45
7701,Ducati,scrambler 1100 sport pro,2022,Classic,1079,86.0,V2,15.0,189.0,810.0,0.46
7702,Ducati,scrambler 1100 tribute pro,2022,Classic,1079,86.0,V2,15.0,194.0,810.0,0.44
7703,Ducati,scrambler cafe racer,2017,Classic,803,75.0,V2,13.5,172.0,805.0,0.44
7704,Ducati,scrambler cafe racer,2018,Classic,803,73.0,V2,13.5,172.0,805.0,0.42
7705,Ducati,scrambler cafe racer,2019,Classic,803,73.0,V2,13.5,180.0,805.0,0.41
7706,Ducati,scrambler cafe racer,2020,Allround,803,73.0,V2,13.5,180.0,805.0,0.41
7707,Ducati,scrambler classic,2015,Classic,803,73.8,V2,13.5,176.5,790.0,0.42
7708,Ducati,scrambler classic,2017,Classic,803,75.0,V2,13.5,176.0,790.0,0.43
7709,Ducati,scrambler classic,2018,Classic,803,73.0,V2,13.5,176.5,790.0,0.41
7710,Ducati,scrambler desert sled,2017,Enduro / Offroad,803,75.0,V2,13.5,191.0,840.0,0.39
7711,Ducati,scrambler desert sled,2018,Enduro / Offroad,803,73.0,V2,13.5,191.0,840.0,0.38
7712,Ducati,scrambler desert sled,2019,Enduro / Offroad,803,73.0,V2,13.5,193.0,840.0,0.38
7713,Ducati,scrambler desert sled,2020,Enduro / Offroad,803,73.0,V2,13.5,193.0,840.0,0.38
7714,Ducati,scrambler desert sled,2021,Enduro / Offroad,803,73.0,V2,13.5,193.0,840.0,0.38
7715,Ducati,scrambler desert sled,2022,Enduro / Offroad,803,73.0,V2,13.5,193.0,840.0,0.38
7716,Ducati,scrambler desert sled fasthouse,2021,Enduro / Offroad,803,73.0,V2,13.5,193.0,840.0,0.38
7718,Ducati,scrambler deus  ex machina,2015,Classic,803,73.8,V2,13.5,178.0,790.0,0.41
7719,Ducati,scrambler full throttle,2015,Classic,803,75.0,V2,13.5,170.0,790.0,0.44
7720,Ducati,scrambler full throttle,2017,Classic,803,75.0,V2,13.5,170.0,790.0,0.44
7721,Ducati,scrambler full throttle,2018,Classic,803,73.0,V2,13.5,170.0,790.0,0.43
7722,Ducati,scrambler full throttle,2019,Classic,803,73.0,V2,13.5,173.0,778.0,0.42
7723,Ducati,scrambler full throttle,2020,Allround,803,73.0,V2,13.5,173.0,778.0,0.42
7724,Ducati,scrambler icon,2015,Classic,803,75.0,V2,13.5,170.0,790.0,0.44
7725,Ducati,scrambler icon,2017,Classic,803,75.0,V2,13.5,170.0,790.0,0.44
7726,Ducati,scrambler icon,2018,Classic,803,73.0,V2,13.5,170.0,790.0,0.43
7727,Ducati,scrambler icon,2019,Classic,803,73.0,V2,13.5,173.0,778.0,0.42
7728,Ducati,scrambler icon,2021,Allround,803,71.9,V2,13.5,173.0,778.0,0.42
7729,Ducati,scrambler icon,2022,Allround,803,73.0,V2,13.5,173.0,798.0,0.42
7730,Ducati,scrambler icon dark,2020,Allround,803,72.4,V2,13.5,173.0,798.0,0.42
7731,Ducati,scrambler icon dark,2022,Allround,803,73.0,V2,13.5,173.0,798.0,0.42
7732,Ducati,scrambler mach 2.0,2018,Classic,803,73.0,V2,14.0,170.0,790.0,0.43
7734,Ducati,scrambler nightshift,2021,Allround,803,73.0,V2,13.5,180.0,798.0,0.41
7735,Ducati,scrambler nightshift,2022,Allround,803,73.0,V2,13.5,180.0,798.0,0.41
7736,Ducati,scrambler officine mermaid,2015,Enduro / Offroad,803,73.8,V2,13.5,170.0,790.0,0.43
7737,Ducati,scrambler sixty2,2017,Classic,399,40.0,V2,14.0,167.0,790.0,0.24
7738,Ducati,scrambler sixty2,2018,Classic,399,40.0,V2,14.0,167.0,770.0,0.24
7739,Ducati,scrambler sixty2,2019,Classic,399,40.0,V2,14.0,167.0,770.0,0.24
7740,Ducati,scrambler sixty2,2020,Classic,399,40.0,V2,14.0,167.0,790.0,0.24
7741,Ducati,scrambler street classic,2018,Classic,803,73.0,V2,13.5,170.0,770.0,0.43
7742,Ducati,scrambler tangerine icon,2020,Enduro / Offroad,803,73.0,V2,13.5,173.0,778.0,0.42
7743,Ducati,scrambler urban enduro,2015,Classic,803,75.0,V2,13.5,176.0,790.0,0.43
7744,Ducati,scrambler urban motard,2022,Super Motard,803,73.0,V2,13.5,180.0,805.0,0.41
7749,Ducati,sport 1000 biposto,2010,Classic,992,90.8,V2,14.76,182.0,825.0,0.5
7752,Ducati,sport 1000s,2010,Classic,992,90.8,V2,15.0,181.0,825.0,0.5
7757,Ducati,sportclassic gt 1000,2010,Classic,992,92.0,V2,15.0,185.0,810.0,0.5
7804,Ducati,streetfighter,2010,Naked Bike,1099,155.0,V2,16.5,169.0,840.0,0.92
7805,Ducati,streetfighter,2011,Naked Bike,1099,155.0,V2,16.5,169.0,840.0,0.92
7806,Ducati,streetfighter 848,2012,Naked Bike,849,132.0,V2,16.5,169.0,840.0,0.78
7807,Ducati,streetfighter 848,2013,Naked Bike,849,130.0,V2,16.5,169.0,840.0,0.77
7808,Ducati,streetfighter 848,2014,Naked Bike,849,132.0,V2,16.5,169.0,840.0,0.78
7809,Ducati,streetfighter 848,2015,Naked Bike,849,132.0,V2,16.5,169.0,840.0,0.78
7811,Ducati,streetfighter s,2010,Naked Bike,1099,155.0,V2,16.5,167.0,840.0,0.93
7812,Ducati,streetfighter s,2011,Naked Bike,1099,155.0,V2,16.5,167.0,840.0,0.93
7813,Ducati,streetfighter s,2012,Naked Bike,1099,155.0,V2,16.5,167.0,840.0,0.93
7814,Ducati,streetfighter s,2013,Naked Bike,1099,152.0,V2,16.5,167.0,840.0,0.91
7815,Ducati,streetfighter v2,2022,Naked Bike,955,152.0,V2,17.0,178.0,845.0,0.85
7817,Ducati,streetfighter v4 s,2020,Naked Bike,1103,208.0,V4,16.0,178.0,845.0,1.17
7818,Ducati,streetfighter v4 s,2021,Naked Bike,1103,208.0,V4,16.0,180.0,845.0,1.16
7819,Ducati,streetfighter v4 sp,2022,Naked Bike,1103,208.0,V4,16.0,177.0,845.0,1.18
7829,Ducati,superbike 1198,2011,Sport,849,170.0,V2,15.5,168.0,830.0,1.01
7830,Ducati,superbike 1198 r corse se,2011,Sport,1198,180.0,V2,18.0,168.0,820.0,1.07
7832,Ducati,superbike 1198 sp,2011,Sport,1198,170.0,V2,18.0,168.0,820.0,1.01
7835,Ducati,superbike 848 evo,2011,Sport,849,140.0,V2,15.5,168.0,830.0,0.83
7836,Ducati,superbike 848 evo,2012,Sport,849,140.0,V2,15.5,168.0,830.0,0.83
7837,Ducati,superbike 848 evo corse,2012,Sport,848,140.0,V2,15.5,168.0,830.0,0.83
7838,Ducati,superbike 848 evo dark,2011,Sport,848,140.0,V2,15.5,168.0,830.0,0.83
7840,Ducati,superleggera 1199,2014,Naked Bike,1198,200.0,V2,17.0,155.0,830.0,1.29
7841,Ducati,superleggera 1299,2017,Naked Bike,1285,215.0,V2,17.0,156.0,830.0,1.38
7842,Ducati,superleggera v4,2021,Naked Bike,998,221.0,V4,16.0,159.0,835.0,1.39
7843,Ducati,supersport,2017,Sport,937,113.0,V2,16.0,183.0,810.0,0.62
7844,Ducati,supersport,2018,Sport,937,110.0,V2,16.0,183.0,810.0,0.6
7845,Ducati,supersport,2019,Sport,937,110.0,V2,16.0,183.0,810.0,0.6
7853,Ducati,supersport 950,2021,Sport,937,110.0,V2,16.0,184.0,810.0,0.6
7854,Ducati,supersport 950 s,2021,Sport,937,110.0,V2,16.0,183.0,810.0,0.6
7855,Ducati,supersport s,2017,Sport,937,113.0,V2,16.0,183.0,810.0,0.62
7856,Ducati,supersport s,2018,Sport,937,113.0,V2,16.0,183.0,810.0,0.62
7857,Ducati,supersport s,2019,Sport,937,108.0,V2,16.0,183.0,810.0,0.59
7858,Ducati,supersport s,2020,Sport,937,110.0,V2,16.0,183.0,810.0,0.6
7859,Ducati,xdiavel,2016,Naked Bike,1262,156.0,V2,17.0,220.0,755.0,0.71
7860,Ducati,xdiavel,2017,Naked Bike,1262,156.0,V2,17.0,235.0,755.0,0.66
7861,Ducati,xdiavel,2018,Naked Bike,1262,152.0,V2,17.0,220.0,755.0,0.69
7862,Ducati,xdiavel,2019,Naked Bike,1262,152.0,V2,17.0,220.0,755.0,0.69
7864,Ducati,xdiavel black star,2021,Sport,1262,160.0,V2,18.0,221.0,755.0,0.72
7865,Ducati,xdiavel dark,2021,Sport,1262,160.0,V2,18.0,221.0,755.0,0.72
7866,Ducati,xdiavel s,2016,Naked Bike,1262,156.0,V2,17.0,220.0,755.0,0.71
7868,Ducati,xdiavel s,2018,Naked Bike,1262,152.0,V2,17.0,220.0,755.0,0.69
7869,Ducati,xdiavel s,2019,Naked Bike,1262,152.0,V2,17.0,220.0,755.0,0.69
7870,Ducati,xdiavel s,2020,Sport,1262,152.0,V2,18.0,220.0,755.0,0.69
7871,Ducati,xdiavel s,2021,Sport,1262,160.0,V2,18.0,221.0,755.0,0.72
7955,Eagle-Wing,db 250b street,2010,Sport,230,24.1,Single cylinder,15.0,135.0,800.0,0.18
7956,Eagle-Wing,db 300 naked,2010,Naked Bike,300,24.1,Single cylinder,13.0,140.0,800.0,0.17
7957,Eagle-Wing,db125 road,2010,Allround,125,11.4,Single cylinder,13.0,75.0,880.0,0.15
7958,Eagle-Wing,db125z commuter,2010,Scooter,125,8.5,Single cylinder,4.5,75.0,800.0,0.11
7959,Eagle-Wing,db250 street,2011,Sport,230,24.1,Single cylinder,15.0,135.0,800.0,0.18
7960,Eagle-Wing,db300 naked,2011,Naked Bike,300,24.1,Single cylinder,13.0,140.0,800.0,0.17
7961,Eagle-Wing,py 250 red,2010,Super Motard,230,16.1,Single cylinder,9.0,118.0,880.0,0.14
7978,Ecosse,heretic,2015,Naked Bike,1966,133.0,V2,15.9,205.0,698.0,0.65
7996,Ecosse,the heretic,2012,Naked Bike,1966,133.0,V2,15.9,205.0,698.0,0.65
7997,Ecosse,the heretic,2014,Naked Bike,1966,133.0,V2,15.9,205.0,698.0,0.65
8007,Ecosse,titanium rr,2019,Naked Bike,2100,200.0,V2,15.9,199.6,699.0,1.0
8199,Enfield,classic 350,2010,Classic,346,19.8,Single cylinder,14.5,163.0,800.0,0.12
8211,Enfield,classic 500,2010,Classic,499,27.2,Single cylinder,13.5,182.0,800.0,0.15
8257,Enfield,electra twinspark,2010,Classic,346,19.8,Single cylinder,13.5,180.0,800.0,0.11
8309,Enfield,thunderbird twinspark,2011,Classic,346,19.8,Single cylinder,14.5,163.0,760.0,0.12
8328,Erik Buell Racing,1190rx,2014,Sport,1190,185.0,V2,17.1,176.0,826.0,1.05
8329,Erik Buell Racing,1190sx,2014,Sport,1190,185.0,V2,17.03,187.8,826.0,0.99
8410,Factory Bike,f370,2022,Sport,370,25.0,Twin,15.0,162.0,790.0,0.15
8411,Factory Bike,fbk 250 fx,2022,Enduro / Offroad,250,18.8,Single cylinder,8.5,120.0,840.0,0.16
8412,Factory Bike,fbk 250 rs,2022,Enduro / Offroad,250,16.1,Single cylinder,8.5,120.0,840.0,0.13
8413,Factory Bike,fk 370,2022,Naked Bike,370,25.0,Twin,15.0,156.0,790.0,0.16
8414,Factory Bike,fx 110r,2022,Cross / Motocross,110,8.7,Single cylinder,3.0,58.0,700.0,0.15
8415,Factory Bike,fx 150f,2022,Cross / Motocross,150,14.0,Single cylinder,5.2,82.0,780.0,0.17
8418,Factory Bike,j 10,2022,Cross / Motocross,250,25.0,Single cylinder,6.5,110.0,910.0,0.23
8419,Factory Bike,j3,2022,Enduro / Offroad,250,17.4,Single cylinder,6.5,113.0,880.0,0.15
8436,Factory Bike,s15 150,2022,Enduro / Offroad,150,11.4,Single cylinder,6.3,85.0,840.0,0.13
8437,Factory Bike,s25 250,2022,Enduro / Offroad,250,16.1,Single cylinder,6.3,85.0,840.0,0.19
8438,Factory Bike,t4 250,2022,Cross / Motocross,250,16.1,Single cylinder,9.5,107.0,880.0,0.15
8489,Fantic,caballero 500 anniversary,2022,Sport,449,40.0,Single cylinder,12.0,150.0,820.0,0.27
8498,Fantic,caballero deluxe 125,2021,Sport,125,14.8,Single cylinder,12.0,130.0,820.0,0.11
8499,Fantic,caballero deluxe 125,2022,Sport,125,14.8,Single cylinder,12.0,130.0,820.0,0.11
8501,Fantic,caballero deluxe 500,2022,Sport,449,40.0,Single cylinder,12.0,150.0,820.0,0.27
8502,Fantic,caballero explorer 500,2022,Sport,449,40.0,Single cylinder,12.0,150.0,860.0,0.27
8503,Fantic,caballero flat track 125,2021,Enduro / Offroad,125,14.8,Single cylinder,12.0,130.0,820.0,0.11
8504,Fantic,caballero flat track 125,2022,Sport,125,14.8,Single cylinder,12.0,130.0,820.0,0.11
8505,Fantic,caballero flat track 500,2022,Sport,449,40.0,Single cylinder,12.0,150.0,820.0,0.27
8510,Fantic,caballero racing regolarita competizione 125,2010,Super Motard,124,15.0,Single cylinder,7.5,96.0,960.0,0.16
8511,Fantic,caballero rally 500,2022,Sport,449,40.0,Single cylinder,12.0,150.0,860.0,0.27
8523,Fantic,caballero scrambler 125,2022,Sport,125,14.8,Single cylinder,12.0,130.0,820.0,0.11
8525,Fantic,caballero scrambler 500,2022,Sport,449,40.0,Single cylinder,12.0,150.0,820.0,0.27
8550,Fantic,xef 125 competition,2021,Enduro / Offroad,125,14.8,Single cylinder,7.5,108.0,915.0,0.14
8551,Fantic,xef 125 performance,2021,Enduro / Offroad,125,14.8,Single cylinder,7.5,112.0,915.0,0.13
8553,Fantic,xef 250 trail,2021,Enduro / Offroad,250,21.2,Single cylinder,8.0,122.0,915.0,0.17
8554,Fantic,xef 250 trail,2022,Enduro / Offroad,250,21.2,Single cylinder,7.5,122.0,915.0,0.17
8556,Fantic,xmf 125 competition,2021,Super Motard,125,14.8,Single cylinder,7.5,112.0,880.0,0.13
8557,Fantic,xmf 125 performance,2021,Super Motard,125,14.8,Single cylinder,7.5,112.0,880.0,0.13
8558,Fantic,xmf 125 performance,2022,Super Motard,125,14.8,Single cylinder,7.5,112.0,880.0,0.13
8562,Fb Mondial,flat track 125,2020,Enduro / Offroad,124,14.8,Single cylinder,9.5,140.0,846.0,0.11
8565,Fb Mondial,hipster 250,2016,Classic,249,24.8,Single cylinder,14.0,130.0,785.0,0.19
8568,Fb Mondial,hps 125 hipster,2017,Classic,124,13.4,Single cylinder,14.0,130.0,785.0,0.1
8569,Fb Mondial,hps 125 hipster,2019,Classic,124,13.4,Single cylinder,9.0,130.0,785.0,0.1
8570,Fb Mondial,hps 250 hipster,2017,Classic,249,24.8,Single cylinder,14.0,130.0,785.0,0.19
8571,Fb Mondial,hps 300,2019,Classic,249,24.8,Single cylinder,9.0,135.0,785.0,0.18
8572,Fb Mondial,hps 300,2020,Allround,249,22.8,Single cylinder,9.5,135.0,850.0,0.17
8574,Fb Mondial,pagani 1948,2018,Classic,249,24.1,Single cylinder,9.0,135.0,775.0,0.18
8575,Fb Mondial,pagani 1948,2019,Classic,249,24.8,Single cylinder,9.0,135.0,775.0,0.18
8576,Fb Mondial,pagani 1948 125,2019,Classic,124,14.8,Single cylinder,9.0,130.0,775.0,0.11
8578,Fb Mondial,smt 125,2017,Super Motard,124,13.4,Single cylinder,14.0,122.0,890.0,0.11
8579,Fb Mondial,smx 125,2017,Enduro / Offroad,124,13.4,Single cylinder,14.0,122.0,946.0,0.11
8580,Fb Mondial,smx 125,2019,Enduro / Offroad,124,13.4,Single cylinder,14.0,122.0,946.0,0.11
8581,Fb Mondial,smx enduro,2020,Enduro / Offroad,124,14.8,Single cylinder,6.3,124.0,1020.0,0.12
8582,Fb Mondial,smx motard,2020,Super Motard,124,14.8,Single cylinder,6.3,124.0,980.0,0.12
8583,Fb Mondial,sport classic 125,2018,Classic,124,13.4,Single cylinder,9.0,130.0,775.0,0.1
8585,Fb Mondial,sport classic 300,2020,Classic,249,22.8,Single cylinder,9.5,153.0,804.0,0.15
8598,Fischer,mrx,2010,Sport,647,80.0,V2,17.0,166.5,749.0,0.48
8599,Fischer,mrx,2011,Sport,647,80.0,V2,17.0,166.5,749.0,0.48
8602,Fischer,mrx race,2012,Sport,647,80.0,V2,17.03,150.5,749.0,0.53
8603,Fischer,mrx race,2013,Sport,647,80.0,V2,17.03,150.5,749.0,0.53
8653,Garelli,flexi 50,2010,Scooter,50,3.0,Single cylinder,5.5,82.0,740.0,0.04
8654,Garelli,flexi 50,2011,Scooter,50,3.0,Single cylinder,5.5,82.0,740.0,0.04
8660,Garelli,tiesse 50 r,2010,Scooter,49,3.5,Single cylinder,5.0,89.0,780.0,0.04
8662,Garelli,tiesse four 50 4t,2010,Scooter,49,3.0,Single cylinder,5.0,88.0,780.0,0.03
8778,Gas Gas,ec cami 250,2016,Enduro / Offroad,250,28.0,Single cylinder,8.2,117.0,920.0,0.24
8813,Gas Gas,mc 125,2021,Cross / Motocross,125,40.0,Single cylinder,7.0,87.5,950.0,0.46
8814,Gas Gas,mc 125,2022,Cross / Motocross,125,40.0,Single cylinder,7.0,87.5,950.0,0.46
8821,Gas Gas,mc 250f,2021,Cross / Motocross,250,46.0,Single cylinder,7.0,99.0,950.0,0.46
8822,Gas Gas,mc 250f,2022,Cross / Motocross,249,46.0,Single cylinder,7.0,99.0,950.0,0.46
9494,Gilera,smt 50,2015,Super Motard,50,2.7,Single cylinder,7.0,97.0,865.0,0.03
9172,Genuine Scooter,g400c,2019,Allround,397,26.0,Single cylinder,12.87,160.1,787.0,0.16
9173,Genuine Scooter,g400c,2020,Allround,397,26.0,Single cylinder,12.87,160.1,787.0,0.16
9339,Gilera,fuoco 500,2014,Scooter,493,40.0,Single cylinder,12.0,244.0,785.0,0.16
9340,Gilera,fuoco 500,2015,Scooter,493,40.0,Single cylinder,12.0,244.0,785.0,0.16
9341,Gilera,fuoco 500,2016,Scooter,493,40.0,Single cylinder,12.0,244.0,785.0,0.16
9342,Gilera,fuoco 500,2017,Scooter,493,40.0,Single cylinder,12.0,244.0,785.0,0.16
9343,Gilera,fuoco 500,2022,Scooter,493,40.0,Single cylinder,12.0,244.0,785.0,0.16
9348,Gilera,fuoco 500ie,2021,Scooter,493,40.0,Single cylinder,12.0,244.0,785.0,0.16
9357,Gilera,gp800,2010,Scooter,839,65.5,V2,18.5,245.0,780.0,0.27
9393,Gilera,rcr 50,2015,Enduro / Offroad,50,2.7,Single cylinder,7.0,97.0,900.0,0.03
9527,Goes,cobalt,2020,Atv,493,36.2,Single cylinder,19.0,344.0,920.0,0.11
9528,Goes,cobalt 550 max,2022,Atv,495,33.5,Single cylinder,17.0,356.0,955.0,0.09
9529,Goes,cobalt 550 max limited,2022,Atv,495,33.5,Single cylinder,17.0,356.0,955.0,0.09
9530,Goes,cobalt ltd,2020,Atv,493,36.2,Single cylinder,18.0,344.0,920.0,0.11
9531,Goes,cobalt max,2020,Atv,493,36.2,Single cylinder,19.0,344.0,920.0,0.11
9532,Goes,copper,2020,Atv,198,12.1,Single cylinder,18.0,180.0,920.0,0.07
9533,Goes,copper 2.,2022,Atv,176,21.7,Single cylinder,9.0,210.0,780.0,0.1
9540,Goes,g 300 s,2015,Atv,280,19.4,Single cylinder,15.0,207.0,870.0,0.09
9541,Goes,g 400i sm,2015,Atv,360,28.0,Single cylinder,15.0,211.0,870.0,0.13
9542,Goes,g 450r sm,2015,Atv,449,44.0,Single cylinder,14.0,219.0,550.0,0.2
9544,Goes,g 520 eps,2015,Atv,493,31.0,Single cylinder,19.0,313.0,920.0,0.1
9545,Goes,g 520 f max,2015,Atv,493,31.0,Single cylinder,19.0,323.0,920.0,0.1
9546,Goes,g 520f,2015,Atv,493,31.0,Single cylinder,19.0,313.0,920.0,0.1
9557,Goes,iron,2020,Atv,398,26.8,Single cylinder,18.0,344.0,920.0,0.08
9558,Goes,iron,2021,Atv,398,26.8,Single cylinder,17.0,344.0,955.0,0.08
9560,Goes,iron ltd,2020,Atv,398,26.8,Single cylinder,18.0,344.0,920.0,0.08
9563,Gogo Moto,go 125-18,2014,Custom / Cruiser,125,9.4,Single cylinder,14.0,135.0,650.0,0.07
9564,Gogo Moto,go 125-27,2014,Touring,125,9.4,Single cylinder,14.0,119.0,650.0,0.08
9566,Gogo Moto,go 200-d,2014,Sport,193,14.8,Single cylinder,16.5,115.0,770.0,0.13
9567,Gogo Moto,go 250-18,2014,Custom / Cruiser,249,14.8,Single cylinder,14.0,136.0,650.0,0.11
9568,Gogo Moto,go 50,2014,Custom / Cruiser,50,2.4,Single cylinder,5.5,119.0,500.0,0.02
9569,Gogo Moto,mt 150-5f,2014,Touring,150,10.7,Single cylinder,14.0,136.0,650.0,0.08
9628,Gymotor,ak200,2021,Sport,197,13.0,Single cylinder,9.0,132.0,830.0,0.1
9629,Gymotor,cb190,2022,Naked Bike,196,12.7,Single cylinder,12.0,132.0,790.0,0.1
9630,Gymotor,cb200,2021,Allround,196,13.4,Single cylinder,12.0,132.0,790.0,0.1
9631,Gymotor,gn200 kazak,2022,Custom / Cruiser,197,14.1,Single cylinder,10.0,132.0,750.0,0.11
9635,Hamachi,alex one 200,2020,Scooter,200,9.8,Single cylinder,6.0,129.0,760.0,0.08
9654,Hanway,blackcafe 125,2018,Allround,125,10.5,Single cylinder,15.0,113.0,720.0,0.09
9655,Hanway,blackcafe 125,2019,Allround,125,10.5,Single cylinder,15.0,110.0,720.0,0.1
9656,Hanway,blackcafe 125,2020,Allround,125,10.6,Single cylinder,15.0,110.0,720.0,0.1
9657,Hanway,blackcafe 50,2018,Allround,50,2.8,Single cylinder,17.0,110.0,720.0,0.03
9658,Hanway,blackcafe 50,2019,Allround,50,2.8,Single cylinder,17.0,110.0,720.0,0.03
9659,Hanway,champion 125,2018,Custom / Cruiser,125,10.5,Single cylinder,14.0,142.0,640.0,0.07
9660,Hanway,champion 125,2019,Custom / Cruiser,125,11.2,Single cylinder,14.0,142.0,640.0,0.08
9662,Hanway,champion 300,2019,Custom / Cruiser,280,24.8,Single cylinder,14.0,142.0,640.0,0.17
9663,Hanway,flash 125,2020,Scooter,125,9.7,Single cylinder,6.6,102.5,830.0,0.09
9664,Hanway,flash 50,2020,Scooter,50,3.2,Single cylinder,6.6,102.5,720.0,0.03
9665,Hanway,furious 125,2018,Naked Bike,125,15.6,Single cylinder,14.0,122.0,770.0,0.13
9666,Hanway,furious 125,2019,Naked Bike,124,15.6,Single cylinder,14.0,122.0,770.0,0.13
9667,Hanway,furious 200,2018,Naked Bike,180,20.4,Single cylinder,14.0,122.0,770.0,0.17
9668,Hanway,furious 200,2019,Naked Bike,180,20.4,Single cylinder,14.0,122.0,770.0,0.17
9669,Hanway,furious 250,2018,Naked Bike,249,26.2,Single cylinder,14.0,125.0,770.0,0.21
9670,Hanway,furious 250,2019,Naked Bike,249,26.2,Single cylinder,14.0,122.0,770.0,0.21
9671,Hanway,furious 250,2020,Naked Bike,249,26.2,Single cylinder,14.0,122.0,770.0,0.21
9672,Hanway,hs125i scrambler,2018,Classic,125,10.5,Single cylinder,11.5,102.0,720.0,0.1
9673,Hanway,muscle 125,2018,Allround,125,10.5,Single cylinder,17.0,112.0,720.0,0.09
9674,Hanway,muscle 50,2018,Allround,50,2.8,Single cylinder,17.0,110.0,720.0,0.03
9675,Hanway,raw 125,2016,Allround,124,9.5,Single cylinder,12.0,106.0,720.0,0.09
9676,Hanway,raw 50,2016,Allround,50,3.2,Single cylinder,12.0,102.0,720.0,0.03
9677,Hanway,scrambler 125,2020,Allround,125,10.6,Single cylinder,13.0,112.0,730.0,0.09
9678,Hanway,scrambler 50,2020,Allround,50,3.2,Single cylinder,13.0,112.0,730.0,0.03
9679,Hanway,str 125,2022,Super Motard,125,10.6,Single cylinder,12.0,120.0,830.0,0.09
9680,Hanway,xray 50,2020,Enduro / Offroad,49,4.7,Single cylinder,7.3,102.5,830.0,0.05
9681,Hanway,xtm 50,2020,Super Motard,49,4.7,Single cylinder,7.3,102.5,830.0,0.05
9722,Harley-Davidson,115th anniversary breakout 114,2018,Custom / Cruiser,1868,94.0,V2,13.2,294.0,665.0,0.32
9723,Harley-Davidson,115th anniversary cvo limited,2018,Touring,1923,105.0,V2,22.71,411.0,720.0,0.26
9724,Harley-Davidson,115th anniversary fat boy 114 (anv),2018,Custom / Cruiser,1754,86.0,V2,18.93,304.0,675.0,0.28
9725,Harley-Davidson,115th anniversary forty-eight,2018,Custom / Cruiser,1202,65.0,V2,7.9,247.0,710.0,0.26
9726,Harley-Davidson,115th anniversary heritage classic 114,2018,Custom / Cruiser,1868,94.0,V2,18.9,316.0,680.0,0.3
9727,Harley-Davidson,115th anniversary street glide,2018,Touring,1745,89.0,V2,22.71,361.0,715.0,0.25
9729,Harley-Davidson,115th anniversary tri glide ultra,2018,Touring,1745,87.0,V2,22.71,546.0,735.0,0.16
9730,Harley-Davidson,115th anniversary ultra limited,2018,Touring,1745,90.0,V2,22.71,398.0,740.0,0.23
9731,Harley-Davidson,1200 custom,2020,Custom / Cruiser,1202,67.0,V2,17.0,255.0,725.0,0.26
9733,Harley-Davidson,1200 custom limited edition a,2016,Custom / Cruiser,1201,67.1,V2,17.0,255.0,725.0,0.26
9734,Harley-Davidson,1200 custom limited edition b,2016,Custom / Cruiser,1201,67.1,V2,17.0,255.0,725.0,0.26
9817,Harley-Davidson,breakout,2021,Custom / Cruiser,1868,93.0,V2,13.2,294.0,665.0,0.32
9818,Harley-Davidson,breakout 114,2020,Custom / Cruiser,1868,100.0,V2,13.2,294.0,665.0,0.34
9823,Harley-Davidson,cvo breakout,2013,Custom / Cruiser,1803,80.0,V2,18.93,316.6,630.0,0.25
9826,Harley-Davidson,cvo limited,2015,Touring,1801,96.6,V2,22.71,412.0,693.0,0.23
9827,Harley-Davidson,cvo limited,2016,Touring,1801,96.6,V2,22.71,416.0,740.0,0.23
9828,Harley-Davidson,cvo limited,2017,Touring,1868,102.0,V2,22.71,414.0,720.0,0.25
9829,Harley-Davidson,cvo limited,2018,Touring,1923,105.0,V2,22.71,411.0,720.0,0.26
9830,Harley-Davidson,cvo limited,2019,Touring,1923,105.0,V2,22.71,408.7,720.0,0.26
9831,Harley-Davidson,cvo limited,2020,Touring,1923,105.0,V2,22.71,411.0,704.0,0.26
9832,Harley-Davidson,cvo limited,2021,Touring,1923,105.0,V2,22.71,411.0,704.0,0.26
9833,Harley-Davidson,cvo pro street breakout,2017,Custom / Cruiser,1801,92.0,V2,18.9,318.0,660.0,0.29
9834,Harley-Davidson,cvo road glide,2018,Touring,1923,105.0,V2,22.71,385.0,680.0,0.27
9835,Harley-Davidson,cvo road glide,2019,Touring,1923,105.0,V2,22.71,385.0,680.0,0.27
9836,Harley-Davidson,cvo road glide,2020,Touring,1923,105.0,V2,22.71,390.0,680.0,0.27
9837,Harley-Davidson,cvo road glide,2021,Touring,1923,105.0,V2,22.71,390.1,658.0,0.27
9840,Harley-Davidson,cvo road glide ultra,2015,Touring,1801,96.6,V2,22.71,369.0,696.0,0.26
9841,Harley-Davidson,cvo road glide ultra,2016,Touring,1801,97.9,V2,22.71,422.0,755.0,0.23
9847,Harley-Davidson,cvo street glide,2015,Touring,1801,96.6,V2,22.71,380.0,690.0,0.25
9848,Harley-Davidson,cvo street glide,2016,Touring,1801,97.9,V2,22.71,380.0,690.0,0.26
9849,Harley-Davidson,cvo street glide,2017,Touring,1868,102.0,V2,22.71,380.0,690.0,0.27
9850,Harley-Davidson,cvo street glide,2018,Touring,1923,105.0,V2,22.71,382.0,695.0,0.27
9851,Harley-Davidson,cvo street glide,2019,Touring,1923,105.0,V2,22.71,382.0,695.0,0.27
9852,Harley-Davidson,cvo street glide,2020,Touring,1923,105.0,V2,22.71,376.9,663.0,0.28
9853,Harley-Davidson,cvo street glide,2021,Touring,1923,105.0,V2,22.71,376.9,663.0,0.28
9854,Harley-Davidson,cvo tri glide,2020,Touring,1917,105.0,V2,22.71,562.0,658.0,0.19
9855,Harley-Davidson,cvo tri glide,2021,Touring,1917,105.0,V2,22.71,562.0,658.0,0.19
9858,Harley-Davidson,deluxe,2020,Custom / Cruiser,1746,86.0,V2,18.93,303.0,680.0,0.28
9876,Harley-Davidson,dyna fat bob,2016,Custom / Cruiser,1688,78.9,V2,18.93,306.0,690.0,0.26
9877,Harley-Davidson,dyna fat bob,2017,Custom / Cruiser,1690,80.0,V2,18.93,307.0,705.0,0.26
9893,Harley-Davidson,dyna low rider,2015,Custom / Cruiser,1690,75.1,V2,17.79,292.1,681.0,0.26
9894,Harley-Davidson,dyna low rider,2016,Custom / Cruiser,1690,76.1,V2,17.79,298.0,680.0,0.26
9895,Harley-Davidson,dyna low rider,2017,Custom / Cruiser,1690,77.0,V2,17.79,298.0,680.0,0.26
9896,Harley-Davidson,dyna low rider s,2017,Custom / Cruiser,1801,97.0,V2,17.8,293.0,685.0,0.33
9897,Harley-Davidson,dyna low rider s dark custom,2018,Custom / Cruiser,1801,97.0,V2,18.9,293.0,685.0,0.33
9900,Harley-Davidson,dyna street bob,2015,Custom / Cruiser,1690,76.4,V2,17.79,289.9,648.0,0.26
9901,Harley-Davidson,dyna street bob,2016,Custom / Cruiser,1690,77.5,V2,17.79,291.0,680.0,0.27
9902,Harley-Davidson,dyna street bob,2017,Custom / Cruiser,1690,77.5,V2,17.8,291.0,680.0,0.27
9904,Harley-Davidson,dyna street bob dark custom,2015,Custom / Cruiser,1690,76.4,V2,17.79,289.9,680.0,0.26
9905,Harley-Davidson,dyna street bob dark custom,2016,Custom / Cruiser,1690,76.4,V2,17.79,289.9,680.0,0.26
9918,Harley-Davidson,dyna switchback,2015,Touring,1690,75.1,V2,17.79,315.7,663.0,0.24
9919,Harley-Davidson,dyna switchback,2016,Touring,1690,76.1,V2,17.79,315.7,695.0,0.24
9926,Harley-Davidson,dyna wide glide,2015,Custom / Cruiser,1688,77.8,V2,17.79,294.8,648.0,0.26
9927,Harley-Davidson,dyna wide glide,2016,Custom / Cruiser,1688,78.9,V2,17.79,295.0,680.0,0.27
9928,Harley-Davidson,dyna wide glide,2017,Custom / Cruiser,1690,80.0,V2,17.79,295.0,680.0,0.27
9959,Harley-Davidson,electra glide standard,2020,Touring,1746,90.0,V2,22.71,354.3,663.0,0.25
9960,Harley-Davidson,electra glide standard,2021,Touring,1746,90.0,V2,22.71,354.3,663.0,0.25
9961,Harley-Davidson,electra glide standard,2022,Touring,1746,90.0,V2,22.71,354.3,663.0,0.25
9970,Harley-Davidson,electra glide ultra classic,2015,Touring,1688,85.8,V2,22.71,400.1,740.0,0.21
9971,Harley-Davidson,electra glide ultra classic,2016,Touring,1688,87.0,V2,22.71,394.0,740.0,0.22
9972,Harley-Davidson,electra glide ultra classic,2017,Touring,1754,90.0,V2,22.71,394.0,740.0,0.23
9973,Harley-Davidson,electra glide ultra classic,2018,Touring,1754,90.0,V2,22.71,394.0,740.0,0.23
9974,Harley-Davidson,electra glide ultra classic,2019,Touring,1746,90.0,V2,22.71,398.0,740.0,0.23
9979,Harley-Davidson,electra glide ultra classic low,2016,Touring,1688,87.0,V2,22.71,400.1,686.0,0.22
9981,Harley-Davidson,electra glide ultra limited,2015,Touring,1688,85.8,V2,22.71,400.1,740.0,0.21
9983,Harley-Davidson,electra glide ultra limited low,2015,Touring,1688,85.8,V2,22.71,400.1,685.0,0.21
9988,Harley-Davidson,fat bob 114,2020,Custom / Cruiser,1868,94.0,V2,13.6,296.0,710.0,0.32
9989,Harley-Davidson,fat bob 114,2021,Custom / Cruiser,1868,94.0,V2,13.6,296.0,704.0,0.32
9990,Harley-Davidson,fat bob 114,2022,Custom / Cruiser,1868,94.0,V2,13.6,296.2,704.0,0.32
9996,Harley-Davidson,fat boy 114,2020,Custom / Cruiser,1868,100.0,V2,13.6,296.0,710.0,0.34
9997,Harley-Davidson,fat boy 114,2021,Custom / Cruiser,1868,100.0,V2,18.93,304.4,658.0,0.33
9998,Harley-Davidson,fat boy 114,2022,Custom / Cruiser,1868,100.0,V2,18.93,304.4,658.0,0.33
10001,Harley-Davidson,fat boy s,2016,Custom / Cruiser,1801,92.5,V2,18.93,320.0,670.0,0.29
10002,Harley-Davidson,fat boy special,2017,Custom / Cruiser,1690,75.0,V2,18.93,320.0,660.0,0.23
11067,Harley-Davidson,street glide special,2018,Touring,1745,89.0,V2,22.7,362.0,690.0,0.25
10141,Harley-Davidson,flhtc electra glide classic,2010,Touring,1584,84.0,V2,22.7,375.0,693.0,0.22
11068,Harley-Davidson,street glide special,2019,Touring,1868,89.0,V2,22.7,362.0,691.0,0.25
10307,Harley-Davidson,forty-eight,2021,Custom / Cruiser,1202,65.0,V2,7.9,247.0,665.0,0.26
10308,Harley-Davidson,forty-eight,2022,Custom / Cruiser,1202,65.0,V2,7.9,247.0,665.0,0.26
10310,Harley-Davidson,freewheeler,2016,Custom / Cruiser,1690,85.8,V2,22.71,474.0,699.0,0.18
10311,Harley-Davidson,freewheeler,2017,Custom / Cruiser,1747,88.0,V2,22.71,492.0,700.0,0.18
10312,Harley-Davidson,freewheeler,2018,Custom / Cruiser,1747,89.0,V2,22.71,492.0,700.0,0.18
10313,Harley-Davidson,freewheeler,2019,Custom / Cruiser,1868,89.0,V2,22.71,492.0,700.0,0.18
10314,Harley-Davidson,freewheeler,2020,Custom / Cruiser,1868,100.0,V2,22.71,492.0,700.0,0.2
10315,Harley-Davidson,freewheeler,2021,Custom / Cruiser,1868,100.0,V2,22.71,492.0,665.0,0.2
10316,Harley-Davidson,freewheeler,2022,Custom / Cruiser,1868,100.0,V2,22.71,492.0,665.0,0.2
10375,Harley-Davidson,fxdr 114,2019,Custom / Cruiser,1868,90.0,V2,16.7,289.0,720.0,0.31
10376,Harley-Davidson,fxdr 114,2020,Custom / Cruiser,1868,100.0,V2,16.7,289.0,720.0,0.35
13981,Honda,nss350 forza,2022,Scooter,330,28.4,Single cylinder,11.7,186.0,780.0,0.15
10545,Harley-Davidson,heritage classic,2020,Custom / Cruiser,1746,86.0,V2,18.9,316.0,680.0,0.27
10546,Harley-Davidson,heritage classic,2021,Custom / Cruiser,1746,86.0,V2,18.9,316.2,668.0,0.27
10548,Harley-Davidson,heritage classic 114,2021,Custom / Cruiser,1868,94.0,V2,18.9,316.2,668.0,0.3
10553,Harley-Davidson,heritage softail classic,2015,Touring,1690,73.8,V2,18.93,326.1,690.0,0.23
10554,Harley-Davidson,heritage softail classic,2016,Touring,1690,74.8,V2,18.93,333.0,690.0,0.22
10555,Harley-Davidson,heritage softail classic,2017,Touring,1690,78.0,V2,18.93,333.0,690.0,0.23
10569,Harley-Davidson,iron 883,2020,Custom / Cruiser,883,51.0,V2,12.5,247.0,653.0,0.21
10570,Harley-Davidson,iron 883,2021,Custom / Cruiser,883,51.0,V2,12.5,247.0,653.0,0.21
10571,Harley-Davidson,iron 883,2022,Custom / Cruiser,883,51.0,V2,12.5,247.0,653.0,0.21
10593,Harley-Davidson,low rider,2020,Custom / Cruiser,1746,86.0,V2,18.9,287.0,690.0,0.3
10715,Harley-Davidson,night rod special,2016,Naked Bike,1247,120.0,V2,18.93,289.0,675.0,0.42
10716,Harley-Davidson,night rod special,2017,Naked Bike,1247,120.0,V2,18.93,289.0,675.0,0.42
10719,Harley-Davidson,pan america 1250,2021,Enduro / Offroad,1250,150.0,V2,21.2,239.0,790.0,0.63
10720,Harley-Davidson,pan america 1250,2022,Super Motard,1250,150.0,V2,21.2,229.1,813.0,0.65
10721,Harley-Davidson,pan america 1250 special,2022,Super Motard,1250,150.0,V2,21.2,242.2,813.0,0.62
10735,Harley-Davidson,road glide,2015,Touring,1688,85.8,V2,22.71,369.0,696.0,0.23
10736,Harley-Davidson,road glide,2016,Touring,1688,85.8,V2,22.71,368.8,696.0,0.23
10737,Harley-Davidson,road glide,2017,Touring,1754,85.8,V2,22.71,368.8,696.0,0.23
10738,Harley-Davidson,road glide,2018,Touring,1745,89.0,V2,22.71,372.0,695.0,0.24
10739,Harley-Davidson,road glide,2019,Touring,1746,89.0,V2,22.71,372.0,658.0,0.24
10740,Harley-Davidson,road glide,2020,Touring,1746,89.0,V2,22.71,372.0,658.0,0.24
10741,Harley-Davidson,road glide,2021,Touring,1746,89.0,V2,22.71,372.0,658.0,0.24
10742,Harley-Davidson,road glide,2022,Touring,1746,89.0,V2,22.71,372.0,658.0,0.24
10744,Harley-Davidson,road glide limited,2020,Touring,1868,89.0,V2,22.71,398.7,691.0,0.22
10745,Harley-Davidson,road glide limited,2021,Touring,1868,89.0,V2,22.71,406.9,691.0,0.22
10746,Harley-Davidson,road glide limited,2022,Touring,1868,89.0,V2,22.71,406.9,691.0,0.22
10747,Harley-Davidson,road glide special,2015,Touring,1688,85.8,V2,22.71,369.0,696.0,0.23
10748,Harley-Davidson,road glide special,2016,Touring,1688,87.0,V2,22.71,369.0,695.0,0.24
10749,Harley-Davidson,road glide special,2017,Touring,1745,90.0,V2,22.71,372.0,685.0,0.24
10750,Harley-Davidson,road glide special,2018,Touring,1745,89.0,V2,22.71,372.0,695.0,0.24
10751,Harley-Davidson,road glide special,2019,Touring,1868,89.0,V2,22.71,372.0,695.0,0.24
10752,Harley-Davidson,road glide special,2020,Touring,1868,100.0,V2,22.71,372.0,695.0,0.27
10753,Harley-Davidson,road glide special,2021,Touring,1868,100.0,V2,22.71,371.0,695.0,0.27
10754,Harley-Davidson,road glide special,2022,Touring,1868,100.0,V2,22.71,371.0,663.0,0.27
10756,Harley-Davidson,road glide ultra,2016,Touring,1688,87.0,V2,22.71,407.0,735.0,0.21
10757,Harley-Davidson,road glide ultra,2017,Touring,1754,91.0,V2,18.9,408.0,735.0,0.22
10758,Harley-Davidson,road glide ultra,2018,Touring,1754,90.0,V2,18.9,408.0,735.0,0.22
10759,Harley-Davidson,road glide ultra,2019,Touring,1868,90.0,V2,22.71,408.0,735.0,0.22
11069,Harley-Davidson,street glide special,2020,Touring,1868,100.0,V2,22.7,362.0,691.0,0.28
10765,Harley-Davidson,road king,2015,Touring,1688,85.8,V2,22.71,355.2,678.0,0.24
10766,Harley-Davidson,road king,2016,Touring,1688,87.0,V2,22.71,353.0,715.0,0.25
10767,Harley-Davidson,road king,2017,Touring,1688,87.0,V2,22.71,363.0,705.0,0.24
10768,Harley-Davidson,road king,2018,Touring,1688,89.0,V2,22.71,363.0,705.0,0.25
10769,Harley-Davidson,road king,2019,Touring,1746,89.0,V2,22.71,362.0,705.0,0.25
10770,Harley-Davidson,road king,2020,Touring,1746,89.0,V2,22.71,362.0,705.0,0.25
10771,Harley-Davidson,road king,2021,Touring,1746,89.0,V2,22.71,360.2,668.0,0.25
10772,Harley-Davidson,road king,2022,Touring,1746,89.0,V2,22.71,360.2,668.0,0.25
10777,Harley-Davidson,road king classic,2016,Touring,1688,87.0,V2,22.71,353.0,715.0,0.25
10778,Harley-Davidson,road king classic,2018,Touring,1688,89.0,V2,22.71,362.0,715.0,0.25
10783,Harley-Davidson,road king special,2018,Touring,1688,87.0,V2,22.71,355.0,695.0,0.25
10784,Harley-Davidson,road king special,2019,Touring,1868,87.0,V2,22.71,355.0,695.0,0.25
10785,Harley-Davidson,road king special,2020,Touring,1868,100.0,V2,22.71,355.0,695.0,0.28
10786,Harley-Davidson,road king special,2021,Touring,1868,100.0,V2,22.71,351.1,671.0,0.28
10787,Harley-Davidson,road king special,2022,Touring,1868,100.0,V2,22.71,351.1,671.0,0.28
10788,Harley-Davidson,roadster,2020,Naked Bike,1202,67.0,V2,12.5,250.0,785.0,0.27
10843,Harley-Davidson,softail breakout,2015,Custom / Cruiser,1690,75.1,V2,18.93,309.0,660.0,0.24
10844,Harley-Davidson,softail breakout,2016,Custom / Cruiser,1690,75.1,V2,18.93,309.0,660.0,0.24
10845,Harley-Davidson,softail breakout,2017,Custom / Cruiser,1690,75.0,V2,18.93,309.0,650.0,0.24
10846,Harley-Davidson,softail breakout,2018,Custom / Cruiser,1745,86.0,V2,13.2,294.0,665.0,0.29
10847,Harley-Davidson,softail breakout,2019,Custom / Cruiser,1746,86.0,V2,13.2,294.0,665.0,0.29
10848,Harley-Davidson,softail breakout 114,2018,Custom / Cruiser,1868,94.0,V2,13.2,294.0,665.0,0.32
10849,Harley-Davidson,softail breakout 114,2019,Custom / Cruiser,1868,94.0,V2,13.2,294.0,665.0,0.32
10856,Harley-Davidson,softail deluxe,2015,Custom / Cruiser,1688,77.8,V2,18.93,312.0,622.0,0.25
10857,Harley-Davidson,softail deluxe,2016,Custom / Cruiser,1688,77.8,V2,18.93,320.0,670.0,0.24
10858,Harley-Davidson,softail deluxe,2017,Custom / Cruiser,1690,79.0,V2,18.93,320.0,670.0,0.25
10859,Harley-Davidson,softail deluxe,2018,Custom / Cruiser,1745,86.0,V2,18.93,303.0,680.0,0.28
10860,Harley-Davidson,softail deluxe,2019,Custom / Cruiser,1746,86.0,V2,18.93,303.0,658.0,0.28
10862,Harley-Davidson,softail fat bob,2018,Custom / Cruiser,1745,86.0,V2,13.6,296.0,710.0,0.29
10863,Harley-Davidson,softail fat bob,2019,Custom / Cruiser,1746,86.0,V2,13.6,296.0,710.0,0.29
10864,Harley-Davidson,softail fat bob 114,2018,Custom / Cruiser,1745,94.0,V2,13.6,296.0,710.0,0.32
10865,Harley-Davidson,softail fat bob 114,2019,Custom / Cruiser,1868,94.0,V2,13.6,296.0,710.0,0.32
10866,Harley-Davidson,softail fat bob dark custom,2018,Custom / Cruiser,1690,80.0,V2,18.9,305.0,590.0,0.26
10870,Harley-Davidson,softail fat boy,2015,Custom / Cruiser,1690,77.8,V2,18.93,313.0,635.0,0.25
10871,Harley-Davidson,softail fat boy,2016,Custom / Cruiser,1690,78.0,V2,18.93,320.0,690.0,0.24
10872,Harley-Davidson,softail fat boy,2017,Custom / Cruiser,1690,75.0,V2,18.93,320.0,670.0,0.23
10873,Harley-Davidson,softail fat boy,2018,Custom / Cruiser,1745,86.0,V2,18.93,304.0,675.0,0.28
10874,Harley-Davidson,softail fat boy,2019,Custom / Cruiser,1746,86.0,V2,18.93,304.0,675.0,0.28
10875,Harley-Davidson,softail fat boy 114,2018,Custom / Cruiser,1868,94.0,V2,18.93,304.0,675.0,0.31
10876,Harley-Davidson,softail fat boy 114,2019,Custom / Cruiser,1868,94.0,V2,18.93,304.0,675.0,0.31
10882,Harley-Davidson,softail fat boy s,2017,Custom / Cruiser,1801,92.0,V2,18.9,320.0,670.0,0.29
10884,Harley-Davidson,softail fat boy special,2015,Custom / Cruiser,1690,77.8,V2,18.9,318.0,670.0,0.24
10885,Harley-Davidson,softail fat boy special,2016,Custom / Cruiser,1690,77.8,V2,18.9,320.0,670.0,0.24
10888,Harley-Davidson,softail heritage classic,2018,Custom / Cruiser,1745,86.0,V2,18.9,316.0,680.0,0.27
10889,Harley-Davidson,softail heritage classic,2019,Custom / Cruiser,1746,86.0,V2,18.9,316.0,680.0,0.27
10890,Harley-Davidson,softail heritage classic 114,2018,Custom / Cruiser,1868,94.0,V2,18.9,316.0,680.0,0.3
10891,Harley-Davidson,softail heritage classic 114,2019,Custom / Cruiser,1868,94.0,V2,18.9,316.0,680.0,0.3
10892,Harley-Davidson,softail heritage classic 114,2020,Custom / Cruiser,1868,94.0,V2,18.9,316.0,668.0,0.3
10895,Harley-Davidson,softail low rider,2018,Custom / Cruiser,1745,86.0,V2,18.9,287.0,690.0,0.3
10896,Harley-Davidson,softail low rider,2019,Custom / Cruiser,1746,86.0,V2,18.9,287.0,690.0,0.3
10897,Harley-Davidson,softail low rider s,2020,Custom / Cruiser,1868,86.0,V2,18.9,294.8,673.0,0.29
10900,Harley-Davidson,softail slim,2015,Custom / Cruiser,1690,77.8,V2,18.93,304.4,650.0,0.26
10901,Harley-Davidson,softail slim,2016,Custom / Cruiser,1690,78.9,V2,18.93,308.0,650.0,0.26
10902,Harley-Davidson,softail slim,2017,Custom / Cruiser,1690,75.0,V2,18.9,308.0,650.0,0.24
10903,Harley-Davidson,softail slim,2018,Custom / Cruiser,1745,86.0,V2,18.9,291.0,660.0,0.3
10904,Harley-Davidson,softail slim,2019,Custom / Cruiser,1746,86.0,V2,18.9,291.0,660.0,0.3
10905,Harley-Davidson,softail slim,2020,Custom / Cruiser,1746,86.0,V2,18.9,291.0,648.0,0.3
10906,Harley-Davidson,softail slim,2021,Custom / Cruiser,1746,86.0,V2,18.9,291.0,648.0,0.3
10907,Harley-Davidson,softail slim s,2016,Custom / Cruiser,1801,92.5,V2,18.9,308.0,650.0,0.3
10908,Harley-Davidson,softail slim s,2017,Custom / Cruiser,1801,92.0,V2,18.9,308.0,650.0,0.3
10916,Harley-Davidson,softail street bob,2018,Custom / Cruiser,1745,86.0,V2,13.2,286.0,680.0,0.3
10917,Harley-Davidson,softail street bob,2019,Custom / Cruiser,1746,86.0,V2,13.2,286.0,680.0,0.3
10918,Harley-Davidson,softail street bob dark custom,2018,Custom / Cruiser,1690,86.0,V2,13.2,289.0,680.0,0.3
10920,Harley-Davidson,sport glide,2018,Custom / Cruiser,1745,86.0,V2,18.93,304.0,680.0,0.28
10921,Harley-Davidson,sport glide,2019,Custom / Cruiser,1746,86.0,V2,18.93,304.0,653.0,0.28
10922,Harley-Davidson,sport glide,2020,Custom / Cruiser,1746,86.0,V2,18.93,304.0,653.0,0.28
10923,Harley-Davidson,sport glide,2021,Custom / Cruiser,1746,86.0,V2,18.93,304.0,653.0,0.28
10939,Harley-Davidson,sportster 1200 custom,2015,Custom / Cruiser,1201,67.1,V2,2.8,250.8,676.0,0.27
10940,Harley-Davidson,sportster 1200 custom,2016,Custom / Cruiser,1201,68.0,V2,2.8,255.0,676.0,0.27
10941,Harley-Davidson,sportster 1200 custom,2017,Custom / Cruiser,1201,68.0,V2,2.8,255.0,676.0,0.27
10942,Harley-Davidson,sportster 1200 custom,2018,Custom / Cruiser,1201,67.0,V2,17.0,255.0,725.0,0.26
10943,Harley-Davidson,sportster 1200 custom,2019,Custom / Cruiser,1202,67.0,V2,17.0,255.0,725.0,0.26
10952,Harley-Davidson,sportster 883 roadster,2014,Custom / Cruiser,883,52.0,V2,12.5,255.0,760.0,0.2
10956,Harley-Davidson,sportster forty-eight,2015,Custom / Cruiser,1201,67.1,V2,7.9,250.8,660.0,0.27
10957,Harley-Davidson,sportster forty-eight,2016,Custom / Cruiser,1201,67.1,V2,7.9,247.0,710.0,0.27
10958,Harley-Davidson,sportster forty-eight,2017,Custom / Cruiser,1202,67.0,V2,7.9,247.0,710.0,0.27
10959,Harley-Davidson,sportster forty-eight,2018,Custom / Cruiser,1202,65.0,V2,7.9,247.0,710.0,0.26
10960,Harley-Davidson,sportster forty-eight,2019,Custom / Cruiser,1202,65.0,V2,7.9,247.0,665.0,0.26
10961,Harley-Davidson,sportster forty-eight,2020,Custom / Cruiser,1202,65.0,V2,7.9,247.0,665.0,0.26
10965,Harley-Davidson,sportster forty-eight dark custom,2016,Custom / Cruiser,1201,66.6,V2,7.95,250.8,710.0,0.27
10966,Harley-Davidson,sportster forty-eight dark custom,2018,Custom / Cruiser,1202,65.0,V2,7.9,244.0,693.0,0.27
10967,Harley-Davidson,sportster forty-eight special,2019,Custom / Cruiser,1202,65.0,V2,7.9,248.1,706.0,0.26
10971,Harley-Davidson,sportster iron 883,2015,Custom / Cruiser,883,52.3,V2,12.49,251.0,653.0,0.21
10972,Harley-Davidson,sportster iron 883,2016,Custom / Cruiser,883,53.0,V2,12.49,251.0,653.0,0.21
10973,Harley-Davidson,sportster iron 883,2017,Custom / Cruiser,883,52.0,V2,12.5,247.0,653.0,0.21
10974,Harley-Davidson,sportster iron 883,2018,Custom / Cruiser,883,51.0,V2,12.5,247.0,653.0,0.21
10975,Harley-Davidson,sportster iron 883,2019,Custom / Cruiser,883,51.0,V2,12.5,247.0,653.0,0.21
10978,Harley-Davidson,sportster iron 883 dark custom,2015,Custom / Cruiser,883,52.3,V2,12.49,251.0,735.0,0.21
10979,Harley-Davidson,sportster iron 883 dark custom,2016,Custom / Cruiser,883,53.0,V2,12.49,251.0,735.0,0.21
10980,Harley-Davidson,sportster iron 883 dark custom,2018,Custom / Cruiser,883,51.0,V2,12.5,247.0,653.0,0.21
10981,Harley-Davidson,sportster roadster,2017,Naked Bike,1202,67.0,V2,12.5,250.0,785.0,0.27
10982,Harley-Davidson,sportster roadster,2018,Naked Bike,1202,67.0,V2,12.5,250.0,785.0,0.27
10983,Harley-Davidson,sportster roadster,2019,Naked Bike,1202,67.0,V2,12.5,250.0,785.0,0.27
10984,Harley-Davidson,sportster roadster dark custom,2018,Naked Bike,1202,67.0,V2,12.5,240.0,785.0,0.28
10985,Harley-Davidson,sportster s,2022,Sport,1252,121.0,V2,11.73,220.9,734.0,0.55
10988,Harley-Davidson,sportster seventy-two,2015,Custom / Cruiser,1201,65.7,V2,7.95,247.2,676.0,0.27
10989,Harley-Davidson,sportster seventy-two,2016,Custom / Cruiser,1201,65.7,V2,7.9,251.0,730.0,0.26
10992,Harley-Davidson,sportster seventy-two dark custom,2015,Custom / Cruiser,1202,65.7,V2,7.95,247.2,710.0,0.27
10993,Harley-Davidson,sportster seventy-two dark custom,2016,Custom / Cruiser,1201,65.7,V2,7.9,251.0,730.0,0.26
10996,Harley-Davidson,sportster superlow,2015,Custom / Cruiser,883,52.3,V2,17.03,245.0,648.0,0.21
10997,Harley-Davidson,sportster superlow,2016,Custom / Cruiser,883,52.3,V2,17.03,245.0,648.0,0.21
10998,Harley-Davidson,sportster superlow,2017,Custom / Cruiser,883,52.3,V2,17.03,245.0,648.0,0.21
10999,Harley-Davidson,sportster superlow,2018,Custom / Cruiser,883,52.3,V2,17.03,245.0,648.0,0.21
11000,Harley-Davidson,sportster superlow,2019,Custom / Cruiser,883,52.3,V2,17.0,247.0,648.0,0.21
11002,Harley-Davidson,sportster superlow  1200t,2015,Touring,1200,67.1,V2,17.03,232.0,648.0,0.29
11003,Harley-Davidson,sportster superlow  1200t,2016,Touring,1200,67.1,V2,17.03,263.0,705.0,0.26
11004,Harley-Davidson,sportster superlow  1200t,2017,Touring,1200,68.0,V2,17.03,263.0,705.0,0.26
11005,Harley-Davidson,sportster superlow  1200t,2018,Touring,1202,68.0,V2,17.03,263.0,705.0,0.26
11042,Harley-Davidson,street 750,2017,Custom / Cruiser,749,58.0,V2,13.1,223.0,653.0,0.26
11043,Harley-Davidson,street 750,2018,Custom / Cruiser,749,58.0,V2,13.1,223.0,653.0,0.26
11044,Harley-Davidson,street 750,2019,Custom / Cruiser,749,58.0,V2,13.1,223.0,720.0,0.26
11045,Harley-Davidson,street 750,2020,Custom / Cruiser,749,58.0,V2,13.1,223.0,653.0,0.26
11046,Harley-Davidson,street 750 dark custom,2016,Custom / Cruiser,754,57.0,V2,13.25,206.4,653.0,0.28
11047,Harley-Davidson,street 750 dark custom,2018,Custom / Cruiser,749,58.0,V2,13.1,223.0,653.0,0.26
11048,Harley-Davidson,street bob,2020,Custom / Cruiser,1746,86.0,V2,13.2,286.0,680.0,0.3
11055,Harley-Davidson,street glide,2015,Touring,1688,85.8,V2,22.71,355.2,663.0,0.24
11056,Harley-Davidson,street glide,2016,Touring,1688,85.8,V2,22.71,353.0,715.0,0.24
11057,Harley-Davidson,street glide,2017,Touring,1754,85.8,V2,22.71,353.0,715.0,0.24
11058,Harley-Davidson,street glide,2018,Touring,1745,89.0,V2,22.71,361.0,715.0,0.25
11059,Harley-Davidson,street glide,2019,Touring,1746,89.0,V2,22.71,361.0,715.0,0.25
11060,Harley-Davidson,street glide,2020,Touring,1746,89.0,V2,22.71,361.0,663.0,0.25
11061,Harley-Davidson,street glide,2021,Touring,1746,89.0,V2,22.71,361.0,663.0,0.25
11062,Harley-Davidson,street glide,2022,Touring,1746,89.0,V2,22.71,361.0,663.0,0.25
11064,Harley-Davidson,street glide special,2015,Touring,1688,85.8,V2,22.7,355.2,695.0,0.24
11065,Harley-Davidson,street glide special,2016,Touring,1688,87.0,V2,22.7,356.0,695.0,0.24
11066,Harley-Davidson,street glide special,2017,Touring,1745,90.0,V2,22.7,361.0,685.0,0.25
11070,Harley-Davidson,street glide special,2021,Touring,1868,100.0,V2,22.7,359.3,663.0,0.28
11071,Harley-Davidson,street glide special,2022,Touring,1868,100.0,V2,22.7,359.3,663.0,0.28
11072,Harley-Davidson,street rod,2018,Custom / Cruiser,749,70.0,V2,13.2,229.0,765.0,0.31
11073,Harley-Davidson,street rod,2019,Custom / Cruiser,749,70.0,V2,13.25,229.0,765.0,0.31
11074,Harley-Davidson,street rod,2020,Custom / Cruiser,749,70.0,V2,13.25,229.0,765.0,0.31
11075,Harley-Davidson,street rod dark custom,2018,Custom / Cruiser,749,70.0,V2,13.2,229.0,765.0,0.31
11077,Harley-Davidson,superlow,2020,Custom / Cruiser,883,52.3,V2,17.0,247.0,648.0,0.21
11078,Harley-Davidson,superlow 120t,2020,Touring,1202,67.0,V2,17.0,264.0,648.0,0.25
11095,Harley-Davidson,tri glide ultra,2015,Touring,1688,85.8,V2,22.71,535.2,688.0,0.16
11096,Harley-Davidson,tri glide ultra,2016,Touring,1688,87.0,V2,22.71,545.0,720.0,0.16
11097,Harley-Davidson,tri glide ultra,2017,Touring,1745,90.0,V2,22.71,546.0,735.0,0.16
11098,Harley-Davidson,tri glide ultra,2018,Touring,1745,87.0,V2,22.71,546.0,735.0,0.16
11099,Harley-Davidson,tri glide ultra,2019,Touring,1868,87.0,V2,22.71,545.7,735.0,0.16
11100,Harley-Davidson,tri glide ultra,2020,Touring,1868,100.0,V2,22.71,545.7,735.0,0.18
11101,Harley-Davidson,tri glide ultra,2021,Touring,1868,100.0,V2,22.71,545.7,735.0,0.18
11102,Harley-Davidson,tri glide ultra,2022,Touring,1868,100.0,V2,22.71,545.7,688.0,0.18
11111,Harley-Davidson,ultra limited,2016,Touring,1688,87.0,V2,22.71,400.1,740.0,0.22
11112,Harley-Davidson,ultra limited,2017,Touring,1745,91.0,V2,22.71,398.0,740.0,0.23
11113,Harley-Davidson,ultra limited,2018,Touring,1745,90.0,V2,22.71,398.0,740.0,0.23
11114,Harley-Davidson,ultra limited,2019,Touring,1868,90.0,V2,22.71,398.0,740.0,0.23
11115,Harley-Davidson,ultra limited,2020,Touring,1868,100.0,V2,22.71,398.0,699.0,0.25
11116,Harley-Davidson,ultra limited,2021,Touring,1868,100.0,V2,22.71,399.2,699.0,0.25
11117,Harley-Davidson,ultra limited,2022,Touring,1868,100.0,V2,22.71,399.2,699.0,0.25
11118,Harley-Davidson,ultra limited low,2016,Touring,1688,87.0,V2,22.71,398.0,685.0,0.22
11119,Harley-Davidson,ultra limited low,2017,Touring,1745,91.0,V2,22.71,396.0,675.0,0.23
11120,Harley-Davidson,ultra limited low,2018,Touring,1745,90.0,V2,22.71,396.0,675.0,0.23
11121,Harley-Davidson,ultra limited low,2019,Touring,1868,90.0,V2,22.71,396.0,675.0,0.23
11124,Harley-Davidson,v-rod muscle,2015,Custom / Cruiser,1247,119.0,V2,18.93,292.1,650.0,0.41
11125,Harley-Davidson,v-rod muscle,2016,Custom / Cruiser,1247,121.0,V2,18.93,292.1,705.0,0.41
11126,Harley-Davidson,v-rod muscle,2017,Custom / Cruiser,1247,121.0,V2,18.93,292.1,705.0,0.41
11129,Harley-Davidson,v-rod night rod special,2015,Naked Bike,1247,120.0,V2,18.93,289.0,675.0,0.42
11354,Harley-Davidson,xr1200,2010,Sport,1202,90.0,V2,13.3,250.0,765.0,0.36
11355,Harley-Davidson,xr1200x,2010,Sport,1202,90.0,V2,13.3,250.0,765.0,0.36
11368,Hartford,hd-125l,2013,Allround,124,12.7,Single cylinder,10.3,110.0,780.0,0.12
11369,Hartford,hd-125l,2014,Allround,124,9.5,Single cylinder,10.3,110.0,780.0,0.09
11376,Hartford,hd200s,2014,Allround,197,14.3,Single cylinder,9.0,130.0,750.0,0.11
11400,Hartford,vr-125 z,2010,Sport,124,11.0,Single cylinder,12.0,122.0,810.0,0.09
11416,Hartford,vr-220h,2020,Enduro / Offroad,223,19.2,Single cylinder,12.0,140.0,860.0,0.14
11417,Hartford,vr125 h,2010,Sport,124,11.0,Single cylinder,12.0,124.0,860.0,0.09
11418,Hartford,vr125z,2014,Sport,124,10.4,Single cylinder,12.0,122.0,810.0,0.09
11479,Herald,brat 125,2020,Allround,124,9.9,Single cylinder,10.0,147.0,820.0,0.07
11480,Herald,brat 250,2020,Allround,223,9.9,Single cylinder,10.0,147.0,820.0,0.07
11481,Herald,brute 500,2020,Allround,449,42.9,Single cylinder,13.5,165.0,835.0,0.26
11482,Herald,cafe 125,2019,Allround,124,9.9,Single cylinder,12.0,126.0,740.0,0.08
11483,Herald,cafe 125,2020,Allround,125,9.9,Single cylinder,12.0,126.0,740.0,0.08
11484,Herald,cafe 400,2019,Allround,397,27.0,Single cylinder,12.0,165.0,790.0,0.16
11485,Herald,cafe 400,2020,Allround,397,27.0,Single cylinder,12.0,165.0,790.0,0.16
11486,Herald,cafe 400,2021,Allround,397,27.0,Single cylinder,12.0,165.0,790.0,0.16
11487,Herald,cafe racer 250,2017,Allround,249,21.0,Single cylinder,12.0,130.0,780.0,0.16
11488,Herald,classic 125,2016,Classic,124,10.7,Single cylinder,12.0,107.0,780.0,0.1
11489,Herald,classic 125,2017,Classic,124,10.7,Single cylinder,12.0,107.0,740.0,0.1
11490,Herald,classic 125,2019,Classic,124,10.7,Single cylinder,12.0,126.0,740.0,0.08
11491,Herald,classic 125,2020,Allround,124,10.7,Single cylinder,12.0,126.0,740.0,0.08
11492,Herald,classic 250,2016,Classic,249,21.0,Single cylinder,12.0,130.0,780.0,0.16
11493,Herald,classic 250,2017,Classic,249,21.0,Single cylinder,12.0,130.0,780.0,0.16
11494,Herald,classic 400,2019,Classic,400,27.0,Single cylinder,12.0,165.0,790.0,0.16
11495,Herald,classic 400,2020,Allround,400,27.0,Single cylinder,12.0,165.0,790.0,0.16
11496,Herald,flat tracker 250,2017,Allround,249,21.0,Single cylinder,12.0,130.0,780.0,0.16
11497,Herald,maverick 125,2018,Naked Bike,124,9.8,Single cylinder,12.0,121.0,740.0,0.08
11498,Herald,maverick 125,2019,Naked Bike,124,9.8,Single cylinder,12.0,121.0,885.0,0.08
11499,Herald,maverick 125,2020,Naked Bike,125,9.8,Single cylinder,12.0,121.0,885.0,0.08
11500,Herald,mirage 125,2019,Naked Bike,124,9.5,Single cylinder,12.0,152.0,800.0,0.06
11501,Herald,mirage 125,2021,Naked Bike,124,9.5,Single cylinder,14.0,152.0,800.0,0.06
11502,Herald,nomad 250,2016,Classic,249,21.0,Single cylinder,12.0,130.0,780.0,0.16
11503,Herald,nomad 250,2017,Classic,249,21.0,Single cylinder,12.0,130.0,780.0,0.16
11504,Herald,phantom 250,2018,Custom / Cruiser,249,21.0,Single cylinder,12.0,120.0,780.0,0.18
11505,Herald,rambler 125,2020,Naked Bike,124,9.6,Single cylinder,12.0,126.0,800.0,0.08
11506,Herald,rambler 250,2016,Classic,249,21.0,Single cylinder,12.0,130.0,780.0,0.16
11507,Herald,rambler 250,2017,Enduro / Offroad,249,21.0,Single cylinder,12.0,130.0,740.0,0.16
11508,Herald,roamer 250,2016,Classic,249,21.0,Single cylinder,12.0,130.0,780.0,0.16
11509,Herald,roamer 250,2017,Classic,249,21.0,Single cylinder,12.0,130.0,780.0,0.16
11510,Herald,scrambler 125,2018,Allround,124,10.7,Single cylinder,12.0,126.0,740.0,0.08
11511,Herald,scrambler 125,2019,Allround,125,10.7,Single cylinder,12.0,126.0,740.0,0.08
11512,Herald,scrambler 125,2020,Allround,124,9.6,Single cylinder,12.0,126.0,740.0,0.08
11513,Herald,terra rambler 250,2017,Enduro / Offroad,249,21.0,Single cylinder,12.0,130.0,780.0,0.16
11514,Herald,vagabond 250,2016,Classic,249,21.0,Single cylinder,12.0,130.0,780.0,0.16
11515,Herald,vagabond 250,2017,Classic,249,21.0,Single cylinder,12.0,130.0,780.0,0.16
11781,Hero,new super splendor,2019,Sport,125,9.1,Single cylinder,13.0,125.0,785.0,0.07
11790,Hero,passion x pro,2013,Sport,109,8.7,Single cylinder,9.5,120.0,785.0,0.07
11791,Hero,passion x pro,2019,Sport,109,9.4,Single cylinder,9.2,117.0,790.0,0.08
11812,Hero,splendor pro,2019,Sport,97,8.3,Single cylinder,11.0,112.0,785.0,0.07
11819,Hero,super splendor bs6,2021,Sport,125,10.7,Single cylinder,12.0,123.0,799.0,0.09
11821,Hero,super splendor ismart,2022,Sport,113,9.0,Single cylinder,12.0,117.0,799.0,0.08
11928,Honda,400x,2016,Allround,399,45.6,Twin,17.0,194.0,795.0,0.24
11943,Honda,ace 125,2022,Allround,124,8.5,V2,10.0,110.0,790.0,0.08
11953,Honda,activa i,2017,Scooter,109,8.0,Single cylinder,5.3,103.0,765.0,0.08
11954,Honda,activa i deluxe,2017,Scooter,109,8.0,Single cylinder,5.3,103.0,765.0,0.08
11957,Honda,adv350,2022,Scooter,330,28.8,Single cylinder,11.7,186.0,795.0,0.15
11975,Honda,anf125i innova,2010,Scooter,125,9.2,Single cylinder,3.7,105.5,778.0,0.09
11976,Honda,anf125i innova,2011,Scooter,125,9.2,Single cylinder,3.7,105.5,778.0,0.09
11977,Honda,anf125i innova,2012,Scooter,125,9.2,Single cylinder,3.7,105.5,778.0,0.09
11981,Honda,ape 100,2014,Allround,99,7.0,Single cylinder,5.5,82.0,715.0,0.09
11982,Honda,ape 100,2015,Allround,99,7.0,Single cylinder,5.5,82.0,715.0,0.09
11983,Honda,ape 100,2016,Allround,99,7.0,Single cylinder,5.5,82.0,715.0,0.09
11985,Honda,ape 100 type d,2014,Allround,99,7.0,Single cylinder,5.5,83.0,715.0,0.08
11994,Honda,ape 50 type d,2015,Allround,99,7.0,Single cylinder,5.5,83.0,715.0,0.08
11998,Honda,aviator,2017,Scooter,109,8.0,Single cylinder,6.0,105.0,790.0,0.08
12001,Honda,beat 110,2014,Scooter,108,8.3,Single cylinder,3.8,90.0,747.0,0.09
12002,Honda,beat fi,2015,Scooter,108,8.5,Single cylinder,3.8,90.0,747.0,0.09
12003,Honda,beat scooter,2013,Scooter,108,8.3,Single cylinder,3.8,90.0,747.0,0.09
12005,Honda,benly,2013,Scooter,49,3.8,Single cylinder,10.0,105.0,710.0,0.04
12006,Honda,benly,2015,Scooter,49,3.8,Single cylinder,10.0,105.0,710.0,0.04
12007,Honda,benly,2022,Scooter,108,7.8,Single cylinder,10.0,116.0,710.0,0.07
12008,Honda,benly 110,2013,Scooter,107,7.8,Single cylinder,10.0,113.0,710.0,0.07
12009,Honda,benly 110,2015,Scooter,107,7.8,Single cylinder,10.0,113.0,710.0,0.07
12010,Honda,benly 110 pro,2013,Scooter,107,7.8,Single cylinder,10.0,113.0,710.0,0.07
12011,Honda,benly 110 pro,2015,Scooter,107,7.8,Single cylinder,10.0,116.0,710.0,0.07
12013,Honda,benly pro,2013,Scooter,49,3.8,Single cylinder,10.0,106.0,710.0,0.04
12014,Honda,benly pro,2015,Scooter,49,3.8,Single cylinder,10.0,106.0,710.0,0.04
12040,Honda,cb 1100,2014,Classic,1140,88.5,In-line four,14.6,247.0,795.0,0.36
12086,Honda,cb 1300,2019,Naked Bike,1284,114.0,In-line four,21.0,224.0,790.0,0.51
12089,Honda,cb 1300 s,2019,Naked Bike,1284,114.0,In-line four,21.0,236.0,790.0,0.48
12337,Honda,cb unicorn,2011,Sport,149,13.3,Single cylinder,13.0,146.0,792.0,0.09
12339,Honda,cb unicorn 160,2017,Sport,163,14.0,Single cylinder,13.0,149.0,792.0,0.09
12340,Honda,cb unicorn 160,2018,Sport,163,14.0,Single cylinder,12.0,134.0,792.0,0.1
12341,Honda,cb unicorn 160,2019,Sport,163,14.0,Single cylinder,12.0,135.0,792.0,0.1
12369,Honda,cb110,2013,Sport,109,8.6,Single cylinder,8.0,100.0,749.0,0.09
12370,Honda,cb110,2014,Sport,109,8.6,Single cylinder,8.0,100.0,749.0,0.09
12371,Honda,cb110,2015,Sport,109,8.7,Single cylinder,8.0,100.0,749.0,0.09
12392,Honda,cb1100 type 2,2011,Allround,1140,87.2,In-line four,14.0,243.0,765.0,0.36
12393,Honda,cb1100 type 2 abs,2011,Allround,1140,87.2,In-line four,14.0,246.5,765.0,0.35
12394,Honda,cb1100 type1,2011,Sport,1140,87.2,In-line four,14.0,243.0,825.0,0.36
12395,Honda,cb1100 type1 abs,2011,Sport,1140,87.2,In-line four,14.0,247.0,765.0,0.35
12397,Honda,cb125 cl,2014,Sport,125,8.5,Single cylinder,10.0,103.0,795.0,0.08
12399,Honda,cb125cl,2015,Sport,125,8.5,Single cylinder,10.0,103.0,795.0,0.08
12416,Honda,cb1300 super bol dor,2011,Sport,1284,99.2,In-line four,21.0,266.0,780.0,0.37
12417,Honda,cb1300 super bol dor,2013,Allround,1284,99.2,In-line four,21.0,261.0,780.0,0.38
12418,Honda,cb1300 super bol dor,2015,Allround,1284,99.2,In-line four,21.0,274.0,780.0,0.36
12419,Honda,cb1300 super bol dor abs,2011,Sport,1284,99.2,In-line four,21.0,272.0,780.0,0.36
12420,Honda,cb1300 super four,2011,Allround,1284,99.2,In-line four,21.0,261.0,780.0,0.38
12421,Honda,cb1300 super four,2013,Allround,1284,99.2,In-line four,21.0,261.0,780.0,0.38
12422,Honda,cb1300 super four,2015,Allround,1284,99.2,In-line four,21.0,268.0,780.0,0.37
12423,Honda,cb1300 super four abs,2011,Allround,1284,99.2,In-line four,21.0,266.0,780.0,0.37
12424,Honda,cb1300 super touring,2011,Sport Touring,1284,97.9,In-line four,21.0,284.0,780.0,0.34
12425,Honda,cb1300 super touring,2013,Touring,1284,99.2,In-line four,21.0,261.0,780.0,0.38
12427,Honda,cb1300s abs,2012,Naked Bike,1284,99.2,In-line four,21.0,236.0,780.0,0.42
12440,Honda,cb250f,2015,Naked Bike,249,29.0,Single cylinder,12.87,158.0,775.0,0.18
12441,Honda,cb250f,2016,Naked Bike,249,29.0,Single cylinder,12.87,158.0,775.0,0.18
12458,Honda,cb400,2014,Sport,399,52.3,In-line four,18.0,195.0,755.0,0.27
12459,Honda,cb400 super bol dor,2011,Sport,399,52.3,In-line four,18.0,198.0,755.0,0.26
12460,Honda,cb400 super bol dor,2013,Sport,399,52.3,In-line four,18.0,195.0,755.0,0.27
12461,Honda,cb400 super bol dor,2015,Sport,399,52.3,In-line four,18.0,195.0,755.0,0.27
12462,Honda,cb400 super bol dor abs,2011,Sport,399,52.3,In-line four,18.0,198.0,755.0,0.26
12463,Honda,cb400 super bol dor abs,2013,Sport,399,52.3,In-line four,18.0,200.0,755.0,0.26
12464,Honda,cb400 super four,2011,Sport,399,52.3,In-line four,18.0,194.0,755.0,0.27
12465,Honda,cb400 super four,2013,Sport,399,52.3,In-line four,18.0,195.0,755.0,0.27
12466,Honda,cb400 super four,2015,Sport,399,52.3,In-line four,18.0,195.0,755.0,0.27
12467,Honda,cb400 super four abs,2011,Sport,399,52.3,In-line four,18.0,199.0,755.0,0.26
12468,Honda,cb400 super four abs,2013,Sport,399,52.3,In-line four,18.0,200.0,755.0,0.26
12469,Honda,cb400a,2016,Sport,399,52.3,In-line four,18.0,195.0,755.0,0.27
12470,Honda,cb400a,2017,Naked Bike,399,52.3,In-line four,18.0,195.0,755.0,0.27
12471,Honda,cb400f,2014,Naked Bike,399,52.3,In-line four,18.0,195.0,755.0,0.27
12472,Honda,cb400f,2015,Naked Bike,399,52.3,In-line four,18.0,195.0,755.0,0.27
12475,Honda,cb500f,2013,Naked Bike,471,46.9,Twin,15.7,173.4,790.0,0.27
12476,Honda,cb500f,2014,Naked Bike,471,46.9,Twin,15.7,173.4,790.0,0.27
12477,Honda,cb500f,2015,Naked Bike,471,46.9,Twin,15.7,173.4,790.0,0.27
12478,Honda,cb500f,2016,Naked Bike,471,46.9,Twin,15.7,173.4,790.0,0.27
12479,Honda,cb500f,2017,Naked Bike,471,46.9,Twin,15.7,173.4,790.0,0.27
12480,Honda,cb500f,2018,Naked Bike,471,46.9,Twin,15.7,173.4,790.0,0.27
12483,Honda,cb500f,2022,Naked Bike,471,46.9,Twin,16.7,192.0,790.0,0.24
12484,Honda,cb500f abs,2014,Naked Bike,471,46.9,Twin,15.7,173.4,785.0,0.27
12485,Honda,cb500f abs,2015,Naked Bike,471,46.9,Twin,15.7,173.4,785.0,0.27
12486,Honda,cb500f abs,2017,Naked Bike,471,46.9,Twin,15.7,176.0,790.0,0.27
12487,Honda,cb500f abs,2018,Naked Bike,471,46.9,Twin,15.7,176.0,790.0,0.27
12488,Honda,cb500f abs,2019,Naked Bike,471,46.9,Twin,17.03,176.0,790.0,0.27
12489,Honda,cb500x,2013,Sport,471,46.9,Twin,17.3,178.0,810.0,0.26
12490,Honda,cb500x,2014,Sport,471,46.9,Twin,17.3,178.0,810.0,0.26
12491,Honda,cb500x,2015,Sport,471,46.9,Twin,17.3,178.0,810.0,0.26
12492,Honda,cb500x,2016,Sport,471,46.9,Twin,17.3,178.0,810.0,0.26
12493,Honda,cb500x,2017,Sport,471,46.9,Twin,17.3,178.0,810.0,0.26
12494,Honda,cb500x,2018,Enduro / Offroad,471,46.9,Twin,17.3,178.0,810.0,0.26
12499,Honda,cb500x abs,2014,Sport,471,46.9,Twin,17.3,182.0,810.0,0.26
12500,Honda,cb500x abs,2015,Sport,471,46.9,Twin,17.3,182.0,810.0,0.26
12501,Honda,cb600f,2011,Naked Bike,599,100.0,In-line four,19.0,198.0,800.0,0.51
12502,Honda,cb600f abs,2011,Naked Bike,599,100.0,In-line four,19.0,202.0,800.0,0.5
12506,Honda,cb600f hornet 600,2013,Naked Bike,599,100.0,In-line four,19.0,172.0,800.0,0.58
12507,Honda,cb600f hornet abs,2013,Naked Bike,599,100.0,In-line four,19.0,177.0,800.0,0.56
12545,Honda,cbf1000,2011,Sport,998,96.6,In-line four,19.0,224.0,795.0,0.43
12549,Honda,cbf1000 abs,2010,Sport,998,96.6,In-line four,19.0,228.0,795.0,0.42
12550,Honda,cbf1000 abs,2011,Sport,998,96.6,In-line four,19.0,228.0,795.0,0.42
12556,Honda,cbf125,2010,Allround,125,11.1,Single cylinder,13.0,128.0,792.0,0.09
12557,Honda,cbf125,2011,Sport,125,11.1,Single cylinder,13.0,128.0,792.0,0.09
12558,Honda,cbf125,2012,Sport,125,11.1,Single cylinder,13.0,128.0,792.0,0.09
12559,Honda,cbf125,2013,Sport,125,11.1,Single cylinder,13.0,128.0,792.0,0.09
12560,Honda,cbf125,2014,Sport,125,11.1,Single cylinder,13.0,128.0,792.0,0.09
12561,Honda,cbf125,2015,Sport,125,11.1,Single cylinder,13.0,128.0,792.0,0.09
12562,Honda,cbf125,2017,Sport,125,11.1,Single cylinder,13.0,128.0,792.0,0.09
12567,Honda,cbf600f,2012,Naked Bike,599,100.0,In-line four,19.0,172.0,800.0,0.58
12568,Honda,cbf600n,2010,Naked Bike,599,76.4,In-line four,20.0,213.0,785.0,0.36
12569,Honda,cbf600n,2011,Naked Bike,599,76.4,In-line four,20.0,213.0,785.0,0.36
12571,Honda,cbf600n abs,2011,Naked Bike,599,76.4,In-line four,20.0,213.0,785.0,0.36
12572,Honda,cbf600n c-abs,2010,Naked Bike,599,76.4,In-line four,20.0,217.0,785.0,0.35
12576,Honda,cbf600s,2011,Allround,599,76.4,In-line four,20.0,218.0,770.0,0.35
12578,Honda,cbf600s abs,2011,Allround,599,76.4,In-line four,20.0,222.0,785.0,0.34
12579,Honda,cbf600s c-abs,2010,Sport,599,76.4,In-line four,20.0,222.0,785.0,0.34
12679,Honda,cbr1000rr,2013,Sport,999,175.0,In-line four,17.79,173.0,820.0,1.01
12713,Honda,cbr125r,2011,Sport,125,13.4,Single cylinder,10.0,127.3,776.0,0.11
12714,Honda,cbr125r,2012,Sport,125,13.4,Single cylinder,13.0,136.9,793.0,0.1
12715,Honda,cbr125r,2015,Sport,125,12.1,Single cylinder,13.0,138.0,795.0,0.09
12745,Honda,cbr400r,2017,Sport,399,45.4,Twin,15.0,182.0,785.0,0.25
12863,Honda,cg 125,2022,Allround,124,11.0,Single cylinder,9.2,100.0,764.0,0.11
12881,Honda,click 125i,2017,Scooter,125,11.4,Single cylinder,5.5,106.0,765.0,0.11
13210,Honda,crf450r,2022,Cross / Motocross,450,53.0,Single cylinder,6.3,105.8,965.0,0.5
13360,Honda,deauville 700,2010,Sport Touring,680,64.8,V2,19.7,236.0,805.0,0.27
13361,Honda,deauville 700 c-abs,2010,Sport Touring,680,64.8,V2,19.7,239.0,805.0,0.27
13374,Honda,dn-01,2010,Allround,680,43.3,V2,15.14,269.0,691.0,0.16
13420,Honda,faze,2011,Scooter,248,22.8,Single cylinder,12.0,180.0,755.0,0.13
13421,Honda,faze,2013,Scooter,248,22.8,Single cylinder,12.0,180.0,755.0,0.13
13422,Honda,faze,2014,Scooter,248,23.0,Single cylinder,12.0,180.0,755.0,0.13
13424,Honda,faze,2017,Scooter,248,23.0,Single cylinder,12.0,167.0,755.0,0.14
13425,Honda,faze abs,2011,Scooter,248,22.8,Single cylinder,12.0,183.0,755.0,0.12
13426,Honda,faze abs,2014,Scooter,248,23.0,Single cylinder,12.0,183.0,755.0,0.13
13428,Honda,faze type-s,2011,Scooter,248,22.8,Single cylinder,12.0,185.0,755.0,0.12
13429,Honda,faze type-s,2014,Scooter,248,23.0,Single cylinder,12.0,185.0,755.0,0.12
13430,Honda,faze type-s,2015,Scooter,248,23.0,Single cylinder,12.0,185.0,755.0,0.12
13446,Honda,forza,2015,Scooter,248,22.0,Single cylinder,12.0,201.0,755.0,0.11
13447,Honda,forza,2017,Scooter,279,25.5,Single cylinder,12.0,201.0,755.0,0.13
13448,Honda,forza,2018,Scooter,279,25.5,Single cylinder,12.0,191.4,716.0,0.13
13449,Honda,forza,2019,Scooter,279,25.5,Single cylinder,12.0,191.4,716.0,0.13
13457,Honda,forza 300,2016,Scooter,279,25.5,Single cylinder,12.0,201.0,755.0,0.13
13458,Honda,forza 300,2019,Scooter,279,24.8,Single cylinder,11.5,189.0,755.0,0.13
13459,Honda,forza 300,2020,Scooter,279,24.8,Single cylinder,11.5,182.0,780.0,0.14
13460,Honda,forza 350,2021,Scooter,330,28.4,Single cylinder,11.5,185.0,780.0,0.15
13461,Honda,forza 350,2022,Scooter,330,28.4,Single cylinder,11.7,184.0,780.0,0.15
13462,Honda,forza 750,2021,Scooter,745,57.8,Twin,13.2,235.0,790.0,0.25
13463,Honda,forza 750,2022,Scooter,745,57.8,Twin,13.2,235.0,790.0,0.25
13464,Honda,forza abs,2015,Scooter,248,22.0,Single cylinder,12.0,204.0,755.0,0.11
13465,Honda,forza abs,2016,Scooter,248,22.0,Single cylinder,12.0,204.0,755.0,0.11
13466,Honda,forza abs,2018,Scooter,279,25.5,Single cylinder,12.0,194.1,716.0,0.13
13469,Honda,forza ex,2011,Scooter,249,21.5,Single cylinder,12.0,201.0,710.0,0.11
13470,Honda,forza si,2015,Scooter,279,22.0,Single cylinder,12.0,201.0,755.0,0.11
13473,Honda,forza x,2011,Scooter,248,21.5,Single cylinder,12.0,180.0,710.0,0.12
13474,Honda,forza z,2014,Scooter,248,22.0,Single cylinder,12.0,201.0,755.0,0.11
13475,Honda,forza z abs,2014,Scooter,248,22.0,Single cylinder,12.0,204.0,755.0,0.11
13564,Honda,ftr,2013,Allround,223,21.5,Single cylinder,7.2,119.0,780.0,0.18
13565,Honda,ftr,2016,Allround,223,21.5,Single cylinder,7.2,119.0,780.0,0.18
13656,Honda,gl1800 gold wing deluxe,2010,Touring,1832,116.0,Six cylinder boxer,25.0,417.0,740.0,0.28
13763,Honda,gyro x,2013,Scooter,49,4.6,Single cylinder,4.7,112.0,735.0,0.04
13822,Honda,lead 110,2012,Scooter,107,8.9,Single cylinder,6.5,114.0,740.0,0.08
13823,Honda,lead 125,2015,Scooter,125,11.3,Single cylinder,6.0,113.0,760.0,0.1
13824,Honda,lead ex,2015,Scooter,107,9.0,Single cylinder,6.5,114.0,760.0,0.08
13924,Honda,nc750d integra,2014,Scooter,745,46.9,Twin,14.1,219.8,790.0,0.21
13941,Honda,nhx110 lead,2011,Scooter,107,8.9,Single cylinder,6.5,114.0,740.0,0.08
14003,Honda,nt700va deauville,2012,Sport Touring,680,64.8,V2,19.68,239.0,805.0,0.27
14097,Honda,ps125i,2011,Scooter,125,13.5,Single cylinder,8.0,135.0,800.0,0.1
14098,Honda,ps125i passion,2013,Scooter,125,13.5,Single cylinder,8.0,135.0,800.0,0.1
14099,Honda,ps125i sporty,2011,Scooter,125,13.0,Single cylinder,9.4,156.0,776.0,0.08
14108,Honda,rc213v repsol,2021,Sport,999,248.0,V4,22.0,160.0,830.0,1.55
14110,Honda,rc213v-s,2016,Sport,999,101.0,V4,21.0,172.0,830.0,0.59
14111,Honda,rc213v-s,2017,Sport,999,101.0,V4,21.0,172.0,830.0,0.59
14112,Honda,rc213v-s,2018,Sport,999,101.0,V4,21.0,172.0,830.0,0.59
14137,Honda,rebel 500,2017,Custom / Cruiser,471,48.0,Twin,11.17,185.1,691.0,0.26
14138,Honda,rebel 500,2018,Custom / Cruiser,471,48.0,Twin,11.17,185.1,691.0,0.26
14143,Honda,rebel 500 abs,2018,Custom / Cruiser,471,48.0,Twin,11.17,187.8,691.0,0.26
14144,Honda,rebel 500 abs,2019,Custom / Cruiser,471,48.0,Twin,11.17,187.8,691.0,0.26
14157,Honda,rs 125,2013,Scooter,125,9.4,Single cylinder,3.8,96.3,776.0,0.1
14158,Honda,rs 125,2015,Scooter,125,9.4,Single cylinder,3.8,96.3,776.0,0.1
14159,Honda,rs125,2022,Scooter,125,9.6,Single cylinder,3.9,104.0,767.0,0.09
14188,Honda,s-wing 125,2010,Scooter,125,13.0,Single cylinder,9.4,156.0,776.0,0.08
14189,Honda,s-wing 125,2011,Scooter,125,13.0,Single cylinder,9.4,156.0,776.0,0.08
14190,Honda,s-wing 125,2012,Scooter,125,13.0,Single cylinder,9.4,156.0,776.0,0.08
14191,Honda,s-wing 125,2013,Scooter,125,13.0,Single cylinder,9.4,156.0,776.0,0.08
14192,Honda,s-wing 125,2014,Scooter,125,13.0,Single cylinder,9.4,156.0,776.0,0.08
14193,Honda,s-wing 125 c-abs,2011,Scooter,125,13.0,Single cylinder,9.4,160.0,776.0,0.08
14210,Honda,scoopy,2013,Scooter,108,6.1,Single cylinder,3.5,91.0,745.0,0.07
14211,Honda,scoopy,2014,Scooter,108,6.1,Single cylinder,3.5,91.0,745.0,0.07
14212,Honda,scoopy 110,2015,Scooter,108,6.1,Single cylinder,3.5,91.0,745.0,0.07
14232,Honda,sh125i,2010,Scooter,125,13.0,Single cylinder,7.5,120.0,790.0,0.11
14233,Honda,sh125i,2011,Scooter,125,13.0,Single cylinder,7.5,120.0,790.0,0.11
14234,Honda,sh125i,2012,Scooter,125,13.0,Single cylinder,7.5,120.0,790.0,0.11
14236,Honda,sh125i,2014,Scooter,125,11.7,Single cylinder,7.5,120.0,790.0,0.1
14237,Honda,sh125i,2016,Scooter,125,11.7,Single cylinder,7.5,120.0,790.0,0.1
14238,Honda,sh125i,2017,Scooter,125,11.7,Single cylinder,7.5,120.0,799.0,0.1
14239,Honda,sh125i,2018,Scooter,125,12.0,Single cylinder,7.5,123.0,799.0,0.1
14240,Honda,sh125i,2019,Scooter,125,12.0,Single cylinder,7.5,123.0,799.0,0.1
14241,Honda,sh125i,2020,Scooter,125,12.0,Single cylinder,7.5,123.0,799.0,0.1
14242,Honda,sh125i,2022,Scooter,125,12.9,Single cylinder,7.0,123.0,799.0,0.1
14244,Honda,sh125i special,2012,Scooter,125,13.0,Single cylinder,7.5,120.0,785.0,0.11
14247,Honda,sh125i sporty,2012,Scooter,125,13.0,Single cylinder,7.5,120.0,785.0,0.11
14256,Honda,sh150i,2020,Scooter,153,14.7,Single cylinder,7.5,129.0,799.0,0.11
14257,Honda,sh150i,2022,Scooter,153,16.6,Single cylinder,7.0,126.0,799.0,0.13
14258,Honda,sh150i special,2011,Scooter,153,15.6,Single cylinder,7.5,129.0,785.0,0.12
14260,Honda,sh150i sporty,2011,Scooter,153,15.6,Single cylinder,7.5,129.0,785.0,0.12
14262,Honda,sh300i,2010,Scooter,279,26.8,Single cylinder,9.0,161.8,785.0,0.17
14263,Honda,sh300i,2011,Scooter,279,26.8,Single cylinder,9.0,161.8,785.0,0.17
14264,Honda,sh300i,2012,Scooter,279,26.8,Single cylinder,9.0,161.8,785.0,0.17
14265,Honda,sh300i,2013,Scooter,279,26.8,Single cylinder,9.0,165.0,785.0,0.16
14271,Honda,sh300i c-abs,2010,Scooter,279,26.8,Single cylinder,9.0,164.0,785.0,0.16
14272,Honda,sh300i sporty,2010,Scooter,279,26.8,Single cylinder,9.0,162.0,785.0,0.17
14280,Honda,shadow 750 black spirit,2010,Custom / Cruiser,745,44.9,V2,14.6,251.0,652.0,0.18
14281,Honda,shadow 750 c-abs,2010,Custom / Cruiser,745,44.9,V2,14.6,262.0,658.0,0.17
14282,Honda,shadow 750 c-abs,2011,Custom / Cruiser,745,44.9,V2,14.6,262.0,658.0,0.17
14309,Honda,shadow custom 400,2013,Custom / Cruiser,398,30.8,V2,14.0,244.0,650.0,0.13
14321,Honda,shadow rs,2010,Custom / Cruiser,745,44.9,V2,10.6,230.0,747.0,0.2
15514,Husqvarna,701 enduro,2020,Enduro / Offroad,693,73.8,Single cylinder,13.0,145.0,920.0,0.51
14451,Honda,st1300 pan-european,2012,Sport Touring,1261,117.0,V4,29.14,283.0,790.0,0.41
14476,Honda,super cub,2015,Scooter,109,8.0,Single cylinder,4.3,98.0,735.0,0.08
14478,Honda,super cub 110,2013,Scooter,109,8.0,Single cylinder,4.3,98.0,735.0,0.08
14482,Honda,super cub 50,2013,Scooter,49,5.0,Single cylinder,4.3,95.0,735.0,0.05
14486,Honda,super cub concept,2016,Prototype / Concept Model,109,8.0,Single cylinder,4.3,98.0,735.0,0.08
14487,Honda,super cub pro 110,2017,Scooter,109,8.0,Single cylinder,4.3,101.0,735.0,0.08
14488,Honda,super cub pro 50,2017,Scooter,49,5.0,Single cylinder,4.3,95.0,735.0,0.05
14490,Honda,sw-t400,2011,Scooter,399,38.5,Twin,16.0,247.0,740.0,0.16
14497,Honda,tmx 125 alpha,2015,Allround,124,9.7,Single cylinder,8.6,108.0,771.0,0.09
14499,Honda,tmx 155,2013,Allround,155,12.5,Single cylinder,9.0,108.3,743.0,0.12
14500,Honda,tmx supremo,2013,Allround,149,10.5,Single cylinder,14.3,120.0,771.0,0.09
14501,Honda,tmx supremo,2014,Allround,149,10.5,Single cylinder,14.3,120.0,771.0,0.09
14502,Honda,tmx supremo,2015,Allround,149,10.5,Single cylinder,14.3,120.0,771.0,0.09
14511,Honda,transalp,2013,Super Motard,680,59.1,V2,17.5,218.0,841.0,0.27
15515,Husqvarna,701 enduro,2021,Enduro / Offroad,693,73.8,Single cylinder,13.0,146.0,920.0,0.51
14606,Honda,varadero 125,2011,Sport,125,14.2,V2,16.8,152.0,800.0,0.09
14607,Honda,varadero 125,2015,Sport,125,14.2,V2,16.8,152.0,800.0,0.09
14608,Honda,varadero 125 dx,2010,Sport,125,14.2,V2,16.8,153.0,800.0,0.09
14609,Honda,varadero 125 dx,2011,Sport Touring,125,14.2,V2,16.8,153.0,800.0,0.09
14703,Honda,vfr 800,2011,Sport Touring,782,107.0,V4,22.0,215.0,805.0,0.5
14704,Honda,vfr 800,2012,Sport Touring,782,107.0,V4,22.0,218.0,805.0,0.49
14721,Honda,vfr1200f,2010,Sport,1237,170.0,V4,18.5,267.0,815.0,0.64
15516,Husqvarna,701 supermoto,2016,Super Motard,690,67.0,Single cylinder,13.0,145.0,890.0,0.46
14752,Honda,vfr800,2013,Sport Touring,782,107.0,V4,22.0,218.0,805.0,0.49
15517,Husqvarna,701 supermoto,2017,Super Motard,690,74.0,Single cylinder,13.0,145.0,890.0,0.51
14755,Honda,vfr800f,2014,Sport Touring,782,107.0,V4,21.5,217.0,805.0,0.49
14769,Honda,vision,2016,Scooter,108,8.3,Single cylinder,5.5,102.0,778.0,0.08
14772,Honda,vision 110,2017,Scooter,108,8.3,Single cylinder,5.5,102.0,760.0,0.08
14875,Honda,vt1300c,2015,Custom / Cruiser,1312,57.0,V2,20.3,303.0,678.0,0.19
14878,Honda,vt1300cr,2013,Custom / Cruiser,1312,57.0,V2,20.3,303.0,678.0,0.19
14881,Honda,vt1300cs,2013,Custom / Cruiser,1312,57.0,V2,20.3,309.0,678.0,0.18
14884,Honda,vt1300cx,2011,Custom / Cruiser,1312,57.0,V2,20.3,303.0,678.0,0.19
14885,Honda,vt1300cx,2012,Custom / Cruiser,1312,57.0,V2,20.3,303.0,678.0,0.19
14886,Honda,vt1300cx,2016,Custom / Cruiser,1312,57.0,V2,20.3,309.0,678.0,0.18
14889,Honda,vt400s,2011,Allround,398,30.8,V2,10.0,229.0,750.0,0.13
14890,Honda,vt400s,2013,Allround,398,30.8,V2,10.0,229.0,750.0,0.13
14891,Honda,vt400s,2014,Custom / Cruiser,398,30.8,V2,10.0,229.0,750.0,0.13
14892,Honda,vt750 s,2012,Allround,745,43.2,V2,10.7,232.0,750.0,0.19
14897,Honda,vt750c2 shadow,2011,Custom / Cruiser,745,44.9,V2,14.0,249.0,673.0,0.18
14899,Honda,vt750c2b,2011,Custom / Cruiser,745,44.9,V2,14.0,249.0,653.0,0.18
14904,Honda,vt750s,2011,Allround,745,43.2,V2,10.7,232.0,750.0,0.19
14905,Honda,vt750s,2013,Allround,745,43.2,V2,10.7,232.0,750.0,0.19
14907,Honda,vtr,2013,Naked Bike,249,29.5,V2,12.0,161.0,725.0,0.18
14923,Honda,vtr 250,2011,Naked Bike,249,29.5,V2,12.0,161.0,725.0,0.18
14924,Honda,vtr 250,2015,Naked Bike,249,29.5,V2,12.0,161.0,725.0,0.18
14925,Honda,vtr 250,2016,Naked Bike,249,29.5,V2,12.0,161.0,725.0,0.18
15518,Husqvarna,701 supermoto,2018,Super Motard,690,74.0,Single cylinder,13.0,145.0,890.0,0.51
14927,Honda,vtr b-style,2011,Naked Bike,249,29.5,V2,12.0,161.0,760.0,0.18
14928,Honda,vtr-f 250,2017,Naked Bike,249,30.0,V2,12.0,161.0,725.0,0.19
14980,Honda,wave 100,2013,Scooter,97,7.2,Single cylinder,3.7,90.7,751.0,0.08
14981,Honda,wave 100,2014,Scooter,97,7.2,Single cylinder,3.7,94.0,751.0,0.08
14982,Honda,wave 100r,2013,Scooter,97,7.3,Single cylinder,3.7,91.5,751.0,0.08
14983,Honda,wave 100r,2014,Scooter,97,7.3,Single cylinder,3.7,91.5,751.0,0.08
14984,Honda,wave 110 alpha,2015,Scooter,109,7.2,Single cylinder,3.7,94.0,765.0,0.08
14985,Honda,wave 110 r,2022,Scooter,110,8.2,Single cylinder,3.7,94.0,769.0,0.09
14987,Honda,wave 110i,2013,Scooter,110,9.4,Single cylinder,3.7,94.0,669.0,0.1
14988,Honda,wave 110i,2014,Scooter,109,9.4,Single cylinder,3.7,94.0,669.0,0.1
14989,Honda,wave 110i,2017,Scooter,109,8.4,Single cylinder,3.7,94.0,760.0,0.09
14990,Honda,wave 125,2013,Scooter,125,9.1,Single cylinder,3.7,100.7,767.0,0.09
14991,Honda,wave 125 alpha,2015,Scooter,125,9.1,Single cylinder,3.7,100.7,767.0,0.09
14992,Honda,wave dash 110,2013,Scooter,110,8.5,Single cylinder,3.7,94.0,669.0,0.09
14993,Honda,wave dash 110,2014,Scooter,110,8.5,Single cylinder,3.7,94.0,669.0,0.09
14994,Honda,wave dash 110,2015,Scooter,110,8.5,Single cylinder,3.7,94.0,669.0,0.09
15031,Honda,xl 125 varadero,2013,Sport,125,14.2,V2,16.8,152.0,800.0,0.09
15115,Honda,xl varadero 125,2012,Sport,125,14.2,V2,16.8,152.0,800.0,0.09
15120,Honda,xl1000v varadero,2011,Super Motard,996,92.5,V2,25.0,268.7,838.0,0.34
15121,Honda,xl1000v varadero,2012,Super Motard,996,92.5,V2,25.0,244.0,838.0,0.38
15122,Honda,xl1000v varadero,2013,Super Motard,996,92.5,V2,25.0,244.2,838.0,0.38
15125,Honda,xl125v varadero,2010,Sport,125,14.2,V2,16.8,152.0,800.0,0.09
15127,Honda,xl700v c-abs,2010,Enduro / Offroad,680,59.1,V2,17.5,221.0,841.0,0.27
15129,Honda,xl700v transalp,2011,Super Motard,680,59.1,V2,17.5,218.0,841.0,0.27
15130,Honda,xl700v transalp,2012,Super Motard,680,59.1,V2,17.5,218.0,841.0,0.27
15131,Honda,xl700v transalp abs,2010,Enduro / Offroad,680,59.1,V2,17.5,218.0,841.0,0.27
15144,Honda,xr 200,2013,Enduro / Offroad,197,12.1,Single cylinder,9.0,116.0,858.0,0.1
15145,Honda,xr 200,2014,Enduro / Offroad,197,12.1,Single cylinder,9.0,116.0,858.0,0.1
15201,Honda,xrm 125 dual sport,2013,Scooter,125,9.4,Single cylinder,3.8,99.0,776.0,0.09
15202,Honda,xrm 125 motard,2013,Scooter,125,9.4,Single cylinder,3.8,101.0,775.0,0.09
15203,Honda,xrm 125 off-road,2013,Scooter,125,9.6,Single cylinder,3.8,101.0,776.0,0.1
15205,Honda,xrm125 dsx,2015,Scooter,125,9.6,Single cylinder,3.8,99.0,776.0,0.1
15207,Honda,xrm125 dual sport,2015,Scooter,125,9.4,Single cylinder,3.8,99.0,776.0,0.09
15208,Honda,xrm125 motard,2015,Scooter,125,9.4,Single cylinder,3.8,101.0,775.0,0.09
15237,Honda,zoomer,2011,Scooter,50,4.0,Single cylinder,5.0,84.0,735.0,0.05
15238,Honda,zoomer,2012,Scooter,50,4.0,Single cylinder,5.0,84.0,735.0,0.05
15239,Honda,zoomer,2013,Scooter,49,4.0,Single cylinder,5.0,84.0,735.0,0.05
15240,Honda,zoomer,2015,Scooter,49,4.0,Single cylinder,5.0,84.0,735.0,0.05
15241,Honda,zoomer-x,2014,Scooter,108,8.2,Single cylinder,4.4,103.0,764.0,0.08
15242,Honda,zoomer-x,2015,Scooter,108,8.2,Single cylinder,4.4,103.0,764.0,0.08
15288,Horex,vr6 black edition,2016,Naked Bike,1218,167.0,V6,17.0,216.0,800.0,0.77
15289,Horex,vr6 cafe racer,2015,Naked Bike,1218,126.0,V6,17.0,249.0,800.0,0.51
15290,Horex,vr6 cafe racer,2016,Naked Bike,1218,160.0,V6,17.0,219.0,780.0,0.73
15519,Husqvarna,701 supermoto,2019,Super Motard,693,74.0,Single cylinder,13.0,145.0,890.0,0.51
15291,Horex,vr6 cafe racer,2017,Naked Bike,1218,160.0,V6,17.0,219.0,780.0,0.73
15292,Horex,vr6 cafe racer,2018,Naked Bike,1218,163.0,V6,17.0,219.0,780.0,0.74
15293,Horex,vr6 cafe racer,2019,Naked Bike,1218,161.0,V6,17.0,219.0,780.0,0.74
15294,Horex,vr6 cafe racer,2020,Naked Bike,1218,161.0,V6,17.0,219.0,780.0,0.74
15295,Horex,vr6 cafe racer,2021,Naked Bike,1218,161.0,V6,17.0,219.0,780.0,0.74
15296,Horex,vr6 cafe racer,2022,Naked Bike,1218,161.0,V6,17.0,219.0,740.0,0.74
15297,Horex,vr6 cafe racer hl,2018,Naked Bike,1218,163.0,V6,17.0,219.0,780.0,0.74
15298,Horex,vr6 cafe racer hl,2019,Naked Bike,1218,161.0,V6,17.0,219.0,780.0,0.74
15299,Horex,vr6 cafe racer hl,2021,Naked Bike,1218,161.0,V6,17.0,219.0,780.0,0.74
15300,Horex,vr6 classic,2014,Classic,1218,126.0,V6,17.0,265.0,800.0,0.48
15301,Horex,vr6 classic,2015,Classic,1218,126.0,V6,17.0,249.0,800.0,0.51
15302,Horex,vr6 classic,2016,Classic,1218,161.0,V6,17.0,249.0,800.0,0.65
15303,Horex,vr6 classic,2017,Classic,1218,161.0,V6,17.0,224.0,780.0,0.72
15304,Horex,vr6 classic,2018,Classic,1218,163.0,V6,17.0,224.0,780.0,0.73
15520,Husqvarna,701 supermoto,2020,Super Motard,693,74.0,Single cylinder,13.0,147.0,890.0,0.5
15305,Horex,vr6 classic,2019,Classic,1218,161.0,V6,17.0,224.0,780.0,0.72
15306,Horex,vr6 classic,2020,Allround,1218,161.0,V6,17.0,224.0,780.0,0.72
15307,Horex,vr6 classic,2021,Allround,1218,161.0,V6,17.0,224.0,780.0,0.72
15308,Horex,vr6 classic,2022,Allround,1218,161.0,V6,17.0,224.0,740.0,0.72
15309,Horex,vr6 classic hl,2018,Classic,1218,163.0,V6,17.0,224.0,780.0,0.73
15310,Horex,vr6 classic hl,2019,Classic,1218,161.0,V6,17.0,224.0,780.0,0.72
15311,Horex,vr6 classic hl,2021,Allround,1218,161.0,V6,17.0,224.0,780.0,0.72
15312,Horex,vr6 raw,2019,Classic,1218,161.0,V6,17.0,220.0,780.0,0.73
15313,Horex,vr6 raw,2020,Classic,1218,161.0,V6,17.0,220.0,780.0,0.73
15314,Horex,vr6 raw,2021,Custom / Cruiser,1218,161.0,V6,17.0,220.0,780.0,0.73
15315,Horex,vr6 raw,2022,Custom / Cruiser,1218,161.0,V6,17.0,220.0,740.0,0.73
15316,Horex,vr6 roadster,2011,Naked Bike,1218,200.0,V6,20.0,239.0,800.0,0.84
15317,Horex,vr6 roadster,2012,Naked Bike,1218,161.0,V6,20.0,250.0,800.0,0.64
15318,Horex,vr6 roadster,2013,Naked Bike,1218,161.0,V6,17.0,249.0,800.0,0.65
15319,Horex,vr6 roadster,2014,Naked Bike,1218,161.0,V6,17.0,249.0,800.0,0.65
15320,Horex,vr6 roadster,2015,Naked Bike,1218,161.0,V6,17.0,249.0,800.0,0.65
15321,Horex,vr6 silver edition,2016,Naked Bike,1218,167.0,V6,17.0,221.0,800.0,0.76
15322,Horex,vr6 snowdance,2016,Naked Bike,1218,167.0,V6,17.0,221.0,800.0,0.76
15337,Hunter,bobber 350,2020,Custom / Cruiser,320,22.8,Twin,13.5,166.0,680.0,0.14
15338,Hunter,bobber 350,2022,Custom / Cruiser,320,22.8,Twin,8.0,166.0,680.0,0.14
15339,Hunter,cafe racer,2020,Custom / Cruiser,320,25.5,Twin,14.0,160.0,780.0,0.16
15340,Hunter,cruiser 250,2020,Custom / Cruiser,234,20.1,Twin,13.5,160.0,700.0,0.13
15341,Hunter,daytona 350,2020,Allround,320,22.8,Twin,13.5,180.0,510.0,0.13
15342,Hunter,sniper tt350x,2020,Sport,320,25.5,Twin,16.0,165.0,780.0,0.15
15343,Hunter,spyder 350,2020,Custom / Cruiser,320,22.8,Twin,13.5,180.0,510.0,0.13
15344,Hunter,spyder 350,2021,Custom / Cruiser,320,22.8,Twin,13.5,180.0,510.0,0.13
15521,Husqvarna,701 supermoto,2021,Super Motard,693,73.8,Single cylinder,13.0,147.0,890.0,0.5
15549,Husqvarna,fc 250,2016,Cross / Motocross,250,46.0,Single cylinder,7.0,101.1,960.0,0.45
15550,Husqvarna,fc 250,2017,Cross / Motocross,250,46.0,Single cylinder,7.0,98.8,960.0,0.47
15551,Husqvarna,fc 250,2018,Cross / Motocross,250,46.0,Single cylinder,7.0,98.8,960.0,0.47
15552,Husqvarna,fc 250,2019,Cross / Motocross,250,46.0,Single cylinder,7.0,99.5,950.0,0.46
15553,Husqvarna,fc 250,2020,Cross / Motocross,250,46.0,Single cylinder,7.0,99.5,950.0,0.46
15554,Husqvarna,fc 250,2021,Cross / Motocross,250,46.0,Single cylinder,7.0,99.5,940.0,0.46
15555,Husqvarna,fc 250,2022,Cross / Motocross,250,46.0,Single cylinder,7.0,99.5,940.0,0.46
15556,Husqvarna,fc 350,2016,Cross / Motocross,350,58.0,Single cylinder,7.5,101.1,960.0,0.57
15557,Husqvarna,fc 350,2017,Cross / Motocross,350,58.0,Single cylinder,7.0,100.4,960.0,0.58
15558,Husqvarna,fc 350,2018,Cross / Motocross,350,58.0,Single cylinder,7.0,100.4,960.0,0.58
15559,Husqvarna,fc 350,2019,Cross / Motocross,350,58.0,Single cylinder,7.0,100.0,950.0,0.58
15560,Husqvarna,fc 350,2020,Cross / Motocross,350,58.0,Single cylinder,7.0,100.0,950.0,0.58
15561,Husqvarna,fc 350,2021,Cross / Motocross,350,58.0,Single cylinder,7.0,100.0,940.0,0.58
15562,Husqvarna,fc 350,2022,Cross / Motocross,350,58.0,Single cylinder,7.0,100.0,940.0,0.58
15563,Husqvarna,fc 450,2016,Cross / Motocross,449,63.0,Single cylinder,7.0,102.4,960.0,0.62
15564,Husqvarna,fc 450,2017,Cross / Motocross,449,63.0,Single cylinder,7.0,101.2,960.0,0.62
15565,Husqvarna,fc 450,2018,Cross / Motocross,449,63.0,Single cylinder,7.0,101.2,960.0,0.62
15566,Husqvarna,fc 450,2019,Cross / Motocross,450,63.0,Single cylinder,7.0,101.0,950.0,0.62
15567,Husqvarna,fc 450,2021,Cross / Motocross,450,63.0,Single cylinder,7.0,101.0,940.0,0.62
15568,Husqvarna,fc 450,2022,Cross / Motocross,450,63.0,Single cylinder,7.0,101.0,940.0,0.62
15569,Husqvarna,fc 450 rock star,2021,Cross / Motocross,450,63.0,Single cylinder,7.0,101.0,950.0,0.62
15571,Husqvarna,fc 450 rockstar edition,2019,Cross / Motocross,450,63.0,Single cylinder,7.0,101.0,950.0,0.62
15572,Husqvarna,fc 450 rockstar edition,2020,Cross / Motocross,450,63.0,Single cylinder,7.0,101.0,950.0,0.62
15574,Husqvarna,fc350,2014,Cross / Motocross,350,45.0,Single cylinder,7.5,106.4,970.0,0.42
15580,Husqvarna,fe 250,2021,Enduro / Offroad,250,46.0,Single cylinder,8.5,106.0,950.0,0.43
15581,Husqvarna,fe 250,2022,Enduro / Offroad,250,46.0,Single cylinder,9.0,106.0,950.0,0.43
15597,Husqvarna,fe 450,2021,Enduro / Offroad,450,63.0,Single cylinder,8.5,108.3,950.0,0.58
15598,Husqvarna,fe 450,2022,Enduro / Offroad,450,63.0,Single cylinder,9.0,108.3,950.0,0.58
15610,Husqvarna,fe350,2014,Enduro / Offroad,350,45.0,Single cylinder,9.5,109.2,970.0,0.41
15613,Husqvarna,fs 450,2016,Super Motard,449,63.0,Single cylinder,9.5,110.0,927.0,0.57
15614,Husqvarna,fs 450,2017,Super Motard,449,63.0,Single cylinder,9.5,110.0,927.0,0.57
15615,Husqvarna,fs 450,2018,Super Motard,449,63.0,Single cylinder,9.5,110.0,927.0,0.57
15616,Husqvarna,fs 450,2019,Super Motard,450,63.0,Single cylinder,9.5,102.9,890.0,0.61
15617,Husqvarna,fs 450,2020,Super Motard,450,63.0,Single cylinder,7.0,102.8,890.0,0.61
15618,Husqvarna,fs 450,2021,Super Motard,450,63.0,Single cylinder,7.0,102.8,890.0,0.61
15619,Husqvarna,fs 450,2022,Super Motard,450,63.0,Single cylinder,7.0,103.0,890.0,0.61
15620,Husqvarna,fx 350,2017,Enduro / Offroad,350,58.0,Single cylinder,8.5,100.6,960.0,0.58
15621,Husqvarna,fx 350,2018,Enduro / Offroad,350,58.0,Single cylinder,8.5,100.6,960.0,0.58
15622,Husqvarna,fx 350,2019,Enduro / Offroad,350,58.0,Single cylinder,8.5,100.6,950.0,0.58
15623,Husqvarna,fx 350,2020,Enduro / Offroad,350,58.0,Single cylinder,8.5,100.6,950.0,0.58
15624,Husqvarna,fx 350,2021,Enduro / Offroad,350,58.0,Single cylinder,8.5,100.5,950.0,0.58
15625,Husqvarna,fx 350,2022,Enduro / Offroad,350,58.0,Single cylinder,8.5,100.5,950.0,0.58
15626,Husqvarna,fx 450,2017,Enduro / Offroad,449,63.0,Single cylinder,8.5,101.6,970.0,0.62
15627,Husqvarna,fx 450,2018,Enduro / Offroad,449,63.0,Single cylinder,8.5,101.6,970.0,0.62
15628,Husqvarna,fx 450,2019,Enduro / Offroad,450,63.0,Single cylinder,8.5,101.6,950.0,0.62
15629,Husqvarna,fx 450,2020,Enduro / Offroad,450,63.0,Single cylinder,8.5,101.6,950.0,0.62
15630,Husqvarna,fx 450,2021,Enduro / Offroad,450,63.0,Single cylinder,8.5,101.3,950.0,0.62
15631,Husqvarna,fx 450,2022,Enduro / Offroad,450,63.0,Single cylinder,8.5,101.3,950.0,0.62
15638,Husqvarna,nuda 900,2012,Naked Bike,898,103.0,Twin,13.0,174.0,870.0,0.59
15639,Husqvarna,nuda 900,2013,Naked Bike,898,103.0,Twin,13.0,174.0,870.0,0.59
15640,Husqvarna,nuda 900,2014,Naked Bike,898,103.0,Twin,13.0,174.0,870.0,0.59
15641,Husqvarna,nuda 900r,2012,Super Motard,898,103.0,Twin,13.0,174.0,875.0,0.59
15642,Husqvarna,nuda 900r,2013,Super Motard,898,103.0,Twin,13.0,174.0,875.0,0.59
15643,Husqvarna,nuda 900r,2014,Naked Bike,898,103.0,Twin,13.0,174.0,870.0,0.59
15658,Husqvarna,sm 125s,2010,Super Motard,125,15.0,Single cylinder,9.5,113.5,870.0,0.13
15717,Husqvarna,svartpilen 125,2021,Enduro / Offroad,125,14.8,Single cylinder,9.5,146.0,835.0,0.1
15720,Husqvarna,svartpilen 401,2019,Allround,375,43.0,Single cylinder,9.5,150.0,835.0,0.29
15721,Husqvarna,svartpilen 401,2020,Allround,373,43.0,Single cylinder,9.5,152.0,835.0,0.28
15722,Husqvarna,svartpilen 401,2021,Allround,373,43.0,Single cylinder,9.5,152.0,835.0,0.28
15723,Husqvarna,svartpilen 701,2019,Allround,693,73.8,Single cylinder,12.0,158.5,835.0,0.47
15727,Husqvarna,tc 125,2017,Cross / Motocross,125,40.0,Single cylinder,7.0,87.4,960.0,0.46
15728,Husqvarna,tc 125,2018,Cross / Motocross,125,40.0,Single cylinder,7.0,87.4,960.0,0.46
15729,Husqvarna,tc 125,2019,Cross / Motocross,125,40.0,Single cylinder,8.0,87.5,950.0,0.46
15730,Husqvarna,tc 125,2020,Cross / Motocross,125,40.0,Single cylinder,8.0,87.5,950.0,0.46
15731,Husqvarna,tc 125,2021,Cross / Motocross,125,40.0,Single cylinder,8.0,87.5,940.0,0.46
15732,Husqvarna,tc 125,2022,Cross / Motocross,125,40.0,Single cylinder,8.0,87.5,940.0,0.46
15881,Husqvarna,tr650 terra,2014,Enduro / Offroad,652,58.0,Single cylinder,14.0,183.0,860.0,0.32
15883,Husqvarna,tx 125,2019,Enduro / Offroad,125,40.0,Single cylinder,10.0,92.0,950.0,0.43
15901,Husqvarna,vitpilen 401,2019,Allround,373,43.0,Single cylinder,9.5,148.0,835.0,0.29
15902,Husqvarna,vitpilen 401,2020,Allround,373,43.0,Single cylinder,9.5,151.0,835.0,0.28
15903,Husqvarna,vitpilen 701,2019,Prototype / Concept Model,693,75.0,Single cylinder,12.0,157.0,830.0,0.48
15904,Husqvarna,vitpilen 701,2020,Allround,693,75.0,Single cylinder,12.0,157.0,830.0,0.48
15954,Hyosung,aquila gv125s,2021,Custom / Cruiser,125,14.8,Twin,12.0,165.0,710.0,0.09
16007,Hyosung,gt125,2011,Sport,125,14.2,V2,17.0,167.0,795.0,0.09
16008,Hyosung,gt125,2012,Sport,125,14.2,V2,17.0,166.0,795.0,0.09
16009,Hyosung,gt125,2013,Sport,125,14.2,V2,17.0,167.0,795.0,0.09
16010,Hyosung,gt125 comet,2016,Sport,125,14.2,V2,17.0,150.0,795.0,0.09
16015,Hyosung,gt125r,2011,Sport,125,14.2,V2,17.0,166.0,780.0,0.09
16016,Hyosung,gt125r,2012,Sport,125,14.2,V2,17.0,166.0,780.0,0.09
16017,Hyosung,gt125r,2013,Sport,125,14.2,V2,17.0,166.0,780.0,0.09
16022,Hyosung,gt250,2011,Sport,249,27.0,V2,14.0,149.7,762.0,0.18
16023,Hyosung,gt250,2012,Sport,249,27.0,V2,14.0,149.7,762.0,0.18
16024,Hyosung,gt250,2013,Sport,249,27.0,V2,14.0,149.7,762.0,0.18
16025,Hyosung,gt250,2014,Sport,249,27.0,V2,14.0,149.7,762.0,0.18
16026,Hyosung,gt250,2017,Naked Bike,249,27.0,V2,17.0,170.0,830.0,0.16
16028,Hyosung,gt250p,2016,Naked Bike,249,27.0,V2,17.0,170.0,830.0,0.16
16032,Hyosung,gt250r,2011,Sport,249,27.0,V2,14.0,176.0,655.0,0.15
16033,Hyosung,gt250r,2012,Sport,249,27.0,V2,14.0,176.0,655.0,0.15
16034,Hyosung,gt250r,2013,Sport,249,27.0,V2,14.0,176.0,655.0,0.15
16035,Hyosung,gt250r,2014,Sport,249,27.0,V2,14.0,176.0,655.0,0.15
16036,Hyosung,gt250r,2016,Sport,249,27.0,V2,17.41,188.7,830.0,0.14
16037,Hyosung,gt250r,2017,Sport,249,27.0,V2,17.41,188.7,830.0,0.14
16038,Hyosung,gt250rc,2016,Sport,249,27.0,V2,17.0,188.0,830.0,0.14
16071,Hyosung,gv 250,2011,Custom / Cruiser,249,25.0,V2,14.0,166.9,709.0,0.15
16078,Hyosung,gv 300 s aquila,2022,Custom / Cruiser,296,29.4,V2,12.5,172.0,740.0,0.17
16082,Hyosung,gv 650 avitar,2011,Custom / Cruiser,647,79.0,V2,15.9,229.0,706.0,0.34
16085,Hyosung,gv 650 se,2011,Custom / Cruiser,647,79.0,V2,15.9,229.0,706.0,0.34
16086,Hyosung,gv 650p,2013,Custom / Cruiser,647,80.0,V2,16.0,218.0,706.0,0.37
16096,Hyosung,gv250,2012,Custom / Cruiser,249,25.0,V2,14.0,176.0,709.0,0.14
16097,Hyosung,gv250,2014,Custom / Cruiser,249,25.0,V2,14.0,176.0,709.0,0.14
16098,Hyosung,gv250,2016,Custom / Cruiser,249,25.0,V2,14.0,176.0,710.0,0.14
16099,Hyosung,gv250,2017,Custom / Cruiser,249,25.0,V2,14.0,176.0,710.0,0.14
16100,Hyosung,gv250 aquila,2013,Custom / Cruiser,249,25.0,V2,14.0,176.0,709.0,0.14
16103,Hyosung,gv650,2012,Custom / Cruiser,647,79.0,V2,15.9,229.0,706.0,0.34
16104,Hyosung,gv650,2014,Custom / Cruiser,647,79.0,V2,15.9,229.0,706.0,0.34
16106,Hyosung,gv650 aquila pro,2013,Custom / Cruiser,647,79.0,V2,15.9,229.0,706.0,0.34
16107,Hyosung,gv650 pro,2017,Custom / Cruiser,647,79.0,V2,16.0,232.0,690.0,0.34
16109,Hyosung,gv650p,2016,Custom / Cruiser,647,79.0,V2,16.0,232.0,690.0,0.34
16128,Hyosung,ms3-125,2011,Scooter,124,13.0,Single cylinder,7.87,160.0,700.0,0.08
16130,Hyosung,ms3-250,2011,Scooter,249,25.0,Single cylinder,7.87,154.7,749.0,0.16
16131,Hyosung,ms3-250,2013,Scooter,249,25.0,Single cylinder,7.87,154.7,749.0,0.16
16132,Hyosung,ms3-250,2014,Scooter,249,25.0,Single cylinder,7.87,154.7,749.0,0.16
16133,Hyosung,prima,2013,Scooter,49,5.0,Single cylinder,4.73,88.0,737.0,0.06
16134,Hyosung,prima,2014,Scooter,49,5.0,Single cylinder,4.73,88.0,737.0,0.06
16136,Hyosung,rally,2013,Scooter,49,5.0,Single cylinder,4.73,88.0,754.0,0.06
16137,Hyosung,rally,2014,Scooter,49,5.0,Single cylinder,4.73,88.0,754.0,0.06
16164,Hyosung,sb50zr sense,2011,Scooter,49,4.0,Single cylinder,4.69,79.8,749.0,0.05
16169,Hyosung,sense,2013,Scooter,49,4.0,Single cylinder,4.69,79.8,749.0,0.05
16170,Hyosung,sense,2014,Scooter,49,4.0,Single cylinder,4.69,79.8,749.0,0.05
16182,Hyosung,sf50r rally,2011,Scooter,49,5.0,Single cylinder,4.73,88.0,754.0,0.06
16184,Hyosung,st 700i,2018,Custom / Cruiser,678,63.0,V2,17.0,244.0,675.0,0.26
16185,Hyosung,st 700i,2019,Custom / Cruiser,678,63.0,V2,17.0,244.0,675.0,0.26
16188,Hyosung,st7,2012,Custom / Cruiser,678,79.0,V2,17.03,244.0,675.0,0.32
16189,Hyosung,st7,2013,Custom / Cruiser,678,79.0,V2,17.03,244.0,675.0,0.32
16190,Hyosung,st7,2014,Custom / Cruiser,678,79.0,V2,17.03,244.0,675.0,0.32
16191,Hyosung,st7,2016,Custom / Cruiser,678,79.0,V2,17.03,244.0,675.0,0.32
16192,Hyosung,st7,2017,Custom / Cruiser,678,79.0,V2,17.03,244.0,675.0,0.32
16193,Hyosung,st7 d,2016,Custom / Cruiser,678,79.0,V2,17.03,244.0,675.0,0.32
16194,Hyosung,st7 deluxe,2013,Custom / Cruiser,678,79.0,V2,17.03,244.0,675.0,0.32
16195,Hyosung,st7 deluxe,2014,Custom / Cruiser,678,79.0,V2,17.03,244.0,675.0,0.32
16196,Hyosung,st7 deluxe,2017,Custom / Cruiser,678,79.0,V2,17.03,244.0,675.0,0.32
16206,Hyosung,te450s,2014,Atv,449,52.0,Single cylinder,7.87,211.8,889.0,0.25
16217,Ice Bear,150-19n trike,2016,Allround,150,8.2,Single cylinder,6.81,161.0,559.0,0.05
16218,Ice Bear,ace 50 trike,2016,Allround,50,1.9,Single cylinder,4.54,119.8,790.0,0.02
16219,Ice Bear,cyclone 150 trike,2016,Touring,150,8.2,Single cylinder,12.87,160.1,699.0,0.05
16220,Ice Bear,elf 50 trike,2016,Allround,50,1.9,Single cylinder,4.54,119.8,770.0,0.02
16221,Ice Bear,hawk 150 trike,2016,Allround,150,8.2,Single cylinder,6.43,200.0,859.0,0.04
16223,Ice Bear,magnum 300 trike,2016,Touring,276,17.7,Single cylinder,12.11,200.0,919.0,0.09
16225,Ice Bear,mojo 150 trike,2016,Allround,150,8.2,Single cylinder,4.54,145.2,909.0,0.06
16226,Ice Bear,mojo 50 trike,2016,Allround,50,1.9,Single cylinder,4.54,119.8,909.0,0.02
16227,Ice Bear,monkey blade,2016,"Minibike, Cross",107,8.1,Single cylinder,9.46,60.8,678.0,0.13
16229,Ice Bear,pluto 50 trike,2016,Allround,50,1.9,Single cylinder,6.06,129.7,729.0,0.01
16231,Ice Bear,pst50-19n trike,2016,Allround,50,1.9,Single cylinder,6.81,139.7,559.0,0.01
16232,Ice Bear,q6 50 trike,2016,Allround,50,1.9,Single cylinder,4.54,140.0,780.0,0.01
16233,Ice Bear,road warrrior 250 trike,2016,Custom / Cruiser,248,17.4,Single cylinder,8.33,249.9,688.0,0.07
16234,Ice Bear,tornado 300 trike,2016,Touring,150,8.2,Single cylinder,12.87,240.0,699.0,0.03
16235,Ice Bear,viking 150 trike,2016,Allround,150,8.2,Single cylinder,6.81,161.0,749.0,0.05
16236,Ice Bear,zodiac 300 trike,2016,Touring,276,17.7,Single cylinder,12.11,259.9,818.0,0.07
16275,Indian,challenger,2020,Custom / Cruiser,1770,122.0,V2,22.7,361.0,672.0,0.34
16276,Indian,challenger,2021,Custom / Cruiser,1770,122.0,V2,22.7,361.0,672.0,0.34
16277,Indian,challenger,2022,Custom / Cruiser,1768,122.0,V2,22.7,361.0,672.0,0.34
16278,Indian,challenger dark horse,2020,Custom / Cruiser,1770,122.0,V2,22.7,361.0,672.0,0.34
16279,Indian,challenger dark horse,2021,Custom / Cruiser,1770,122.0,V2,22.7,361.0,672.0,0.34
16280,Indian,challenger dark horse,2022,Custom / Cruiser,1768,122.0,V2,22.7,361.0,672.0,0.34
16281,Indian,challenger limited,2020,Custom / Cruiser,1770,122.0,V2,22.7,365.0,672.0,0.33
16282,Indian,challenger limited,2021,Custom / Cruiser,1770,122.0,V2,22.7,365.0,672.0,0.33
16283,Indian,challenger limited,2022,Custom / Cruiser,1768,122.0,V2,22.7,365.0,672.0,0.33
16337,Indian,chief vintage,2017,Classic,1811,75.0,V2,20.8,374.0,692.0,0.2
16365,Indian,chieftain limited,2021,Custom / Cruiser,1901,92.0,V2,20.8,362.0,650.0,0.25
16366,Indian,chieftain limited,2022,Custom / Cruiser,1890,92.0,V2,20.8,359.0,650.0,0.26
16373,Indian,ftr,2022,Custom / Cruiser,1203,123.0,V2,12.9,218.0,840.0,0.56
16374,Indian,ftr 1200,2019,Custom / Cruiser,1203,123.0,V2,12.9,230.0,840.0,0.53
16375,Indian,ftr 1200,2020,Custom / Cruiser,1203,123.0,V2,12.9,221.0,840.0,0.56
16376,Indian,ftr 1200,2021,Custom / Cruiser,1203,123.0,V2,12.9,221.0,840.0,0.56
16377,Indian,ftr 1200 r carbon,2021,Custom / Cruiser,1203,123.0,V2,12.9,217.3,780.0,0.57
16378,Indian,ftr 1200 r carbon,2022,Custom / Cruiser,1203,120.0,V2,12.9,217.3,780.0,0.55
16379,Indian,ftr 1200 s,2019,Custom / Cruiser,1203,123.0,V2,12.9,226.0,840.0,0.54
16380,Indian,ftr 1200 s,2020,Custom / Cruiser,1203,123.0,V2,12.9,226.0,840.0,0.54
16381,Indian,ftr 1200 s,2021,Custom / Cruiser,1203,123.0,V2,12.9,225.4,840.0,0.55
16382,Indian,ftr rally,2020,Custom / Cruiser,1203,123.0,V2,13.0,232.0,840.0,0.53
16383,Indian,ftr rally,2021,Custom / Cruiser,1203,123.0,V2,13.0,232.0,840.0,0.53
16384,Indian,ftr rally,2022,Custom / Cruiser,1203,120.0,V2,12.9,225.0,815.0,0.53
16385,Indian,ftr s,2022,Custom / Cruiser,1203,123.0,V2,12.9,218.0,840.0,0.56
16415,Indian,roadmaster,2021,Touring,1901,92.0,V2,20.8,405.0,673.0,0.23
16416,Indian,roadmaster,2022,Touring,1890,92.0,V2,20.8,398.0,673.0,0.23
16419,Indian,roadmaster dark horse,2021,Touring,1901,92.0,V2,20.8,398.0,673.0,0.23
16420,Indian,roadmaster dark horse,2022,Touring,1890,92.0,V2,20.8,389.0,673.0,0.24
16422,Indian,roadmaster elite,2021,Touring,1901,92.0,V2,20.8,405.0,673.0,0.23
16423,Indian,roadmaster limited,2021,Touring,1901,92.0,V2,20.8,389.0,673.0,0.24
16424,Indian,roadmaster limited,2022,Touring,1890,92.0,V2,20.8,389.0,673.0,0.24
16427,Indian,scout,2015,Custom / Cruiser,1131,100.0,V2,12.49,244.0,643.0,0.41
16428,Indian,scout,2016,Custom / Cruiser,1131,100.0,V2,12.49,247.0,643.0,0.4
16429,Indian,scout,2017,Custom / Cruiser,1131,100.0,V2,12.49,247.0,643.0,0.4
16432,Indian,scout,2020,Custom / Cruiser,1133,100.0,V2,12.5,242.0,656.0,0.41
16433,Indian,scout,2021,Custom / Cruiser,1133,100.0,V2,12.5,246.0,656.0,0.41
16434,Indian,scout,2022,Custom / Cruiser,1133,100.0,V2,12.5,245.0,649.0,0.41
16435,Indian,scout 100th anniversary edition,2020,Custom / Cruiser,1133,100.0,V2,12.5,256.0,695.0,0.39
16445,Indian,scout bobber,2020,Custom / Cruiser,1133,100.0,V2,12.5,250.0,649.0,0.4
16446,Indian,scout bobber,2021,Custom / Cruiser,1133,100.0,V2,12.5,242.0,649.0,0.41
16447,Indian,scout bobber,2022,Custom / Cruiser,1133,100.0,V2,12.5,242.0,649.0,0.41
16449,Indian,scout bobber sixty,2021,Custom / Cruiser,999,78.0,V2,12.5,240.0,649.0,0.32
16450,Indian,scout bobber sixty,2022,Custom / Cruiser,999,78.0,V2,12.5,240.0,649.0,0.32
16452,Indian,scout bobber twenty,2021,Custom / Cruiser,1133,100.0,V2,12.5,254.0,649.0,0.39
16453,Indian,scout bobber twenty,2022,Custom / Cruiser,1133,100.0,V2,12.5,248.0,649.0,0.4
16454,Indian,scout sixty,2016,Custom / Cruiser,1000,78.0,V2,12.49,246.0,643.0,0.32
16455,Indian,scout sixty,2017,Custom / Cruiser,983,78.0,V2,12.5,242.0,643.0,0.32
16456,Indian,scout sixty,2018,Custom / Cruiser,983,78.0,V2,12.5,246.0,643.0,0.32
16457,Indian,scout sixty,2019,Custom / Cruiser,1000,78.0,V2,12.5,246.0,656.0,0.32
16458,Indian,scout sixty,2020,Custom / Cruiser,999,78.0,V2,12.5,245.0,650.0,0.32
16459,Indian,scout sixty,2021,Custom / Cruiser,999,78.0,V2,12.5,238.0,650.0,0.33
16460,Indian,scout sixty,2022,Custom / Cruiser,999,78.0,V2,12.5,237.0,650.0,0.33
16461,Indian,scout sixty abs,2020,Custom / Cruiser,999,78.0,V2,12.5,245.0,650.0,0.32
16488,Indian,springfield,2021,Touring,1811,92.0,V2,20.8,362.0,660.0,0.25
16489,Indian,springfield,2022,Touring,1811,92.0,V2,20.8,362.0,660.0,0.25
16493,Indian,springfield dark horse,2021,Touring,1890,92.0,V2,20.8,344.0,660.0,0.27
16494,Indian,springfield dark horse,2022,Touring,1890,92.0,V2,20.8,344.0,650.0,0.27
16498,Indian,vintage,2021,Custom / Cruiser,1811,92.0,V2,20.8,365.0,660.0,0.25
16499,Indian,vintage dark horse,2021,Custom / Cruiser,1811,92.0,V2,20.8,342.0,660.0,0.27
16521,Irbis,ttr 223r,2020,Enduro / Offroad,223,15.6,Single cylinder,11.36,125.0,889.0,0.12
16522,Italika,125 z,2020,Sport,124,10.8,Single cylinder,15.5,111.0,770.0,0.1
16523,Italika,150 sz,2020,Sport,149,14.0,Single cylinder,14.0,116.5,700.0,0.12
16524,Italika,150 z,2020,Sport,150,14.0,Single cylinder,14.0,120.0,770.0,0.12
16525,Italika,200z,2020,Sport,196,16.0,Single cylinder,17.0,125.0,780.0,0.13
16526,Italika,250 z,2020,Sport,250,17.9,Single cylinder,11.0,130.0,780.0,0.14
16527,Italika,at110,2020,Sport,107,6.5,Single cylinder,8.0,87.0,775.0,0.07
16528,Italika,at110 rt,2020,Sport,107,7.2,Single cylinder,8.0,87.5,769.0,0.08
16531,Italika,d125,2020,Scooter,125,7.9,Single cylinder,4.5,77.0,750.0,0.1
16532,Italika,d150,2020,Scooter,150,8.3,Single cylinder,4.0,86.0,750.0,0.1
16533,Italika,d150,2021,Scooter,150,8.3,Single cylinder,4.0,86.0,750.0,0.1
16534,Italika,dm 150,2020,Super Motard,149,13.2,Single cylinder,11.0,121.0,830.0,0.11
16535,Italika,dm 150 sport,2020,Enduro / Offroad,149,12.8,Single cylinder,12.0,130.0,830.0,0.1
16536,Italika,dm 200,2020,Enduro / Offroad,198,15.5,Single cylinder,11.0,121.0,840.0,0.13
16537,Italika,dm125,2020,Super Motard,124,9.7,Single cylinder,6.0,109.0,780.0,0.09
16538,Italika,dm200 sport,2020,Enduro / Offroad,198,15.5,Single cylinder,11.0,139.0,850.0,0.11
16539,Italika,dm250,2020,Enduro / Offroad,250,16.2,Single cylinder,11.0,123.0,870.0,0.13
16540,Italika,ds125,2020,Scooter,125,7.9,Single cylinder,4.5,102.0,720.0,0.08
16541,Italika,ds150g,2020,Scooter,150,8.3,Single cylinder,6.0,112.0,810.0,0.07
16542,Italika,dt 110 delivery,2020,Allround,107,7.0,Single cylinder,8.0,90.0,715.0,0.08
16543,Italika,dt 110 delivery,2021,Allround,107,7.0,Single cylinder,8.0,90.0,715.0,0.08
16544,Italika,dt 200 sport,2020,Sport,198,17.4,Single cylinder,16.0,124.5,770.0,0.14
16545,Italika,dt 50clasica,2020,Allround,149,14.4,Single cylinder,12.5,98.0,750.0,0.15
16546,Italika,dt125 clÃ¡sica,2020,Allround,124,12.0,Single cylinder,12.5,90.0,750.0,0.13
16547,Italika,dt125 delivery,2020,Allround,124,12.0,Single cylinder,12.5,98.0,750.0,0.12
16548,Italika,dt125sport,2020,Sport,124,12.0,Single cylinder,12.5,98.0,750.0,0.12
16549,Italika,dt150 delivery,2020,Allround,149,14.4,Single cylinder,12.5,98.0,750.0,0.15
16550,Italika,dt150 sport,2020,Sport,149,13.5,Single cylinder,17.0,113.0,770.0,0.12
16551,Italika,dt250sport,2020,Naked Bike,250,18.0,Single cylinder,16.0,124.5,770.0,0.14
16552,Italika,fiera 150,2020,Sport,149,12.0,Single cylinder,15.0,117.0,770.0,0.1
16554,Italika,ft115,2020,Allround,107,7.0,Single cylinder,8.0,90.0,715.0,0.08
16555,Italika,ft150 heavy duty,2020,Allround,149,12.6,Single cylinder,14.0,117.0,800.0,0.11
16556,Italika,ft180 ts,2020,Sport,175,15.8,Single cylinder,17.0,118.0,770.0,0.13
16558,Italika,modena 175,2020,Scooter,169,10.0,Single cylinder,6.5,102.0,780.0,0.1
16559,Italika,rc125,2020,Allround,124,11.3,Single cylinder,9.5,106.0,750.0,0.11
16560,Italika,rc150,2020,Allround,149,11.4,Single cylinder,15.5,125.0,680.0,0.09
16561,Italika,rc200,2020,Allround,200,14.8,Single cylinder,16.0,126.0,735.0,0.12
16562,Italika,rt200,2020,Sport,200,14.7,Single cylinder,16.0,130.0,780.0,0.11
16563,Italika,rt250,2020,Sport,250,17.3,Single cylinder,16.0,128.0,780.0,0.14
16564,Italika,rt250,2021,Sport,250,17.3,Single cylinder,16.0,128.0,780.0,0.14
16565,Italika,spitfire 200,2020,Allround,200,15.0,Single cylinder,16.2,109.0,780.0,0.14
16566,Italika,tc250,2020,Custom / Cruiser,250,17.8,Single cylinder,15.0,141.0,720.0,0.13
16567,Italika,v0rt-x200,2020,Naked Bike,199,20.0,Single cylinder,12.5,148.0,830.0,0.14
16568,Italika,v0rt-x300,2020,Naked Bike,292,26.8,Single cylinder,15.0,140.0,780.0,0.19
16569,Italika,v0rt-x650,2020,Naked Bike,652,49.6,Single cylinder,13.0,168.0,815.0,0.3
16570,Italika,v200,2020,Sport Touring,200,15.0,Single cylinder,14.0,156.0,780.0,0.1
16571,Italika,vitala 150,2020,Scooter,149,8.4,Single cylinder,5.0,97.0,780.0,0.09
16572,Italika,vitala 25,2020,Scooter,125,7.9,Single cylinder,4.5,83.0,730.0,0.1
16573,Italika,vrex,2020,"Minibike, Sport",80,2.5,Single cylinder,1.5,62.0,720.0,0.04
16574,Italika,vx250efi,2020,Sport Touring,250,24.8,Single cylinder,15.0,175.0,895.0,0.14
16575,Italika,ws150sport,2020,Scooter,150,8.6,Single cylinder,5.5,114.0,800.0,0.08
16576,Italika,ws175sport,2020,Scooter,169,9.4,Single cylinder,5.5,114.5,800.0,0.08
16577,Italika,xs150,2020,Scooter,150,8.3,Single cylinder,6.0,110.0,770.0,0.08
16578,Italika,xt110,2020,Sport,107,6.5,Single cylinder,3.5,87.0,775.0,0.07
16582,Italjet,dragster,2020,Scooter,125,14.9,Single cylinder,7.0,108.0,770.0,0.14
16586,Italjet,dragster 200,2019,Scooter,200,19.8,Single cylinder,9.0,112.0,770.0,0.18
16625,Italmoto,tiquattro 125,2021,Sport,125,9.8,Single cylinder,13.0,126.0,1060.0,0.08
16669,Izuka,iz180r,2020,Naked Bike,175,13.4,Single cylinder,12.0,138.0,775.0,0.1
16670,Izuka,iz250,2020,Naked Bike,249,25.0,Single cylinder,13.5,142.0,790.0,0.18
16724,Janus,gryffin 250,2020,Allround,229,14.0,Single cylinder,7.57,120.7,838.0,0.12
16725,Janus,gryffin 250,2021,Allround,229,14.0,Single cylinder,7.57,120.7,838.0,0.12
16726,Janus,halcyon 250,2020,Allround,229,14.0,Single cylinder,7.34,119.3,787.0,0.12
16727,Janus,halcyon 250,2021,Allround,229,14.0,Single cylinder,7.34,119.3,787.0,0.12
16728,Janus,halcyon 450,2021,Allround,445,30.0,Single cylinder,7.57,160.6,762.0,0.19
16729,Janus,phoenix 250,2020,Allround,229,14.0,Single cylinder,8.71,121.1,787.0,0.12
16730,Janus,phoenix 250,2021,Allround,229,14.0,Single cylinder,8.71,121.1,787.0,0.12
16765,Jawa,350 ohc,2021,Custom / Cruiser,350,27.4,Twin,12.5,160.0,760.0,0.17
16830,Jawa,rvm 500,2021,Sport,471,43.6,Single cylinder,20.0,206.0,820.0,0.21
16838,Jawa-Cz,125,2013,Sport,124,12.6,Single cylinder,17.0,115.0,820.0,0.11
16839,Jawa-Cz,125,2014,Sport,124,12.6,Single cylinder,17.0,115.0,820.0,0.11
16851,Jawa-Cz,125 sport,2010,Sport,124,12.6,Single cylinder,6.5,99.0,830.0,0.13
16856,Jawa-Cz,125 travel,2012,Sport,124,12.6,Single cylinder,17.0,115.0,820.0,0.11
16864,Jawa-Cz,250,2013,Sport,234,17.4,Twin,17.0,139.0,820.0,0.13
16865,Jawa-Cz,250,2014,Sport,234,17.4,Twin,17.0,139.0,820.0,0.13
16869,Jawa-Cz,350,2013,Sport,344,22.8,Twin,17.0,149.0,820.0,0.15
16870,Jawa-Cz,350,2014,Sport,344,22.8,Twin,17.0,149.0,820.0,0.15
16877,Jawa-Cz,350 military,2017,Sport,344,22.8,Twin,17.0,154.0,820.0,0.15
16881,Jawa-Cz,350 retro,2017,Classic,344,22.8,Twin,17.0,154.0,820.0,0.15
16886,Jawa-Cz,350 style,2017,Sport,344,22.8,Twin,17.0,149.0,820.0,0.15
16887,Jawa-Cz,350 style,2019,Sport,344,22.8,Twin,17.0,154.0,820.0,0.15
16897,Jawa-Cz,50 robby,2010,Sport,50,3.0,Single cylinder,6.5,87.0,730.0,0.03
16898,Jawa-Cz,50 robby,2012,Sport,50,3.0,Single cylinder,6.5,87.0,730.0,0.03
16899,Jawa-Cz,50 robby,2013,Sport,50,3.0,Single cylinder,6.5,87.0,730.0,0.03
16900,Jawa-Cz,50 robby,2014,Sport,50,3.0,Single cylinder,6.5,87.0,730.0,0.03
16909,Jawa-Cz,650 police,2011,Classic,652,47.5,Single cylinder,14.2,180.0,712.0,0.26
16913,Jawa-Cz,660,2013,Super Motard,652,47.5,Single cylinder,17.0,195.0,860.0,0.24
16914,Jawa-Cz,660,2014,Super Motard,652,47.5,Single cylinder,17.0,195.0,860.0,0.24
16915,Jawa-Cz,660 sportard,2017,Super Motard,660,48.3,Single cylinder,17.0,195.0,860.0,0.25
16916,Jawa-Cz,660 sportard,2019,Super Motard,660,48.3,Single cylinder,15.0,198.0,825.0,0.24
16917,Jawa-Cz,660 sportard,2020,Super Motard,660,48.3,Single cylinder,15.0,198.0,825.0,0.24
16918,Jawa-Cz,660 sportard adenium,2017,Allround,660,48.3,Single cylinder,15.0,196.0,825.0,0.25
16919,Jawa-Cz,660 sportard adenium,2019,Allround,660,48.3,Single cylinder,15.0,198.0,825.0,0.24
16940,Jianshe,js150-7f,2014,Custom / Cruiser,145,10.9,Single cylinder,10.5,155.0,715.0,0.07
16941,Jianshe,js150-a-f3,2012,Custom / Cruiser,147,13.7,Single cylinder,12.0,155.0,715.0,0.09
16943,Jianshe,js400atv,2011,Atv,398,21.5,Single cylinder,14.0,270.0,860.0,0.08
17002,Johnny Pag,falcon 320i,2013,Sport,320,23.8,Twin,13.24,189.6,508.0,0.13
17011,Johnny Pag,pro street,2010,Custom / Cruiser,300,23.8,Twin,13.24,163.3,508.0,0.15
17017,Johnny Pag,rx 320i,2013,Allround,320,23.8,Twin,13.24,189.6,508.0,0.13
17051,Junak,104,2020,Scooter,49,3.1,Single cylinder,5.5,83.0,780.0,0.04
17052,Junak,121 fl,2020,Naked Bike,125,10.7,Single cylinder,18.0,130.0,780.0,0.08
17053,Junak,125 racer,2020,Naked Bike,125,10.7,Single cylinder,20.0,130.0,780.0,0.08
17054,Junak,125 s,2020,Naked Bike,125,10.7,Single cylinder,18.0,130.0,775.0,0.08
17055,Junak,126 cm,2020,Naked Bike,125,10.7,Single cylinder,15.0,131.0,770.0,0.08
17056,Junak,607,2020,Scooter,49,3.1,Single cylinder,6.0,105.0,785.0,0.03
17057,Junak,609 125,2020,Scooter,124,8.5,Single cylinder,4.6,107.0,785.0,0.08
17058,Junak,711,2020,Scooter,125,10.2,Single cylinder,13.0,146.0,760.0,0.07
17059,Junak,805,2020,Scooter,49,3.3,Single cylinder,6.0,91.0,810.0,0.04
17060,Junak,806 125,2020,Scooter,124,10.5,Single cylinder,6.3,114.0,810.0,0.09
17061,Junak,901,2020,Sport,49,3.3,Single cylinder,18.5,125.0,780.0,0.03
17062,Junak,902,2020,Sport,49,3.3,Single cylinder,15.0,104.0,750.0,0.03
17064,Junak,905,2020,Naked Bike,49,3.8,Single cylinder,12.5,121.0,770.0,0.03
17065,Junak,905 f,2020,Naked Bike,49,3.8,Single cylinder,12.5,121.0,770.0,0.03
17067,Junak,furious,2020,Sport,49,4.1,Single cylinder,13.5,112.0,780.0,0.04
17068,Junak,johnny 108,2020,Scooter,49,2.9,Single cylinder,5.5,83.0,780.0,0.03
17069,Junak,m 12 125,2020,Custom / Cruiser,124,9.9,Single cylinder,13.5,142.0,730.0,0.07
17071,Junak,m11 125 cafe,2020,Naked Bike,125,10.5,Twin,14.0,150.0,690.0,0.07
17072,Junak,m12 vintage 125,2020,Allround,125,10.5,Single cylinder,13.5,140.0,750.0,0.08
17073,Junak,m14 125,2020,Allround,125,10.5,Twin,15.0,155.0,690.0,0.07
17074,Junak,m15 125,2020,Allround,125,19.0,Twin,13.0,188.0,720.0,0.1
17075,Junak,m16 125,2020,Custom / Cruiser,124,10.5,Twin,14.0,185.0,720.0,0.06
17076,Junak,raw 50,2020,Sport,49,3.1,Single cylinder,12.8,112.0,730.0,0.03
17077,Junak,rsk 125,2020,Sport,125,10.5,Single cylinder,13.5,141.0,760.0,0.07
17078,Junak,rx one 125,2020,Sport,125,10.2,Single cylinder,14.0,162.0,790.0,0.06
17079,Junak,vintage 125,2020,Scooter,124,11.9,Single cylinder,4.6,102.0,785.0,0.12
17080,Junak,vintage 50,2020,Scooter,49,3.1,Single cylinder,4.6,95.0,785.0,0.03
17091,Kasinski,comet  250 efi,2010,Naked Bike,249,27.8,V2,17.0,160.0,795.0,0.17
17093,Kasinski,comet gtr 250 efi,2010,Sport,249,28.8,V2,17.0,173.0,780.0,0.17
17094,Kasinski,comet gtr 650 efi,2010,Sport,647,89.6,V2,17.03,198.0,780.0,0.45
17097,Kasinski,mirage 150,2010,Custom / Cruiser,149,14.4,Single cylinder,13.0,125.0,700.0,0.12
17098,Kasinski,mirage 250 efi,2010,Custom / Cruiser,249,27.8,V2,14.0,169.0,700.0,0.16
17099,Kasinski,mirage 650,2010,Custom / Cruiser,647,80.7,V2,16.0,214.0,705.0,0.38
17117,Kawasaki,1400 gtr,2012,Sport Touring,1352,152.0,In-line four,22.0,300.0,815.0,0.51
17123,Kawasaki,1400 gtr grand tourer,2011,Touring,1352,152.0,In-line four,22.0,278.0,815.0,0.55
17125,Kawasaki,1400gtr grand tourer,2012,Sport Touring,1352,152.0,In-line four,22.0,300.0,815.0,0.51
17126,Kawasaki,1400gtr grand tourer,2013,Sport Touring,1352,152.0,In-line four,22.0,300.0,815.0,0.51
17127,Kawasaki,1400gtr grand tourer,2014,Sport Touring,1352,152.0,In-line four,22.0,303.0,815.0,0.5
17134,Kawasaki,250 tr,2012,Enduro / Offroad,249,25.5,Single cylinder,6.6,146.0,775.0,0.17
17135,Kawasaki,250tr,2011,Enduro / Offroad,249,25.5,Single cylinder,6.6,146.0,775.0,0.17
17136,Kawasaki,250tr,2013,Enduro / Offroad,249,25.5,Single cylinder,6.6,146.0,775.0,0.17
17137,Kawasaki,250tr,2014,Enduro / Offroad,249,25.5,Single cylinder,6.6,146.0,775.0,0.17
20023,Ktm,1050 adventure,2015,Allround,1050,94.0,Twin,23.0,212.0,850.0,0.44
20024,Ktm,1050 adventure,2016,Allround,1050,95.0,Twin,23.0,212.0,850.0,0.45
17252,Kawasaki,d-tracker,2016,Super Motard,144,12.0,Single cylinder,6.9,120.0,840.0,0.1
17253,Kawasaki,d-tracker,2017,Super Motard,144,12.0,Single cylinder,6.9,120.0,840.0,0.1
17255,Kawasaki,d-tracker 125,2011,Super Motard,125,10.2,Single cylinder,7.0,114.0,805.0,0.09
17256,Kawasaki,d-tracker 125,2012,Super Motard,125,10.2,Single cylinder,7.0,114.0,805.0,0.09
17257,Kawasaki,d-tracker 125,2013,Super Motard,125,10.1,Single cylinder,7.0,113.0,805.0,0.09
17258,Kawasaki,d-tracker 125,2015,Super Motard,125,10.3,Single cylinder,7.0,113.0,805.0,0.09
17259,Kawasaki,d-tracker 150,2014,Super Motard,144,11.7,Single cylinder,7.0,113.0,805.0,0.1
17262,Kawasaki,d-tracker x,2013,Super Motard,249,24.1,Single cylinder,7.0,129.0,860.0,0.19
17263,Kawasaki,d-tracker x,2014,Super Motard,249,24.1,Single cylinder,7.3,129.0,860.0,0.19
17264,Kawasaki,d-tracker x,2015,Super Motard,249,24.1,Single cylinder,7.3,129.0,860.0,0.19
17265,Kawasaki,d-tracker x,2017,Super Motard,249,24.1,Single cylinder,7.7,138.0,860.0,0.17
17266,Kawasaki,d-tracker x final edition,2018,Super Motard,249,24.1,Single cylinder,7.7,138.0,860.0,0.17
17348,Kawasaki,er-6n,2015,Naked Bike,649,72.0,Twin,16.0,204.0,805.0,0.35
20025,Ktm,1090 adventure,2017,Allround,1050,125.0,Twin,23.0,205.0,850.0,0.61
17758,Kawasaki,klx 125,2011,Enduro / Offroad,125,10.2,Single cylinder,7.0,113.0,830.0,0.09
17759,Kawasaki,klx 125,2012,Enduro / Offroad,125,10.2,Single cylinder,7.0,113.0,830.0,0.09
20026,Ktm,1090 adventure,2018,Allround,1050,125.0,Twin,23.0,205.0,850.0,0.61
20027,Ktm,1090 adventure,2019,Sport Touring,1090,123.0,V2,23.0,205.0,850.0,0.6
17905,Kawasaki,ksr pro,2016,"Minibike, Sport",111,8.7,Single cylinder,7.3,94.0,750.0,0.09
17915,Kawasaki,kvf360 4x4,2012,Atv,362,21.1,Single cylinder,13.5,274.5,904.0,0.08
17918,Kawasaki,kvf650 4x4,2012,Atv,633,41.4,V2,18.0,273.0,904.0,0.15
17953,Kawasaki,kx 250f,2010,Cross / Motocross,249,27.0,Single cylinder,7.94,137.0,955.0,0.2
20028,Ktm,1090 adventure r,2017,Allround,1050,125.0,Twin,23.0,207.0,890.0,0.6
20029,Ktm,1090 adventure r,2018,Allround,1050,125.0,Twin,23.0,207.0,890.0,0.6
20030,Ktm,1090 adventure r,2019,Sport Touring,1090,158.0,V2,23.0,217.0,890.0,0.73
20031,Ktm,1190 adventure,2013,Allround,1195,147.0,Twin,23.0,212.0,860.0,0.69
20032,Ktm,1190 adventure,2014,Allround,1195,147.0,Twin,23.0,212.0,860.0,0.69
20033,Ktm,1190 adventure,2015,Allround,1195,150.0,V2,23.0,212.0,860.0,0.71
20034,Ktm,1190 adventure,2016,Allround,1195,150.0,V2,23.0,212.0,860.0,0.71
18169,Kawasaki,ninja 250sl abs,2015,Sport,249,28.0,Twin,11.0,152.0,780.0,0.18
18199,Kawasaki,ninja 400 krt se,2020,Sport,399,44.8,Twin,14.0,168.0,785.0,0.27
18200,Kawasaki,ninja 400 se,2020,Sport,399,44.8,Twin,14.0,166.0,785.0,0.27
18209,Kawasaki,ninja 400r special edition,2013,Sport,399,42.9,Twin,15.5,184.0,790.0,0.23
20035,Ktm,1190 adventure r,2013,Allround,1195,147.0,Twin,23.0,217.0,890.0,0.68
20036,Ktm,1190 adventure r,2014,Allround,1195,147.0,Twin,23.0,217.0,890.0,0.68
28527,Suzuki,boulevard 400,2011,Custom / Cruiser,399,32.2,V2,15.0,267.0,700.0,0.12
20037,Ktm,1190 adventure r,2015,Allround,1195,147.0,V2,23.0,217.0,890.0,0.68
18408,Kawasaki,stockman 250,2012,Enduro / Offroad,249,20.1,Single cylinder,9.0,121.0,830.0,0.17
20038,Ktm,1190 adventure r,2016,Allround,1195,147.0,V2,23.0,217.0,890.0,0.68
18434,Kawasaki,versys  650 abs,2018,Allround,649,69.0,Twin,21.0,216.1,840.0,0.32
18435,Kawasaki,versys  650 abs,2019,Allround,649,69.0,Twin,21.0,216.1,840.0,0.32
18438,Kawasaki,versys 1000,2012,Sport Touring,1043,116.0,In-line four,21.0,239.0,845.0,0.49
28528,Suzuki,boulevard 400,2012,Custom / Cruiser,399,32.2,V2,15.0,267.0,700.0,0.12
18473,Kawasaki,versys 650,2020,Allround,649,69.0,Twin,21.0,216.1,840.0,0.32
18474,Kawasaki,versys 650,2021,Allround,649,69.0,Twin,21.0,216.1,840.0,0.32
18475,Kawasaki,versys 650,2022,Allround,649,69.0,Twin,21.0,219.0,840.0,0.32
18481,Kawasaki,versys 650 lt,2021,Allround,649,52.3,Twin,21.0,216.0,840.0,0.24
18482,Kawasaki,versys 650 lt,2022,Allround,649,52.3,Twin,21.0,219.0,840.0,0.24
18486,Kawasaki,versys 650 tourer,2022,Allround,649,67.0,Twin,21.0,217.0,845.0,0.31
18489,Kawasaki,versys 650l,2020,Allround,649,52.3,Twin,21.0,216.0,840.0,0.24
18514,Kawasaki,versys-x 300 se,2021,Allround,296,39.3,Twin,17.0,175.0,815.0,0.22
18515,Kawasaki,versys-x 300 urban,2020,Allround,296,39.3,Twin,17.0,175.0,845.0,0.22
18548,Kawasaki,vn 1700 classic tourer,2011,Touring,1700,72.4,V2,20.0,360.0,730.0,0.2
18632,Kawasaki,vn1700 light tourer,2012,Touring,1700,73.8,V2,20.0,341.0,720.0,0.22
20041,Ktm,1190 rc8,2010,Sport,1148,152.0,Twin,16.5,184.0,805.0,0.83
20042,Ktm,1190 rc8,2011,Sport,1148,152.0,V2,16.5,184.0,805.0,0.83
18915,Kawasaki,z 1000 sx,2011,Sport,1043,136.0,In-line four,19.0,228.0,820.0,0.6
18917,Kawasaki,z 1000 sx tourer,2011,Sport Touring,1043,136.0,In-line four,19.0,228.0,822.0,0.6
19046,Kawasaki,z 750,2011,Naked Bike,748,104.0,In-line four,18.5,226.0,815.0,0.46
19066,Kawasaki,z 750 r,2011,Naked Bike,748,104.0,In-line four,18.5,224.0,825.0,0.46
19150,Kawasaki,z400,2020,Naked Bike,399,45.0,Twin,14.0,167.0,785.0,0.27
19170,Kawasaki,z750,2012,Naked Bike,748,104.0,In-line four,18.5,226.0,815.0,0.46
19194,Kawasaki,z900,2022,Naked Bike,948,123.0,In-line four,17.03,212.0,800.0,0.58
20045,Ktm,1190 rc8 r,2010,Sport,1195,167.0,Twin,16.5,182.0,805.0,0.92
19287,Kawasaki,zrx1200 daeg,2013,Allround,1164,108.0,In-line four,20.0,246.0,790.0,0.44
19288,Kawasaki,zrx1200 daeg,2014,Allround,1164,110.0,In-line four,18.0,246.0,790.0,0.45
19289,Kawasaki,zrx1200 daeg,2015,Allround,1164,110.0,In-line four,18.0,246.0,790.0,0.45
19290,Kawasaki,zrx1200 daeg,2016,Allround,1164,110.0,In-line four,18.0,246.0,790.0,0.45
19291,Kawasaki,zrx1200 daeg,2017,Allround,1164,110.0,In-line four,18.0,246.0,790.0,0.45
19292,Kawasaki,zrx1200 daeg black limited,2014,Allround,1164,110.0,In-line four,18.0,246.0,790.0,0.45
19293,Kawasaki,zrx1200 daeg black limited,2015,Allround,1164,110.0,In-line four,18.0,246.0,790.0,0.45
19387,Kawasaki,zzr 1400,2011,Sport,1352,190.0,In-line four,22.0,261.0,800.0,0.73
19428,Keeway,ajax 150,2015,Sport,149,11.0,Single cylinder,11.3,99.0,770.0,0.11
19429,Keeway,ajax 150,2017,Allround,149,11.0,Single cylinder,16.0,99.0,770.0,0.11
19439,Keeway,arsen 125,2013,Sport,124,10.1,Single cylinder,12.0,115.0,780.0,0.09
19440,Keeway,arsen 125,2014,Sport,124,10.1,Single cylinder,11.0,115.0,780.0,0.09
19441,Keeway,arsen 150,2013,Sport,149,11.0,Single cylinder,12.0,118.0,780.0,0.09
19442,Keeway,arsen 150,2014,Sport,149,11.0,Single cylinder,12.0,118.0,780.0,0.09
19449,Keeway,blackster 250,2015,Custom / Cruiser,249,19.2,V2,13.5,170.0,688.0,0.11
19450,Keeway,blackster 250,2017,Custom / Cruiser,249,19.0,V2,13.5,170.0,688.0,0.11
19451,Keeway,blackster 250 efi,2016,Custom / Cruiser,249,19.0,V2,13.5,170.0,688.0,0.11
19452,Keeway,blackster 250i,2013,Custom / Cruiser,249,17.3,V2,13.5,170.0,688.0,0.1
19453,Keeway,blackster 250i,2014,Custom / Cruiser,249,19.2,V2,13.5,170.0,688.0,0.11
19454,Keeway,brusco 125,2018,Allround,124,10.1,Single cylinder,12.1,110.0,800.0,0.09
19456,Keeway,city 100,2014,Allround,100,7.4,Single cylinder,12.4,120.0,800.0,0.06
19457,Keeway,city 150,2015,Sport,149,11.3,Single cylinder,11.3,99.0,800.0,0.11
19458,Keeway,city 150,2017,Allround,149,11.3,Single cylinder,16.0,111.0,770.0,0.1
19464,Keeway,cityblade 125 e4,2021,Scooter,125,9.0,Single cylinder,6.0,123.0,760.0,0.07
19465,Keeway,cityblade 150,2016,Scooter,149,11.1,Single cylinder,7.0,123.0,760.0,0.09
19474,Keeway,cruiser 250i,2019,Custom / Cruiser,249,17.3,V2,13.5,170.0,688.0,0.1
19475,Keeway,cs 110,2021,Scooter,109,6.0,Single cylinder,3.7,98.0,770.0,0.06
19476,Keeway,cs 125,2015,Scooter,125,8.7,Single cylinder,7.0,98.0,770.0,0.09
19477,Keeway,cub 110,2016,Scooter,109,6.9,Single cylinder,4.8,103.0,780.0,0.07
19481,Keeway,dorado 250,2014,Custom / Cruiser,249,19.2,V2,13.5,170.0,688.0,0.11
19484,Keeway,dream,2017,Super Motard,148,11.8,Single cylinder,10.5,135.0,825.0,0.09
19519,Keeway,goccia 50,2015,Scooter,49,3.5,Single cylinder,6.0,98.0,770.0,0.04
19520,Keeway,goccia 50,2017,Scooter,49,3.6,Single cylinder,5.5,98.0,770.0,0.04
19529,Keeway,handy 150,2015,Sport,149,11.0,Single cylinder,12.5,120.0,750.0,0.09
19530,Keeway,handy 150,2017,Sport,149,11.0,Single cylinder,12.5,120.0,750.0,0.09
19535,Keeway,hurricane 50,2014,Scooter,50,4.0,Single cylinder,5.0,87.0,750.0,0.05
19536,Keeway,hurricane 50 2t,2016,Scooter,50,2.9,Single cylinder,5.0,87.0,750.0,0.03
19542,Keeway,hyperbrusco 175,2018,Allround,175,12.0,Single cylinder,12.8,122.0,775.0,0.1
19544,Keeway,joy 110,2013,Scooter,107,7.4,Single cylinder,3.5,98.0,765.0,0.08
19546,Keeway,k-light 125,2021,Custom / Cruiser,125,10.5,Single cylinder,11.8,144.0,715.0,0.07
19547,Keeway,kee 100,2013,Scooter,97,6.6,Single cylinder,4.8,103.0,780.0,0.06
19548,Keeway,kee 100,2017,Scooter,97,6.7,Single cylinder,12.0,103.0,780.0,0.07
19549,Keeway,kee 110,2013,Scooter,107,7.4,Single cylinder,3.5,98.0,765.0,0.08
19550,Keeway,kee 110,2015,Scooter,109,6.9,Single cylinder,4.8,103.0,780.0,0.07
19551,Keeway,kee 125,2018,Scooter,125,8.7,Single cylinder,4.0,105.0,785.0,0.08
19552,Keeway,kxm 200,2013,Super Motard,200,16.1,Single cylinder,7.0,137.0,825.0,0.12
19553,Keeway,kxm 200,2014,Super Motard,200,16.1,Single cylinder,7.0,137.0,825.0,0.12
19563,Keeway,logik 125,2021,Scooter,125,11.8,Single cylinder,7.0,134.0,800.0,0.09
19578,Keeway,milan 50,2014,Scooter,49,3.8,Single cylinder,5.6,75.0,765.0,0.05
19592,Keeway,owen 150,2014,Allround,148,11.9,Single cylinder,10.0,120.0,745.0,0.1
19593,Keeway,owen ii 150,2014,Allround,148,11.9,Single cylinder,11.0,120.0,750.0,0.1
19597,Keeway,patagonian eagle 250,2021,Custom / Cruiser,249,12.8,Twin,14.0,145.0,680.0,0.09
19603,Keeway,rcs 125,2018,Scooter,125,8.7,Single cylinder,3.9,99.0,785.0,0.09
19605,Keeway,rk 125,2016,Sport,124,10.1,Single cylinder,12.3,116.0,785.0,0.09
19606,Keeway,rk 125,2017,Sport,124,10.1,Single cylinder,12.3,116.0,785.0,0.09
19607,Keeway,rk iii 125,2013,Sport,124,10.1,Single cylinder,16.0,128.0,800.0,0.08
19608,Keeway,rk iii 125,2014,Sport,124,10.1,Single cylinder,16.0,128.0,800.0,0.08
19609,Keeway,rk iii 125s,2014,Sport,124,11.0,Single cylinder,16.0,128.0,800.0,0.09
19610,Keeway,rk iii 150,2013,Sport,149,11.8,Single cylinder,16.0,128.0,800.0,0.09
19611,Keeway,rk iii 150,2014,Sport,149,11.8,Single cylinder,16.0,128.0,800.0,0.09
19612,Keeway,rk iii 150s,2014,Sport,148,11.9,Single cylinder,16.0,128.0,800.0,0.09
19613,Keeway,rk iii 200,2013,Sport,197,12.9,Single cylinder,16.0,128.0,800.0,0.1
19614,Keeway,rk iii 200,2014,Sport,200,16.1,Single cylinder,16.0,121.0,760.0,0.13
19615,Keeway,rk6 600i,2014,Naked Bike,600,80.5,In-line four,15.0,208.0,800.0,0.39
19617,Keeway,rkf 125,2020,Naked Bike,125,12.6,Single cylinder,10.0,147.0,810.0,0.09
19618,Keeway,rkf 125,2021,Naked Bike,124,12.6,Single cylinder,10.0,147.0,810.0,0.09
19623,Keeway,rks 125,2013,Naked Bike,124,11.0,Single cylinder,16.0,117.0,760.0,0.09
19624,Keeway,rks 125,2014,Naked Bike,124,11.0,Single cylinder,16.0,117.0,760.0,0.09
19625,Keeway,rks 125,2015,Naked Bike,124,11.0,Single cylinder,16.0,117.0,760.0,0.09
19626,Keeway,rks 125,2016,Naked Bike,124,11.3,Single cylinder,16.0,121.0,760.0,0.09
19627,Keeway,rks 125,2017,Naked Bike,124,11.3,Single cylinder,16.0,125.0,760.0,0.09
19628,Keeway,rks 125 e4,2019,Naked Bike,125,11.4,Single cylinder,16.0,132.0,760.0,0.09
19629,Keeway,rks 125 e4,2021,Sport,124,11.4,Single cylinder,16.0,132.0,760.0,0.09
19630,Keeway,rks 125 sport,2017,Sport,124,11.3,Single cylinder,16.0,125.0,760.0,0.09
19632,Keeway,rks 125 sport e4,2019,Sport,125,11.3,Single cylinder,16.0,136.0,760.0,0.08
19633,Keeway,rks 125 sport e4,2021,Sport,124,11.3,Single cylinder,16.0,136.0,760.0,0.08
19634,Keeway,rks 150,2013,Naked Bike,148,11.9,Single cylinder,16.0,117.0,760.0,0.1
19635,Keeway,rks 150,2014,Naked Bike,148,11.9,Single cylinder,16.0,117.0,760.0,0.1
19636,Keeway,rks 150 gs,2021,Allround,148,11.0,Single cylinder,16.0,117.0,760.0,0.09
19637,Keeway,rks 150 sport,2016,Naked Bike,148,12.1,Single cylinder,16.0,121.0,760.0,0.1
19638,Keeway,rks 150 sport,2017,Naked Bike,148,12.1,Single cylinder,16.0,121.0,760.0,0.1
19639,Keeway,rks 200,2013,Naked Bike,197,12.7,Single cylinder,16.0,117.0,760.0,0.11
19640,Keeway,rks 200,2014,Naked Bike,197,12.7,Single cylinder,16.0,117.0,760.0,0.11
19641,Keeway,rks 200,2017,Naked Bike,197,12.9,Single cylinder,16.0,117.0,760.0,0.11
19642,Keeway,rks 200s,2014,Naked Bike,200,16.1,Single cylinder,16.0,121.0,760.0,0.13
19645,Keeway,rkv 125,2013,Naked Bike,124,11.0,Single cylinder,17.0,123.0,770.0,0.09
19646,Keeway,rkv 125,2014,Naked Bike,124,11.0,Single cylinder,17.0,123.0,770.0,0.09
19647,Keeway,rkv 125,2016,Naked Bike,124,11.0,Single cylinder,17.0,123.0,770.0,0.09
19648,Keeway,rkv 125,2017,Naked Bike,124,11.0,Single cylinder,17.0,123.0,770.0,0.09
19650,Keeway,rkv 125r,2015,Naked Bike,124,11.0,Single cylinder,17.0,123.0,770.0,0.09
19651,Keeway,rkv 150,2013,Naked Bike,148,11.9,Single cylinder,17.0,123.0,770.0,0.1
19652,Keeway,rkv 150,2014,Naked Bike,148,11.9,Single cylinder,17.0,123.0,770.0,0.1
19653,Keeway,rkv 200,2013,Naked Bike,197,12.7,Single cylinder,17.0,123.0,770.0,0.1
19654,Keeway,rkv 200,2014,Naked Bike,197,12.7,Single cylinder,17.0,123.0,770.0,0.1
19655,Keeway,rkv 200s,2014,Naked Bike,200,16.1,Single cylinder,17.0,123.0,770.0,0.13
19656,Keeway,rkv 200s factory,2014,Naked Bike,200,16.1,Single cylinder,17.0,123.0,770.0,0.13
19658,Keeway,ry6,2013,Scooter,49,3.5,Single cylinder,6.0,89.0,775.0,0.04
19659,Keeway,ry6,2016,Scooter,49,3.5,Single cylinder,6.0,89.0,775.0,0.04
19661,Keeway,ry6 50,2021,Scooter,49,3.4,Single cylinder,6.0,88.0,770.0,0.04
19662,Keeway,ry6 50 2t,2016,Scooter,49,4.4,Single cylinder,6.0,88.0,775.0,0.05
19665,Keeway,silver blade 250efi,2016,Scooter,250,20.8,Single cylinder,10.7,186.0,805.0,0.11
19668,Keeway,silverblade 250,2013,Scooter,250,20.8,Single cylinder,10.7,194.0,805.0,0.11
19669,Keeway,silverblade 250,2017,Scooter,250,20.8,Single cylinder,10.7,186.0,805.0,0.11
19670,Keeway,silverblade 250i,2015,Scooter,250,20.8,Single cylinder,10.7,194.0,805.0,0.11
19671,Keeway,sip 125,2018,Scooter,124,8.1,Single cylinder,4.9,95.0,755.0,0.09
19672,Keeway,sip 125,2021,Scooter,124,8.1,Single cylinder,4.9,95.0,755.0,0.09
19684,Keeway,speedcruiser 250,2015,Custom / Cruiser,249,19.2,V2,13.5,170.0,688.0,0.11
19685,Keeway,strike 125,2013,Sport,124,11.0,Single cylinder,13.0,130.0,780.0,0.08
19686,Keeway,strike 125,2014,Sport,124,11.0,Single cylinder,13.0,130.0,780.0,0.08
19687,Keeway,strike 150,2013,Sport,148,11.9,Single cylinder,13.0,130.0,780.0,0.09
19688,Keeway,strike 150,2014,Sport,148,11.9,Single cylinder,13.0,130.0,780.0,0.09
19696,Keeway,superlight 125,2013,Custom / Cruiser,124,10.5,Single cylinder,15.0,134.0,730.0,0.08
19697,Keeway,superlight 125,2014,Custom / Cruiser,124,10.5,Single cylinder,15.0,134.0,730.0,0.08
19698,Keeway,superlight 125,2015,Custom / Cruiser,124,10.5,Single cylinder,15.0,134.0,730.0,0.08
19699,Keeway,superlight 125,2017,Custom / Cruiser,124,10.5,Single cylinder,15.0,134.0,730.0,0.08
19700,Keeway,superlight 125,2021,Custom / Cruiser,124,10.5,Single cylinder,15.0,134.0,730.0,0.08
19701,Keeway,superlight 125 limited,2016,Custom / Cruiser,124,10.5,Single cylinder,15.0,134.0,730.0,0.08
19702,Keeway,superlight 125 limited e4,2019,Custom / Cruiser,124,10.5,Single cylinder,15.0,134.0,730.0,0.08
19703,Keeway,superlight 125 limited e4,2021,Custom / Cruiser,124,10.5,Single cylinder,15.0,134.0,730.0,0.08
19704,Keeway,superlight 125 ltd,2017,Custom / Cruiser,124,10.5,Single cylinder,15.0,134.0,730.0,0.08
19705,Keeway,superlight 125 standard,2016,Custom / Cruiser,124,10.5,Single cylinder,15.0,134.0,730.0,0.08
19706,Keeway,superlight 125 standard e4,2019,Custom / Cruiser,124,10.5,Single cylinder,15.0,134.0,730.0,0.08
19712,Keeway,superlight 150,2013,Custom / Cruiser,149,11.9,Single cylinder,15.0,134.0,730.0,0.09
19713,Keeway,superlight 150,2015,Custom / Cruiser,150,11.8,Single cylinder,15.0,134.0,730.0,0.09
19714,Keeway,superlight 200,2013,Custom / Cruiser,197,12.7,Single cylinder,15.0,134.0,730.0,0.09
19715,Keeway,superlight 200,2014,Custom / Cruiser,197,12.7,Single cylinder,15.0,134.0,730.0,0.09
19716,Keeway,superlight 200,2016,Custom / Cruiser,197,12.9,Single cylinder,15.0,134.0,730.0,0.1
19721,Keeway,supershadow 250,2013,Custom / Cruiser,249,19.4,V2,8.0,149.0,740.0,0.13
19723,Keeway,swan 50,2014,Scooter,49,3.8,Single cylinder,3.7,75.0,765.0,0.05
19724,Keeway,target 110,2014,Scooter,107,6.4,Single cylinder,3.8,115.0,760.0,0.06
19725,Keeway,target 125,2013,Scooter,125,8.7,Single cylinder,3.8,115.0,760.0,0.08
19726,Keeway,target 125,2015,Scooter,125,8.7,Single cylinder,3.8,115.0,760.0,0.08
19727,Keeway,target 125,2016,Scooter,125,8.7,Single cylinder,13.8,115.0,760.0,0.08
19728,Keeway,target 125,2017,Scooter,125,8.7,Single cylinder,13.8,115.0,760.0,0.08
19730,Keeway,tx 125 e4,2019,Enduro / Offroad,125,10.7,Single cylinder,9.0,142.0,825.0,0.08
19731,Keeway,tx 125 e4,2021,Enduro / Offroad,125,10.7,Single cylinder,9.0,142.0,825.0,0.08
19732,Keeway,tx 125 en,2014,Enduro / Offroad,124,11.0,Single cylinder,10.5,135.0,825.0,0.08
19733,Keeway,tx 125 enduro,2016,Enduro / Offroad,124,11.0,Single cylinder,10.5,135.0,825.0,0.08
19734,Keeway,tx 125 enduro,2017,Enduro / Offroad,124,11.0,Single cylinder,12.0,130.0,825.0,0.08
19735,Keeway,tx 125 sm,2014,Super Motard,124,11.0,Single cylinder,10.5,135.0,825.0,0.08
19741,Keeway,tx 125en,2015,Enduro / Offroad,124,11.0,Single cylinder,10.5,135.0,825.0,0.08
19742,Keeway,tx 200 en,2014,Enduro / Offroad,197,12.7,Single cylinder,10.5,135.0,825.0,0.09
19743,Keeway,tx 200 sm,2014,Super Motard,197,12.7,Single cylinder,10.5,135.0,825.0,0.09
19749,Keeway,tx2,2016,Enduro / Offroad,125,11.0,Single cylinder,11.2,120.0,860.0,0.09
19756,Keeway,txm 125,2017,Super Motard,124,11.0,Single cylinder,10.5,135.0,825.0,0.08
19757,Keeway,txm 125 s,2015,Super Motard,124,11.0,Single cylinder,10.5,135.0,825.0,0.08
19758,Keeway,txm 150,2015,Enduro / Offroad,148,11.8,Single cylinder,10.5,135.0,825.0,0.09
19760,Keeway,urbanblade 50,2021,Sport,49,3.0,Single cylinder,4.2,97.0,770.0,0.03
19761,Keeway,v-blade 250i,2013,Custom / Cruiser,249,17.3,V2,13.5,170.0,688.0,0.1
19762,Keeway,v-blade 250i,2014,Custom / Cruiser,249,19.2,V2,13.5,170.0,688.0,0.11
19764,Keeway,victoria 50,2013,Scooter,49,2.6,Single cylinder,3.2,52.0,790.0,0.05
19772,Keeway,zahara 125,2015,Scooter,125,8.5,Single cylinder,7.0,110.0,725.0,0.08
19773,Keeway,zahara 125,2016,Scooter,125,8.5,Single cylinder,7.0,110.0,725.0,0.08
19774,Keeway,zahara 125,2017,Scooter,125,8.5,Single cylinder,7.0,110.0,725.0,0.08
19775,Keeway,zahara 125,2021,Scooter,125,8.1,Single cylinder,5.0,107.0,725.0,0.08
19776,Keeway,zahara 50,2015,Scooter,50,3.8,Single cylinder,7.0,101.0,750.0,0.04
19779,Kentoya,maximus-i 125,2020,Scooter,125,8.3,Single cylinder,14.0,160.0,760.0,0.05
19793,Kinetic,blaze,2011,Scooter,165,11.6,Single cylinder,6.0,136.0,765.0,0.09
19799,Kinroad,xt125-18,2013,Sport,124,7.0,Single cylinder,14.38,133.8,800.0,0.05
19815,Kinroad,xt50q,2013,Custom / Cruiser,50,2.7,Single cylinder,4.92,104.8,851.0,0.03
19850,Kreidler,florett 2.0 rs 50,2013,Scooter,49,3.7,Single cylinder,6.3,89.0,820.0,0.04
19851,Kreidler,florett 50 city,2013,Scooter,49,3.1,Single cylinder,6.3,89.0,820.0,0.03
19858,Kreidler,florett rs 50 dd,2012,Scooter,49,4.0,Single cylinder,5.5,91.0,810.0,0.04
19859,Kreidler,florett rs 50 dd,2013,Scooter,49,4.1,Single cylinder,6.3,89.0,820.0,0.05
19860,Kreidler,flory 50 classic,2012,Scooter,49,3.0,Single cylinder,5.5,93.0,820.0,0.03
19861,Kreidler,flory 50 classic,2013,Scooter,49,3.0,Single cylinder,5.5,93.0,810.0,0.03
19862,Kreidler,galactica 2.0 50 dd,2012,Scooter,49,4.0,Single cylinder,5.5,91.0,820.0,0.04
19863,Kreidler,galactica 2.0 50 dd,2013,Scooter,49,4.1,Single cylinder,5.5,91.0,820.0,0.05
19864,Kreidler,galactica 2.0 50 dd city,2013,Scooter,49,2.7,Single cylinder,5.5,91.0,820.0,0.03
19866,Kreidler,galactica 2.0 rc 50,2013,Scooter,49,2.7,Single cylinder,5.5,91.0,820.0,0.03
19867,Kreidler,galactica 2.0 rs 50 dd,2013,Scooter,49,4.1,Single cylinder,5.5,91.0,820.0,0.05
19868,Kreidler,hiker 2.0 125 dd,2012,Scooter,125,9.5,Single cylinder,5.5,106.0,810.0,0.09
19870,Kreidler,hiker 50 dd,2012,Scooter,49,2.7,Single cylinder,5.5,91.0,850.0,0.03
19871,Kreidler,insignio 125,2010,Scooter,125,8.4,Single cylinder,11.0,138.0,770.0,0.06
19873,Kreidler,insignio 2.0 125 dd,2013,Scooter,125,11.9,Single cylinder,10.7,172.0,790.0,0.07
19874,Kreidler,insignio 2.0 250 dd,2013,Scooter,250,20.8,Single cylinder,10.7,194.0,820.0,0.11
19876,Kreidler,insignio 250 smokey,2010,Scooter,244,13.4,Single cylinder,11.0,158.0,770.0,0.08
19877,Kreidler,jigger,2010,Scooter,49,3.8,Single cylinder,5.0,87.0,820.0,0.04
19898,Kreidler,rmc-e 50,2010,Scooter,49,4.0,Single cylinder,5.5,95.0,770.0,0.04
19899,Kreidler,rmc-e 50,2011,Scooter,49,4.0,Single cylinder,5.5,95.0,770.0,0.04
19902,Kreidler,rmc-e hiker 50 dd sport,2010,Scooter,49,3.8,Single cylinder,5.5,91.0,770.0,0.04
19903,Kreidler,rmc-e hiker 50 dd sport,2011,Scooter,49,3.8,Single cylinder,5.5,91.0,770.0,0.04
19911,Kreidler,rmc-h 125 dd,2010,Scooter,125,8.4,Single cylinder,5.5,105.0,770.0,0.08
19913,Kreidler,rmc-h 50 dd,2010,Scooter,49,4.0,Single cylinder,5.5,95.0,770.0,0.04
19915,Kreidler,rmc-h galactica 125 dd,2011,Scooter,125,8.4,Single cylinder,5.5,105.0,770.0,0.08
19916,Kreidler,rmc-h galactica 50 dd,2011,Scooter,49,4.0,Single cylinder,5.5,95.0,770.0,0.04
19924,Kreidler,supermoto 125 dd,2013,Super Motard,125,10.9,Single cylinder,10.5,124.0,870.0,0.09
19925,Kreidler,supermoto 125 dd,2014,Super Motard,125,10.9,Single cylinder,10.5,124.0,860.0,0.09
19927,Kreidler,supermoto 250 dd,2012,Super Motard,250,19.7,Single cylinder,10.5,144.0,860.0,0.14
19928,Kreidler,supermoto 50 dd,2013,Super Motard,125,4.7,Single cylinder,11.5,112.0,870.0,0.04
19932,Kreidler,supermoto125 dd,2011,Super Motard,125,11.5,Single cylinder,10.5,123.0,870.0,0.09
19933,Kreidler,supermoto125 dd,2012,Super Motard,125,10.9,Single cylinder,10.5,124.0,870.0,0.09
19934,Kreidler,vabene 50,2012,Scooter,49,3.2,Single cylinder,5.5,99.0,770.0,0.03
19935,Kreidler,vabene 50,2013,Scooter,49,3.3,Single cylinder,7.5,99.0,770.0,0.03
20046,Ktm,1190 rc8 r,2011,Sport,1195,167.0,V2,16.5,182.0,805.0,0.92
20047,Ktm,1190 rc8 r,2012,Sport,1195,173.0,V2,16.5,186.0,805.0,0.93
20048,Ktm,1190 rc8 r,2013,Sport,1195,173.0,V2,16.5,186.0,805.0,0.93
20049,Ktm,1190 rc8 r,2014,Sport,1195,173.0,V2,16.5,184.0,805.0,0.94
20050,Ktm,1190 rc8 r,2015,Sport,1195,173.0,V2,16.5,184.0,805.0,0.94
20051,Ktm,1190 rc8 r akrapovic,2011,Sport,1195,167.0,V2,16.5,182.0,805.0,0.92
20052,Ktm,1190 rc8 r akrapovic limited edition,2010,Sport,1195,167.0,Twin,16.5,182.0,805.0,0.92
20054,Ktm,1190 rc8 r red bull,2011,Sport,1195,167.0,V2,16.5,182.0,805.0,0.92
20055,Ktm,1190 rc8 r red bull limited edition,2010,Sport,1195,167.0,Twin,16.5,182.0,805.0,0.92
20056,Ktm,1190 rc8 r track,2012,Sport,1195,177.0,V2,16.5,173.0,845.0,1.02
20057,Ktm,1190 rc8 r track,2013,Sport,1195,177.0,V2,16.5,173.0,845.0,1.02
20059,Ktm,125 duke,2012,Naked Bike,125,15.0,Single cylinder,11.0,125.0,810.0,0.12
20060,Ktm,125 duke,2013,Naked Bike,125,14.8,Single cylinder,10.5,125.0,810.0,0.12
20061,Ktm,125 duke,2014,Naked Bike,125,15.0,Single cylinder,11.0,127.0,810.0,0.12
20062,Ktm,125 duke,2015,Naked Bike,125,15.0,Single cylinder,11.0,127.0,800.0,0.12
20063,Ktm,125 duke,2016,Naked Bike,125,15.0,Single cylinder,11.0,127.0,800.0,0.12
20064,Ktm,125 duke,2017,Naked Bike,125,15.0,Single cylinder,13.4,137.0,830.0,0.11
20065,Ktm,125 duke,2018,Naked Bike,125,15.0,Single cylinder,13.4,137.0,830.0,0.11
20066,Ktm,125 duke,2019,Naked Bike,125,15.0,Single cylinder,13.4,137.0,830.0,0.11
20067,Ktm,125 duke,2020,Naked Bike,125,15.0,Single cylinder,13.4,139.0,830.0,0.11
20068,Ktm,125 duke,2021,Naked Bike,125,15.0,Single cylinder,13.4,139.0,830.0,0.11
20097,Ktm,125 rc pp,2014,Naked Bike,125,15.0,Single cylinder,10.0,135.0,820.0,0.11
20118,Ktm,125 sx,2021,Enduro / Offroad,125,15.0,Single cylinder,7.5,87.5,850.0,0.17
20119,Ktm,125 sx,2022,Enduro / Offroad,125,15.0,Single cylinder,7.5,87.5,950.0,0.17
20120,Ktm,125 xc,2021,Enduro / Offroad,125,15.0,Single cylinder,7.5,89.0,850.0,0.17
20121,Ktm,125 xc,2022,Enduro / Offroad,125,15.0,Single cylinder,7.5,89.0,850.0,0.17
20125,Ktm,1290 super adventure,2015,Allround,1301,160.0,V2,30.0,229.0,860.0,0.7
20126,Ktm,1290 super adventure,2016,Allround,1301,160.0,V2,30.0,229.0,860.0,0.7
20127,Ktm,1290 super adventure r,2017,Allround,1301,160.0,V2,23.0,217.0,890.0,0.74
20128,Ktm,1290 super adventure r,2018,Allround,1301,160.0,V2,23.0,217.0,890.0,0.74
20129,Ktm,1290 super adventure r,2019,Allround,1301,160.0,V2,23.0,217.0,890.0,0.74
20130,Ktm,1290 super adventure r,2020,Allround,1301,158.0,V2,23.0,217.0,890.0,0.73
20131,Ktm,1290 super adventure r,2021,Allround,1301,158.0,V2,23.0,217.0,890.0,0.73
20132,Ktm,1290 super adventure s,2017,Allround,1301,160.0,V2,23.0,215.0,860.0,0.74
20133,Ktm,1290 super adventure s,2018,Allround,1301,160.0,V2,23.0,215.0,860.0,0.74
20134,Ktm,1290 super adventure s,2019,Allround,1301,160.0,V2,23.0,215.0,860.0,0.74
20135,Ktm,1290 super adventure s,2020,Allround,1301,160.0,V2,23.0,215.0,860.0,0.74
20136,Ktm,1290 super adventure s,2021,Allround,1301,160.0,V2,23.0,220.0,860.0,0.73
20137,Ktm,1290 super adventure t,2017,Allround,1301,160.0,V2,30.0,222.0,860.0,0.72
20139,Ktm,1290 super duke gt,2017,Naked Bike,1301,173.0,V2,22.0,205.0,835.0,0.84
20140,Ktm,1290 super duke gt,2018,Naked Bike,1301,173.0,V2,22.0,205.0,835.0,0.84
20141,Ktm,1290 super duke gt,2019,Naked Bike,1301,173.0,V2,22.0,209.0,835.0,0.83
20142,Ktm,1290 super duke gt,2020,Naked Bike,1301,173.0,V2,23.0,209.0,835.0,0.83
20143,Ktm,1290 super duke gt,2021,Naked Bike,1301,175.0,V2,23.0,209.0,835.0,0.84
20144,Ktm,1290 super duke gt,2022,Naked Bike,1301,172.0,V2,23.0,208.0,835.0,0.83
20146,Ktm,1290 super duke r,2014,Naked Bike,1299,180.0,V2,18.0,189.0,835.0,0.95
20148,Ktm,1290 super duke r,2017,Naked Bike,1301,177.0,V2,18.0,195.0,835.0,0.91
20149,Ktm,1290 super duke r,2018,Naked Bike,1301,177.0,V2,18.0,195.0,835.0,0.91
20150,Ktm,1290 super duke r,2019,Naked Bike,1301,177.0,V2,18.0,195.0,835.0,0.91
20151,Ktm,1290 super duke r,2020,Naked Bike,1301,177.0,V2,16.0,189.0,835.0,0.94
20152,Ktm,1290 super duke r,2021,Naked Bike,1301,180.0,V2,16.0,189.0,835.0,0.95
20153,Ktm,1290 super duke r abs,2014,Naked Bike,1299,180.0,V2,18.0,190.0,835.0,0.95
20154,Ktm,1290 super duke r abs,2015,Naked Bike,1301,180.0,V2,18.0,189.0,835.0,0.95
20156,Ktm,1290 super duke rr,2021,Naked Bike,1301,177.0,V2,16.0,180.0,837.0,0.98
20157,Ktm,1290 superduke pp,2014,Naked Bike,1299,180.0,V2,18.0,190.0,835.0,0.95
20183,Ktm,200 duke,2012,Naked Bike,200,20.6,Single cylinder,11.0,125.0,810.0,0.16
20187,Ktm,200 duke,2016,Naked Bike,200,26.0,Single cylinder,11.0,129.5,800.0,0.2
20207,Ktm,250 duke,2016,Naked Bike,249,30.8,Single cylinder,11.0,139.0,800.0,0.22
20208,Ktm,250 duke,2017,Naked Bike,249,31.0,Single cylinder,13.4,149.0,800.0,0.21
20209,Ktm,250 duke,2018,Naked Bike,249,31.0,Single cylinder,13.4,149.0,800.0,0.21
20210,Ktm,250 duke,2019,Sport,249,29.5,Single cylinder,13.4,146.0,820.0,0.2
20388,Ktm,350 exc-f,2013,Enduro / Offroad,350,5.4,Single cylinder,9.0,108.5,970.0,0.05
20402,Ktm,350 exc-f six days,2016,Enduro / Offroad,350,45.0,Single cylinder,9.0,107.2,970.0,0.42
20403,Ktm,350 exc-f six days,2017,Enduro / Offroad,350,45.0,Single cylinder,8.5,104.5,960.0,0.43
20404,Ktm,350 exc-f six days,2018,Enduro / Offroad,350,45.0,Single cylinder,8.5,104.5,960.0,0.43
20405,Ktm,350 exc-f six days,2019,Enduro / Offroad,350,45.0,Single cylinder,8.5,104.5,960.0,0.43
20406,Ktm,350 exc-f six days,2020,Enduro / Offroad,350,45.0,Single cylinder,9.0,104.3,960.0,0.43
20407,Ktm,350 exc-f six days,2021,Enduro / Offroad,350,45.0,Single cylinder,9.0,104.3,960.0,0.43
20408,Ktm,350 exc-f six days,2022,Enduro / Offroad,350,45.0,Single cylinder,9.0,104.3,960.0,0.43
20414,Ktm,350 sx-f,2014,Cross / Motocross,350,58.1,Single cylinder,7.5,104.9,992.0,0.55
20435,Ktm,390 adventure,2020,Enduro / Offroad,373,44.0,Single cylinder,14.5,148.0,855.0,0.3
20436,Ktm,390 adventure,2021,Enduro / Offroad,373,43.0,Single cylinder,14.5,158.0,855.0,0.27
20439,Ktm,390 duke,2017,Naked Bike,373,44.0,Single cylinder,13.4,149.0,830.0,0.3
20440,Ktm,390 duke,2018,Naked Bike,373,44.0,Single cylinder,13.4,149.0,830.0,0.3
20441,Ktm,390 duke,2019,Naked Bike,373,44.0,Single cylinder,13.4,149.0,830.0,0.3
20442,Ktm,390 duke,2020,Naked Bike,373,44.0,Single cylinder,13.4,149.0,830.0,0.3
20443,Ktm,390 duke,2021,Naked Bike,373,44.0,Single cylinder,13.4,150.0,830.0,0.29
28529,Suzuki,boulevard 400,2014,Custom / Cruiser,399,32.2,V2,17.0,267.0,700.0,0.12
20529,Ktm,450 sx-f,2010,Enduro / Offroad,449,53.0,Single cylinder,8.0,104.6,985.0,0.51
20539,Ktm,450 sx-f,2020,Cross / Motocross,449,63.0,Single cylinder,7.0,100.0,950.0,0.63
20540,Ktm,450 sx-f,2021,Cross / Motocross,449,63.0,Single cylinder,7.0,100.0,950.0,0.63
20541,Ktm,450 sx-f,2022,Cross / Motocross,449,63.0,Single cylinder,7.5,100.5,950.0,0.63
20542,Ktm,450 sx-f cairoli,2020,Cross / Motocross,449,63.0,Single cylinder,7.0,100.0,950.0,0.63
20543,Ktm,450 sx-f factory,2021,Cross / Motocross,449,63.0,Single cylinder,7.0,100.5,950.0,0.63
28530,Suzuki,boulevard 400,2015,Custom / Cruiser,399,32.2,V2,17.0,267.0,700.0,0.12
20743,Ktm,690 abs duke,2014,Naked Bike,690,67.1,Single cylinder,14.0,149.5,835.0,0.45
20746,Ktm,690 duke,2010,Naked Bike,654,64.4,Single cylinder,13.5,148.5,865.0,0.43
20747,Ktm,690 duke,2011,Naked Bike,654,64.4,Single cylinder,13.5,148.5,865.0,0.43
20748,Ktm,690 duke,2012,Naked Bike,690,67.0,Single cylinder,13.5,150.0,835.0,0.45
20749,Ktm,690 duke,2013,Naked Bike,690,67.1,Single cylinder,13.8,150.0,835.0,0.45
20750,Ktm,690 duke,2016,Naked Bike,690,73.0,Single cylinder,14.0,149.5,835.0,0.49
20751,Ktm,690 duke,2017,Naked Bike,690,73.0,Single cylinder,14.0,148.5,835.0,0.49
20752,Ktm,690 duke,2018,Naked Bike,690,73.0,Single cylinder,14.0,148.5,835.0,0.49
20753,Ktm,690 duke,2019,Naked Bike,690,73.0,Single cylinder,14.0,148.5,835.0,0.49
20754,Ktm,690 duke abs,2015,Naked Bike,690,67.1,Single cylinder,14.0,149.5,835.0,0.45
20755,Ktm,690 duke r,2010,Naked Bike,690,64.4,Single cylinder,13.5,148.0,865.0,0.44
20756,Ktm,690 duke r,2011,Naked Bike,690,69.1,Single cylinder,13.5,148.0,865.0,0.47
20765,Ktm,690 enduro,2011,Enduro / Offroad,654,62.1,Single cylinder,12.0,138.5,910.0,0.45
20768,Ktm,690 enduro r,2011,Enduro / Offroad,654,62.1,Single cylinder,12.0,138.5,930.0,0.45
20769,Ktm,690 enduro r,2012,Enduro / Offroad,654,65.7,Single cylinder,12.0,142.0,935.0,0.46
20770,Ktm,690 enduro r,2013,Enduro / Offroad,690,65.7,Single cylinder,12.0,142.0,935.0,0.46
20771,Ktm,690 enduro r,2014,Enduro / Offroad,690,65.7,Single cylinder,12.0,139.0,910.0,0.47
20772,Ktm,690 enduro r,2015,Enduro / Offroad,690,67.0,Single cylinder,12.0,143.0,910.0,0.47
20773,Ktm,690 enduro r,2016,Enduro / Offroad,690,67.0,Single cylinder,12.0,143.0,910.0,0.47
20774,Ktm,690 enduro r,2017,Enduro / Offroad,690,67.0,Single cylinder,12.0,143.0,910.0,0.47
20775,Ktm,690 enduro r,2018,Enduro / Offroad,690,67.0,Single cylinder,12.0,143.0,910.0,0.47
20776,Ktm,690 enduro r,2019,Enduro / Offroad,690,67.0,Single cylinder,13.5,146.0,910.0,0.46
20777,Ktm,690 enduro r,2020,Enduro / Offroad,693,73.8,Single cylinder,13.5,146.0,910.0,0.51
20778,Ktm,690 enduro r,2021,Enduro / Offroad,693,73.8,Single cylinder,13.5,146.0,929.0,0.51
20781,Ktm,690 rally replica,2010,Enduro / Offroad,654,62.1,Single cylinder,12.0,138.5,930.0,0.45
20785,Ktm,690 smc,2011,Super Motard,654,62.1,Single cylinder,12.0,139.5,900.0,0.45
20786,Ktm,690 smc r,2012,Super Motard,690,66.0,Single cylinder,12.0,142.0,925.0,0.46
20787,Ktm,690 smc r,2013,Super Motard,690,65.7,Single cylinder,12.0,142.0,925.0,0.46
20788,Ktm,690 smc r,2014,Super Motard,690,65.7,Single cylinder,12.0,140.5,925.0,0.47
20789,Ktm,690 smc r,2016,Super Motard,690,67.0,Single cylinder,12.0,140.5,890.0,0.48
20790,Ktm,690 smc r,2017,Super Motard,690,67.0,Single cylinder,12.0,141.0,890.0,0.48
20791,Ktm,690 smc r,2018,Super Motard,690,67.0,Single cylinder,12.0,141.0,890.0,0.48
20792,Ktm,690 smc r,2019,Super Motard,690,67.0,Single cylinder,13.5,147.0,890.0,0.46
20793,Ktm,690 smc r,2020,Super Motard,693,73.8,Single cylinder,13.5,147.0,890.0,0.5
20794,Ktm,690 smc r,2021,Super Motard,693,73.8,Single cylinder,13.5,147.0,892.0,0.5
20795,Ktm,690 smc r abs,2015,Super Motard,690,67.0,Single cylinder,12.0,140.5,925.0,0.48
20799,Ktm,690 supermoto limited edition,2010,Super Motard,654,62.8,Single cylinder,13.5,154.0,880.0,0.41
20800,Ktm,690 supermoto limited edition,2011,Super Motard,654,62.8,Single cylinder,13.5,154.0,880.0,0.41
20803,Ktm,790 adventure,2019,Allround,799,93.9,Twin,20.0,189.0,850.0,0.5
20804,Ktm,790 adventure,2020,Allround,799,93.9,Twin,20.0,189.0,850.0,0.5
20805,Ktm,790 adventure r,2019,Allround,799,105.0,Twin,20.0,189.0,880.0,0.56
20806,Ktm,790 adventure r,2020,Allround,799,93.9,Twin,20.0,189.0,910.0,0.5
20808,Ktm,790 duke,2018,Naked Bike,790,105.0,Twin,14.0,169.0,825.0,0.62
20809,Ktm,790 duke,2019,Naked Bike,799,105.0,Twin,14.0,169.0,825.0,0.62
20810,Ktm,790 duke,2020,Naked Bike,799,105.0,Twin,14.0,169.0,825.0,0.62
20811,Ktm,790 duke l,2020,Naked Bike,799,93.9,Twin,14.0,169.0,825.0,0.56
20848,Ktm,890 adventure,2021,Enduro / Offroad,889,103.0,Twin,20.0,196.0,850.0,0.53
20849,Ktm,890 adventure l,2021,Enduro / Offroad,889,103.0,Twin,20.0,196.0,850.0,0.53
20850,Ktm,890 adventure r,2021,Enduro / Offroad,889,103.0,Twin,20.0,196.0,880.0,0.53
20851,Ktm,890 adventure r rally,2021,Enduro / Offroad,889,103.0,Twin,20.0,196.0,910.0,0.53
20852,Ktm,890 duke,2021,Naked Bike,889,114.0,Twin,14.0,169.0,820.0,0.67
20853,Ktm,890 duke l,2021,Naked Bike,889,93.9,Twin,14.0,169.0,820.0,0.56
20854,Ktm,890 duke r,2020,Naked Bike,890,119.0,Twin,14.0,166.0,825.0,0.72
20855,Ktm,890 duke r,2021,Naked Bike,889,119.0,Twin,14.0,166.0,834.0,0.72
28531,Suzuki,boulevard 400,2016,Custom / Cruiser,399,32.2,V2,15.0,267.0,700.0,0.12
20876,Ktm,990 adventure,2010,Enduro / Offroad,999,104.0,Twin,19.5,209.0,860.0,0.5
20877,Ktm,990 adventure,2011,Super Motard,999,104.0,V2,19.5,209.0,860.0,0.5
20878,Ktm,990 adventure,2012,Super Motard,999,113.0,Twin,19.5,209.5,880.0,0.54
20879,Ktm,990 adventure,2013,Super Motard,999,113.0,Twin,20.0,209.5,880.0,0.54
20881,Ktm,990 adventure dakar,2011,Super Motard,999,115.0,V2,19.68,209.6,861.0,0.55
20884,Ktm,990 adventure r,2010,Enduro / Offroad,999,113.0,Twin,19.5,207.0,915.0,0.55
20885,Ktm,990 adventure r,2011,Super Motard,999,113.0,V2,19.5,207.0,915.0,0.55
20886,Ktm,990 adventure r,2012,Super Motard,999,113.0,V2,19.5,207.0,905.0,0.55
20887,Ktm,990 adventure r,2013,Super Motard,999,113.0,V2,20.0,207.0,905.0,0.55
20892,Ktm,990 sm r,2013,Super Motard,999,114.0,Twin,15.0,192.0,875.0,0.59
20893,Ktm,990 sm t,2013,Super Motard,999,114.0,V2,19.0,198.0,855.0,0.58
20897,Ktm,990 super duke,2010,Naked Bike,999,118.0,Twin,18.5,186.0,850.0,0.63
20898,Ktm,990 super duke,2011,Naked Bike,999,118.0,V2,18.5,186.0,850.0,0.63
20902,Ktm,990 super duke r,2010,Naked Bike,999,130.0,Twin,18.5,185.0,850.0,0.7
20903,Ktm,990 super duke r,2012,Naked Bike,999,123.0,V2,18.5,186.0,850.0,0.66
20904,Ktm,990 super duke r,2013,Naked Bike,999,123.0,V2,18.5,186.0,850.0,0.66
20911,Ktm,990 supermoto,2010,Super Motard,999,114.0,Twin,19.0,191.0,875.0,0.6
20912,Ktm,990 supermoto,2011,Super Motard,999,114.0,V2,19.0,191.0,875.0,0.6
20914,Ktm,990 supermoto r,2010,Super Motard,999,114.0,Twin,15.0,189.0,875.0,0.6
20915,Ktm,990 supermoto r,2011,Super Motard,999,114.0,V2,15.0,189.0,875.0,0.6
20916,Ktm,990 supermoto r,2012,Super Motard,999,114.0,V2,15.0,192.0,875.0,0.59
20918,Ktm,990 supermoto t,2010,Super Motard,999,114.0,Twin,19.0,196.0,855.0,0.58
20919,Ktm,990 supermoto t,2011,Super Motard,999,114.0,V2,19.0,196.0,855.0,0.58
20920,Ktm,990 supermoto t,2012,Super Motard,999,114.0,V2,19.0,198.0,855.0,0.58
20973,Ktm,freeride 250 f,2018,Enduro / Offroad,249,20.5,Single cylinder,7.0,92.5,915.0,0.22
21029,Ktm,rc 125,2014,Sport,125,15.0,Single cylinder,10.0,135.0,820.0,0.11
21030,Ktm,rc 125,2015,Sport,125,15.0,Single cylinder,10.0,135.0,820.0,0.11
21031,Ktm,rc 125,2016,Sport,125,15.0,Single cylinder,10.0,135.0,820.0,0.11
21032,Ktm,rc 125,2017,Sport,125,15.0,Single cylinder,10.0,135.0,820.0,0.11
21033,Ktm,rc 125,2018,Sport,125,15.0,Single cylinder,10.0,135.0,820.0,0.11
21034,Ktm,rc 125,2019,Sport,125,15.0,Single cylinder,10.0,135.0,820.0,0.11
21035,Ktm,rc 125,2020,Sport,125,15.0,Single cylinder,9.5,139.0,820.0,0.11
21036,Ktm,rc 125,2022,Sport,125,15.0,Single cylinder,13.7,147.0,824.0,0.1
21037,Ktm,rc 200,2014,Sport,200,25.5,Single cylinder,4.0,137.5,820.0,0.19
21038,Ktm,rc 200,2015,Sport,200,25.0,Single cylinder,10.0,137.5,820.0,0.18
21039,Ktm,rc 200,2016,Sport,200,25.0,Single cylinder,10.0,137.5,820.0,0.18
21040,Ktm,rc 200,2017,Sport,200,25.0,Single cylinder,10.0,137.5,820.0,0.18
21041,Ktm,rc 200,2018,Sport,200,25.0,Single cylinder,10.0,137.5,820.0,0.18
21042,Ktm,rc 200,2019,Sport,200,25.5,Single cylinder,10.0,137.5,820.0,0.19
21043,Ktm,rc 250,2016,Sport,249,30.8,Single cylinder,10.0,147.0,820.0,0.21
21044,Ktm,rc 250,2017,Sport,249,31.0,Single cylinder,10.0,147.0,820.0,0.21
21045,Ktm,rc 250,2018,Sport,249,31.0,Single cylinder,10.0,147.0,820.0,0.21
21046,Ktm,rc 250,2019,Sport,249,30.9,Single cylinder,10.0,147.0,820.0,0.21
21050,Ktm,rc 390,2014,Sport,373,42.9,Single cylinder,10.0,147.0,820.0,0.29
21051,Ktm,rc 390,2015,Sport,373,44.0,Single cylinder,10.0,147.0,820.0,0.3
21052,Ktm,rc 390,2016,Sport,373,44.0,Single cylinder,10.0,147.0,820.0,0.3
21053,Ktm,rc 390,2017,Sport,373,44.0,Single cylinder,10.0,147.0,820.0,0.3
21054,Ktm,rc 390,2018,Sport,373,44.0,Single cylinder,10.0,149.0,820.0,0.3
21055,Ktm,rc 390,2019,Sport,373,44.0,Single cylinder,10.0,147.0,820.0,0.3
21056,Ktm,rc 390,2020,Sport,373,44.0,Single cylinder,9.5,149.0,820.0,0.3
21057,Ktm,rc 390,2022,Sport,373,44.0,Single cylinder,13.7,155.0,824.0,0.28
21059,Ktm,rc 8c,2022,Sport,889,126.0,Twin,16.0,140.0,820.0,0.9
21105,Kurazai,fighter 250,2022,Allround,250,16.0,Single cylinder,12.0,120.0,820.0,0.13
21106,Kurazai,razer 150,2022,Scooter,150,10.7,Single cylinder,3.5,105.0,640.0,0.1
21132,Kymco,agility 125,2016,Scooter,125,9.3,Single cylinder,4.92,107.0,787.0,0.09
21133,Kymco,agility 125,2017,Scooter,125,9.3,Single cylinder,4.92,107.0,787.0,0.09
21134,Kymco,agility 125,2019,Scooter,125,9.3,Single cylinder,4.92,107.0,787.0,0.09
21135,Kymco,agility 125,2021,Scooter,125,9.3,Single cylinder,4.92,106.0,785.0,0.09
21141,Kymco,agility 50,2016,Scooter,49,1.9,Single cylinder,3.5,92.5,800.0,0.02
21142,Kymco,agility 50,2017,Scooter,49,1.9,Single cylinder,3.5,92.5,800.0,0.02
21143,Kymco,agility 50,2019,Scooter,49,1.9,Single cylinder,4.92,92.5,787.0,0.02
21145,Kymco,agility carry,2012,Scooter,49,2.6,Single cylinder,5.0,105.5,810.0,0.02
21148,Kymco,agility city 125i cbs,2017,Scooter,125,8.9,Single cylinder,6.0,120.0,840.0,0.07
21150,Kymco,agility plus 300,2019,Scooter,276,22.9,Single cylinder,13.0,177.0,810.0,0.13
21153,Kymco,agility rs 50,2017,Scooter,50,3.4,Single cylinder,5.0,95.0,780.0,0.04
21154,Kymco,ak 550,2020,Scooter,550,52.7,Twin,15.0,226.0,785.0,0.23
21155,Kymco,ak 550,2021,Scooter,550,53.0,Twin,15.0,210.0,785.0,0.25
21156,Kymco,ak 550 55th,2019,Scooter,550,53.0,Twin,14.5,210.0,785.0,0.25
21174,Kymco,city 50,2012,Scooter,50,3.5,Single cylinder,6.0,108.0,840.0,0.03
21175,Kymco,city plus 50,2017,Scooter,49,3.8,Single cylinder,7.0,108.0,760.0,0.04
21176,Kymco,ck1 125,2016,Sport,125,10.3,Single cylinder,13.5,122.0,780.0,0.08
21177,Kymco,ck1 125,2017,Sport,125,10.3,Single cylinder,13.5,122.0,780.0,0.08
21179,Kymco,compagno 110i,2016,Scooter,112,9.6,Single cylinder,5.49,89.8,737.0,0.11
21180,Kymco,compagno 110i,2017,Scooter,112,9.6,Single cylinder,5.49,89.8,737.0,0.11
21198,Kymco,dj 50 s,2016,Scooter,49,3.2,Single cylinder,5.0,105.0,780.0,0.03
21199,Kymco,dj 50 s,2017,Scooter,50,3.2,Single cylinder,5.0,105.0,780.0,0.03
21201,Kymco,djs50,2012,Scooter,50,3.8,Single cylinder,6.0,98.0,810.0,0.04
21203,Kymco,downtown,2010,Scooter,125,15.2,Single cylinder,12.5,107.0,775.0,0.14
21204,Kymco,downtown 125i abs,2017,Scooter,125,14.8,Single cylinder,12.5,167.0,775.0,0.09
21205,Kymco,downtown 200,2010,Scooter,205,21.1,Single cylinder,12.6,166.0,775.0,0.13
21206,Kymco,downtown 200i,2012,Scooter,205,10.9,Single cylinder,12.49,166.5,775.0,0.07
21207,Kymco,downtown 200i,2013,Scooter,205,10.9,Single cylinder,12.49,166.5,775.0,0.07
21208,Kymco,downtown 300i,2011,Scooter,299,29.5,Single cylinder,12.6,166.0,775.0,0.18
21209,Kymco,downtown 300i,2012,Scooter,299,29.5,Single cylinder,12.6,166.0,775.0,0.18
21210,Kymco,downtown 300i,2013,Scooter,299,29.5,Single cylinder,12.6,166.0,775.0,0.18
21211,Kymco,downtown 300i,2016,Scooter,299,29.5,Single cylinder,12.6,166.0,775.0,0.18
21212,Kymco,downtown 300i,2017,Scooter,299,29.5,Single cylinder,12.6,166.0,775.0,0.18
21213,Kymco,downtown 350i tcs,2020,Scooter,321,30.0,Single cylinder,12.5,173.0,810.0,0.17
21217,Kymco,g-dink 125i,2012,Scooter,125,11.5,Single cylinder,9.0,140.0,760.0,0.08
21218,Kymco,g-dink 300i,2012,Scooter,271,17.4,Single cylinder,9.0,140.0,760.0,0.12
21247,Kymco,jetix 125,2010,Scooter,124,7.8,Single cylinder,6.8,101.0,790.0,0.08
21248,Kymco,jetix 150,2010,Scooter,149,8.0,Single cylinder,6.8,102.0,790.0,0.08
21250,Kymco,jetix 50,2010,Scooter,49,1.5,Single cylinder,6.8,99.0,790.0,0.02
21253,Kymco,k-pipe 125,2016,Naked Bike,124,8.0,Single cylinder,4.54,119.8,787.0,0.07
21254,Kymco,k-pipe 125,2017,Naked Bike,124,8.0,Single cylinder,4.54,119.8,787.0,0.07
21255,Kymco,k-pipe 125,2019,Naked Bike,125,8.0,Single cylinder,4.54,110.9,838.0,0.07
21256,Kymco,k-pipe 125,2021,Naked Bike,124,6.7,Single cylinder,4.54,107.0,780.0,0.06
21258,Kymco,k-xct 125,2012,Scooter,125,15.0,Single cylinder,12.5,162.5,810.0,0.09
21264,Kymco,like 125,2017,Scooter,125,9.4,Single cylinder,8.0,110.0,775.0,0.09
21265,Kymco,like 125i,2013,Scooter,125,9.4,Single cylinder,8.0,110.0,775.0,0.09
21266,Kymco,like 150i,2019,Scooter,150,13.5,Single cylinder,6.81,119.8,790.0,0.11
21274,Kymco,like 50,2013,Scooter,49,1.5,Single cylinder,5.0,99.8,780.0,0.02
21275,Kymco,like 50 2t,2012,Scooter,49,1.5,Single cylinder,5.0,99.8,780.0,0.02
21276,Kymco,like 50 2t lx,2012,Scooter,49,1.5,Single cylinder,5.0,99.8,780.0,0.02
21277,Kymco,like 50 4t,2010,Scooter,49,3.8,Single cylinder,7.0,101.0,780.0,0.04
21278,Kymco,like 50 lx,2013,Scooter,49,1.5,Single cylinder,5.0,99.8,780.0,0.02
21284,Kymco,maxxer 450i,2010,Atv,443,33.0,Single cylinder,15.0,270.0,855.0,0.12
21285,Kymco,maxxer 450i,2012,Atv,443,33.0,Single cylinder,15.0,270.0,855.0,0.12
21286,Kymco,maxxer 450i,2013,Atv,443,33.0,Single cylinder,15.0,270.0,855.0,0.12
21287,Kymco,maxxer 450i,2021,Atv,443,31.5,Single cylinder,15.0,274.0,855.0,0.11
21289,Kymco,maxxer 50,2010,Atv,49,3.9,Single cylinder,6.8,100.0,630.0,0.04
21292,Kymco,mongoose 300,2010,Atv,270,18.3,Single cylinder,12.87,177.8,813.0,0.1
21293,Kymco,mongoose 300,2012,Atv,270,18.3,Single cylinder,12.87,178.0,813.0,0.1
21294,Kymco,mongoose 300,2013,Atv,270,18.3,Single cylinder,12.87,178.0,813.0,0.1
21295,Kymco,mongoose 70,2012,Atv,69,5.3,Single cylinder,5.3,105.2,660.0,0.05
21296,Kymco,mongoose 70,2013,Atv,69,5.3,Single cylinder,5.3,105.2,660.0,0.05
21297,Kymco,mongoose 90,2010,Atv,89,6.3,Single cylinder,5.3,105.2,660.0,0.06
21298,Kymco,mongoose 90,2012,Atv,89,6.3,Single cylinder,5.3,105.2,660.0,0.06
21299,Kymco,mongoose 90,2013,Atv,89,6.3,Single cylinder,5.3,105.2,660.0,0.06
21312,Kymco,mxu 150,2012,Atv,151,11.0,Single cylinder,8.1,174.0,749.0,0.06
21313,Kymco,mxu 150,2013,Atv,151,11.0,Single cylinder,8.1,174.0,749.0,0.06
21315,Kymco,mxu 150 rl,2017,Atv,151,11.0,Single cylinder,9.0,175.0,750.0,0.06
21319,Kymco,mxu 300,2013,Atv,270,18.3,Single cylinder,12.49,216.8,808.0,0.08
21320,Kymco,mxu 300 r,2012,Atv,270,18.8,Single cylinder,15.0,215.0,810.0,0.09
21321,Kymco,mxu 300 r,2017,Atv,271,19.4,Single cylinder,14.0,241.0,810.0,0.08
21322,Kymco,mxu 300 rl,2011,Atv,367,18.8,Single cylinder,15.0,215.0,810.0,0.09
21323,Kymco,mxu 300 shaft drive,2012,Atv,270,18.3,Single cylinder,12.49,216.8,808.0,0.08
21324,Kymco,mxu 375i,2013,Atv,367,26.0,Single cylinder,14.99,274.9,810.0,0.09
21325,Kymco,mxu 375i 4x4 irs,2012,Atv,367,26.0,Single cylinder,14.99,274.9,810.0,0.09
21328,Kymco,mxu 450i,2013,Atv,443,33.0,Single cylinder,17.79,275.8,808.0,0.12
21329,Kymco,mxu 450i irs,2012,Atv,443,33.0,Single cylinder,17.79,275.8,808.0,0.12
21330,Kymco,mxu 450i le,2013,Atv,443,33.0,Single cylinder,17.79,275.8,808.0,0.12
21333,Kymco,mxu 500,2010,Atv,498,18.0,Single cylinder,17.0,306.0,848.0,0.06
21334,Kymco,mxu 500,2013,Atv,498,18.0,Single cylinder,17.0,306.0,848.0,0.06
21335,Kymco,mxu 500 4x4 irs,2012,Atv,498,18.0,Single cylinder,17.0,306.0,848.0,0.06
21336,Kymco,mxu 500 irs,2017,Atv,498,20.0,Single cylinder,19.0,324.0,840.0,0.06
21340,Kymco,mxu 500i le,2013,Atv,498,47.6,Single cylinder,17.0,305.0,890.0,0.16
21341,Kymco,mxu 700i,2013,Atv,695,45.0,Single cylinder,16.65,356.5,890.0,0.13
21343,Kymco,mxu 700i le,2013,Atv,695,45.0,Single cylinder,17.0,305.0,890.0,0.15
21345,Kymco,mxu500i dx,2012,Atv,498,47.6,Single cylinder,17.0,305.0,890.0,0.16
21347,Kymco,myroad 700i,2012,Scooter,700,59.0,Twin,15.0,265.0,780.0,0.22
21374,Kymco,people gt 300i,2016,Scooter,299,29.5,Single cylinder,9.08,165.1,810.0,0.18
21375,Kymco,people gt 300i,2017,Scooter,299,29.5,Single cylinder,9.08,165.1,810.0,0.18
21376,Kymco,people gt 300i abs,2017,Scooter,299,29.5,Single cylinder,9.0,165.0,810.0,0.18
21377,Kymco,people one 125,2013,Scooter,125,9.4,Single cylinder,6.0,120.0,760.0,0.08
21384,Kymco,people s 300i,2019,Scooter,290,27.0,Single cylinder,9.0,165.0,810.0,0.16
21389,Kymco,people s150,2021,Scooter,150,13.5,Single cylinder,9.0,130.0,800.0,0.1
21395,Kymco,pulsar 125,2012,Sport,124,10.1,Single cylinder,16.0,117.0,780.0,0.09
21396,Kymco,pulsar 125,2013,Sport,124,10.7,Single cylinder,16.0,115.0,780.0,0.09
21397,Kymco,pulsar 125 lx,2012,Sport,124,10.1,Single cylinder,16.0,117.0,780.0,0.09
21400,Kymco,pulsar lx 125,2011,Sport,124,10.1,Single cylinder,16.0,117.0,755.0,0.09
21402,Kymco,quannon 125,2016,Sport,124,13.0,Single cylinder,13.5,137.0,800.0,0.09
21406,Kymco,quannon naked 125,2010,Naked Bike,124,12.9,Single cylinder,13.5,132.0,800.0,0.1
21407,Kymco,quannon naked 125,2016,Naked Bike,124,13.0,Single cylinder,13.5,132.0,800.0,0.1
21410,Kymco,rs 125,2012,Scooter,124,9.3,Single cylinder,3.5,108.0,800.0,0.09
21411,Kymco,rs 50,2012,Scooter,49,3.5,Single cylinder,3.5,95.0,780.0,0.04
21417,Kymco,spade 150,2019,Allround,149,12.5,Single cylinder,6.06,112.8,711.0,0.11
21418,Kymco,spade 150i,2021,Allround,149,12.0,Single cylinder,6.06,115.5,711.0,0.1
21423,Kymco,sting 50,2010,Scooter,49,1.5,Single cylinder,5.3,97.1,828.0,0.02
21448,Kymco,super 8 150r,2016,Scooter,151,10.3,Single cylinder,4.92,107.0,787.0,0.1
21451,Kymco,super 8 150x,2019,Scooter,151,10.5,Single cylinder,4.92,105.5,787.0,0.1
21452,Kymco,super 8 150x,2021,Scooter,151,10.5,Single cylinder,4.92,105.5,800.0,0.1
21453,Kymco,super 8 50,2010,Scooter,49,1.5,Single cylinder,5.0,105.9,787.0,0.01
21454,Kymco,super 8 50,2013,Scooter,49,1.5,Single cylinder,5.0,105.7,787.0,0.01
21455,Kymco,super 8 50,2017,Scooter,50,3.4,Single cylinder,6.0,108.0,780.0,0.03
21456,Kymco,super 8 50 2t,2012,Scooter,49,1.5,Single cylinder,5.0,105.9,787.0,0.01
21457,Kymco,super 8 50 4t,2012,Scooter,49,3.4,Single cylinder,5.0,108.0,780.0,0.03
21458,Kymco,super 8 50r,2016,Scooter,49,1.9,Single cylinder,5.0,95.5,780.0,0.02
21459,Kymco,super 8 50x,2016,Scooter,49,1.9,Single cylinder,4.92,95.5,780.0,0.02
21460,Kymco,super 8 50x,2017,Scooter,49,1.9,Single cylinder,4.92,95.5,780.0,0.02
21461,Kymco,super 8 50x,2019,Scooter,49,1.9,Single cylinder,4.92,95.5,780.0,0.02
21480,Kymco,venox 250i,2016,Custom / Cruiser,252,21.8,V2,14.0,175.0,725.0,0.12
21483,Kymco,venox carb 250 e2,2010,Custom / Cruiser,249,27.5,V2,14.0,175.0,725.0,0.16
21492,Kymco,x-town 300i,2019,Scooter,276,23.0,Single cylinder,12.49,180.6,780.0,0.13
21493,Kymco,x-town 300i,2020,Scooter,276,24.1,Single cylinder,12.5,181.0,800.0,0.13
21494,Kymco,x-town 300i,2021,Scooter,276,24.1,Single cylinder,12.5,185.0,800.0,0.13
21495,Kymco,x-town city 125,2019,Scooter,125,14.8,Single cylinder,10.5,167.0,765.0,0.09
21499,Kymco,xciting 400,2012,Scooter,398,34.8,Single cylinder,12.0,210.0,768.0,0.17
21500,Kymco,xciting 400i,2013,Scooter,398,35.5,Single cylinder,12.0,210.0,768.0,0.17
21501,Kymco,xciting 400i abs,2017,Scooter,399,35.5,Single cylinder,12.5,209.0,795.0,0.17
21506,Kymco,xciting 500 ri abs,2017,Scooter,498,37.8,Single cylinder,12.79,209.6,768.0,0.18
21508,Kymco,xciting 500i abs,2016,Scooter,498,37.8,Single cylinder,12.79,209.6,768.0,0.18
21515,Kymco,xciting s400i,2020,Scooter,400,35.5,Single cylinder,12.5,195.0,810.0,0.18
21539,Kymco,zing ii 125,2012,Custom / Cruiser,124,11.5,Single cylinder,14.0,152.0,680.0,0.08
21540,Kymco,zing ii 125,2013,Custom / Cruiser,124,11.5,Single cylinder,14.0,152.0,680.0,0.08
21541,Kymco,zing ii 125 e3,2010,Custom / Cruiser,124,11.5,Single cylinder,14.0,152.0,680.0,0.08
21628,Lambretta,ln125,2012,Scooter,125,8.7,Single cylinder,6.0,111.0,800.0,0.08
21629,Lambretta,ln125,2013,Scooter,125,8.7,Single cylinder,6.0,111.0,800.0,0.08
21630,Lambretta,ln151,2012,Scooter,151,10.3,Single cylinder,6.0,111.0,800.0,0.09
21631,Lambretta,ln151,2013,Scooter,151,10.3,Single cylinder,6.0,111.0,800.0,0.09
21632,Lambretta,lt 50,2013,Scooter,49,4.8,Single cylinder,6.0,87.0,750.0,0.06
21672,Lambretta,v125 special,2018,Scooter,125,10.1,Single cylinder,6.5,86.2,770.0,0.12
21673,Lambretta,v125 special,2019,Scooter,125,10.1,Single cylinder,6.0,86.2,800.0,0.12
21674,Lambretta,v125 special,2020,Scooter,125,10.1,Single cylinder,6.0,86.2,800.0,0.12
21675,Lambretta,v125 special,2022,Scooter,125,11.3,Single cylinder,6.0,86.2,800.0,0.13
21676,Lambretta,v125 special fix,2021,Scooter,125,10.1,Single cylinder,6.0,86.2,800.0,0.12
21677,Lambretta,v125 special flex,2018,Scooter,125,10.1,Single cylinder,6.5,86.2,770.0,0.12
21678,Lambretta,v125 special flex,2021,Scooter,125,10.1,Single cylinder,6.5,86.2,770.0,0.12
21679,Lambretta,v125 special pirelli edition,2019,Scooter,125,10.1,Single cylinder,6.0,86.2,800.0,0.12
21680,Lambretta,v125 special pirelli edition,2021,Scooter,125,10.1,Single cylinder,6.0,95.0,800.0,0.11
21681,Lambretta,v200 special,2018,Scooter,169,11.9,Single cylinder,6.5,86.2,770.0,0.14
21682,Lambretta,v200 special,2022,Scooter,169,12.1,Single cylinder,6.0,86.2,800.0,0.14
21683,Lambretta,v200 special fix,2021,Scooter,169,11.9,Single cylinder,6.5,86.2,770.0,0.14
21684,Lambretta,v200 special flex,2018,Scooter,169,11.9,Single cylinder,6.5,86.2,770.0,0.14
21685,Lambretta,v200 special flex,2019,Scooter,169,11.8,Single cylinder,6.5,86.2,800.0,0.14
21686,Lambretta,v200 special flex,2020,Scooter,168,11.8,Single cylinder,6.5,86.2,800.0,0.14
21687,Lambretta,v200 special flex,2021,Scooter,169,11.8,Single cylinder,6.5,86.2,800.0,0.14
21688,Lambretta,v50 special,2018,Scooter,50,3.5,Single cylinder,6.5,86.2,770.0,0.04
21689,Lambretta,v50 special,2019,Scooter,50,3.5,Single cylinder,6.5,86.2,770.0,0.04
21690,Lambretta,v50 special,2020,Scooter,50,3.5,Single cylinder,6.5,86.2,770.0,0.04
21691,Lambretta,v50 special,2022,Scooter,50,3.0,Single cylinder,6.5,86.2,770.0,0.03
21692,Lambretta,v50 special fix,2021,Scooter,50,3.5,Single cylinder,6.5,86.2,770.0,0.04
21693,Lambretta,v50 special flex,2018,Scooter,50,3.5,Single cylinder,6.5,86.2,770.0,0.04
21694,Lambretta,v50 special flex,2021,Scooter,50,3.5,Single cylinder,6.5,86.2,770.0,0.04
21842,Lem,four x motard,2019,"Minibike, Cross",107,7.0,Single cylinder,2.0,61.6,670.0,0.11
21864,Lem,rx 150 racing,2011,Enduro / Offroad,150,13.5,Single cylinder,2.01,60.0,729.0,0.22
21866,Lem,rx 65 racing,2011,Enduro / Offroad,65,17.4,Single cylinder,2.01,56.3,729.0,0.31
21870,Lem,rx2 racing,2011,"Minibike, Cross",50,12.6,Single cylinder,2.01,41.0,605.0,0.31
21872,Lem,rx3 racing,2011,"Minibike, Cross",50,12.8,Single cylinder,2.01,42.0,675.0,0.3
21882,Leonart,daytona 125 x,2021,Custom / Cruiser,125,12.1,Twin,14.0,180.0,660.0,0.07
21907,Lexmoto,aspire 125,2016,Naked Bike,125,9.8,Single cylinder,13.0,110.0,770.0,0.09
21909,Lexmoto,assault 125,2016,Naked Bike,125,10.7,Single cylinder,14.5,117.0,780.0,0.09
21911,Lexmoto,dart 125,2016,Scooter,125,8.3,Single cylinder,4.8,99.0,760.0,0.08
21912,Lexmoto,diablo 125,2016,Scooter,125,8.9,Single cylinder,6.0,106.0,810.0,0.08
21913,Lexmoto,diablo 125 efi,2017,Scooter,125,8.9,Single cylinder,6.0,106.0,810.0,0.08
21917,Lexmoto,fm 50,2016,Scooter,50,2.9,Single cylinder,4.5,85.0,830.0,0.03
21919,Lexmoto,fmr 50,2016,Scooter,50,3.5,Single cylinder,4.5,86.0,830.0,0.04
21920,Lexmoto,fms 125,2016,Scooter,125,7.6,Single cylinder,6.4,115.0,730.0,0.07
21921,Lexmoto,fmx 125,2016,Scooter,125,7.4,Single cylinder,4.6,111.0,750.0,0.07
21922,Lexmoto,hawk 125,2018,Sport,125,9.4,Single cylinder,14.0,135.0,810.0,0.07
21924,Lexmoto,isca 125,2019,Allround,124,10.7,Single cylinder,13.0,130.0,780.0,0.08
21928,Lexmoto,matador 125,2016,Scooter,125,8.3,Single cylinder,6.0,109.0,780.0,0.08
21929,Lexmoto,michigan 125,2016,Allround,125,9.9,Single cylinder,13.5,140.0,680.0,0.07
21935,Lexmoto,ranger 125,2014,Custom / Cruiser,124,7.5,Single cylinder,13.0,136.0,720.0,0.06
21938,Lexmoto,scout 49,2016,Scooter,50,3.5,Single cylinder,6.5,79.0,740.0,0.04
21941,Lexmoto,tempest gt 125,2021,Allround,125,9.7,Single cylinder,13.0,126.0,780.0,0.08
21943,Lexmoto,valencia 50,2016,Scooter,50,3.0,Single cylinder,4.0,88.0,780.0,0.03
21946,Lexmoto,venom 125,2016,Naked Bike,125,11.4,Single cylinder,14.0,134.0,770.0,0.09
21947,Lexmoto,venom 125 efi,2017,Naked Bike,125,11.4,Single cylinder,14.0,134.0,770.0,0.09
21948,Lexmoto,venom se 125,2016,Naked Bike,125,11.4,Single cylinder,14.0,134.0,770.0,0.09
21949,Lexmoto,verona 125,2016,Scooter,125,8.5,Single cylinder,5.0,98.0,830.0,0.09
21950,Lexmoto,vienna 125,2016,Scooter,125,7.4,Single cylinder,6.0,102.0,780.0,0.07
21952,Lexmoto,viper 125,2017,Naked Bike,125,11.4,Single cylinder,14.0,134.0,770.0,0.09
21956,Lexmoto,zsb 125,2016,Allround,125,10.6,Single cylinder,13.0,124.5,740.0,0.09
21958,Lexmoto,zsf 125,2016,Naked Bike,125,9.8,Single cylinder,13.0,125.0,760.0,0.08
21959,Lexmoto,zsx 125,2016,Sport,125,10.5,Single cylinder,18.0,125.0,780.0,0.08
21964,Lifan,ares 110,2020,Scooter,107,7.0,Single cylinder,3.7,96.0,750.0,0.07
21965,Lifan,blink,2020,Scooter,124,9.0,Single cylinder,5.0,107.0,758.0,0.08
21966,Lifan,bws125,2020,Scooter,125,8.1,Single cylinder,5.5,115.0,790.0,0.07
21968,Lifan,camel 125,2020,Allround,124,11.5,Single cylinder,11.0,122.0,750.0,0.09
21969,Lifan,camel 150,2020,Sport,149,12.3,Single cylinder,12.0,122.0,785.0,0.1
21970,Lifan,ccr150,2020,Sport,158,12.1,Single cylinder,13.0,132.0,765.0,0.09
21972,Lifan,csiii,2020,Allround,149,11.5,Single cylinder,11.0,120.0,770.0,0.1
21973,Lifan,ct-ray,2020,Scooter,125,8.7,Single cylinder,6.0,115.0,730.0,0.08
21975,Lifan,cub-adv,2020,Scooter,120,8.1,Single cylinder,3.7,105.0,780.0,0.08
21976,Lifan,custom v250,2020,Custom / Cruiser,249,18.1,Twin,12.8,152.0,670.0,0.12
21981,Lifan,em150l,2020,Sport,149,12.7,Single cylinder,15.0,128.0,780.0,0.1
21983,Lifan,glow 100,2020,Allround,97,6.7,Single cylinder,15.0,120.0,730.0,0.06
21986,Lifan,homas 150,2020,Allround,158,12.1,Single cylinder,13.0,138.0,765.0,0.09
21989,Lifan,hunter 150,2020,Sport,149,11.5,Single cylinder,12.5,120.0,785.0,0.1
21992,Lifan,hurricane,2018,Scooter,149,8.5,Single cylinder,5.3,109.8,762.0,0.08
21993,Lifan,jojo 110,2020,Scooter,109,7.0,Single cylinder,3.0,107.0,780.0,0.07
21994,Lifan,k19,2020,Custom / Cruiser,149,13.4,Single cylinder,14.0,160.0,710.0,0.08
21995,Lifan,kp mini,2017,Super Motard,149,12.2,Single cylinder,5.3,109.8,729.0,0.11
21996,Lifan,kp mini,2020,Super Motard,149,13.0,Single cylinder,5.3,109.8,729.0,0.12
21997,Lifan,kp-200,2017,Sport,198,17.0,Single cylinder,14.0,144.7,775.0,0.12
21998,Lifan,kp-200,2020,Sport,198,17.0,Single cylinder,14.0,144.7,775.0,0.12
21999,Lifan,kp150,2020,Sport,149,13.1,Single cylinder,15.0,138.0,775.0,0.09
22000,Lifan,kp150f,2020,Sport,149,12.7,Single cylinder,15.0,134.0,775.0,0.09
22003,Lifan,kp350,2020,Naked Bike,350,26.8,Twin,15.0,187.0,790.0,0.14
22004,Lifan,kpm 200,2020,Sport,198,17.0,Single cylinder,12.87,151.1,780.0,0.11
22005,Lifan,kpm 200,2021,Sport,198,17.0,Single cylinder,12.87,151.1,780.0,0.11
22006,Lifan,kpm-200,2020,Sport,198,17.0,Single cylinder,14.0,144.7,775.0,0.12
22007,Lifan,kpmini 150,2020,"Minibike, Sport",149,12.7,Single cylinder,5.5,110.0,730.0,0.12
22008,Lifan,kpr 200,2017,Sport,198,17.0,Single cylinder,14.0,149.7,775.0,0.11
22009,Lifan,kpr 200,2020,Sport,198,17.0,Single cylinder,14.0,149.7,775.0,0.11
22010,Lifan,kpr150,2020,Sport,158,14.1,Single cylinder,14.0,150.0,775.0,0.09
22012,Lifan,kps200,2020,Naked Bike,198,16.8,Single cylinder,14.0,150.0,775.0,0.11
22015,Lifan,kpv150,2020,Scooter,149,12.1,Single cylinder,11.0,143.0,760.0,0.08
22025,Lifan,lf125-10k,2012,Sport,124,11.0,Single cylinder,12.0,130.0,770.0,0.08
22026,Lifan,lf125-3 cross,2012,Allround,124,11.0,Single cylinder,10.5,105.0,730.0,0.1
22028,Lifan,lf125-9a,2012,Sport,124,11.4,Single cylinder,10.5,108.0,770.0,0.11
22029,Lifan,lf150-13h,2012,Sport,149,11.5,Single cylinder,21.0,128.0,780.0,0.09
22030,Lifan,lf150-2,2012,Enduro / Offroad,149,11.0,Single cylinder,13.5,120.0,770.0,0.09
22031,Lifan,lf150-sj ii,2012,Sport,149,11.0,Single cylinder,13.0,117.0,770.0,0.09
22046,Lifan,pk110f,2020,Scooter,109,8.1,Single cylinder,3.7,100.0,770.0,0.08
22047,Lifan,pk125m,2020,Scooter,125,8.9,Single cylinder,3.5,101.0,770.0,0.09
22048,Lifan,pks110,2020,Scooter,107,7.0,Single cylinder,3.5,100.0,770.0,0.07
22051,Lifan,road bar 150,2020,Sport,158,12.1,Single cylinder,14.5,128.0,780.0,0.09
22053,Lifan,royal 250,2017,Custom / Cruiser,249,18.4,V2,14.0,152.0,671.0,0.12
22058,Lifan,ss3,2020,Sport,149,12.3,Single cylinder,12.0,150.0,775.0,0.08
22061,Lifan,v16,2020,Allround,249,18.8,V2,14.0,165.0,700.0,0.11
22063,Lifan,x-pect,2017,Enduro / Offroad,197,14.0,Single cylinder,9.84,129.7,831.0,0.11
22064,Lifan,x-pect,2020,Enduro / Offroad,197,14.0,Single cylinder,9.84,129.7,831.0,0.11
22065,Lifan,x-pect 200,2020,Enduro / Offroad,197,16.1,Single cylinder,10.0,129.0,831.0,0.12
22093,Linhai,aeolus denali 125 fx,2017,Super Motard,124,8.5,Single cylinder,7.95,98.9,780.0,0.09
22095,Linhai,aeolus mainstreet 300,2017,Scooter,275,18.7,Single cylinder,12.11,167.8,739.0,0.11
22096,Linhai,aeolus passportz 50,2017,Scooter,50,2.9,Single cylinder,6.43,78.0,739.0,0.04
22098,Linhai,aeolus prescott 50xt,2017,Scooter,49,2.7,Single cylinder,6.02,88.0,770.0,0.03
22099,Linhai,aeolus retro 150,2017,Scooter,148,8.7,Single cylinder,9.46,135.2,709.0,0.06
22143,Linhai,prescott 150 xt-3,2017,Scooter,149,8.5,Single cylinder,6.06,91.6,724.0,0.09
22181,Lml,star 150 2s,2013,Scooter,149,7.8,Single cylinder,5.5,109.0,820.0,0.07
22184,Lml,star 4s 125 prestige,2012,Scooter,125,7.8,Single cylinder,5.5,122.0,820.0,0.06
22185,Lml,star 4s 125 vintage,2012,Scooter,125,7.8,Single cylinder,5.5,120.0,820.0,0.06
22186,Lml,star bicolor vintage,2012,Scooter,125,7.8,Single cylinder,5.5,121.0,820.0,0.06
22188,Lml,star gt,2012,Scooter,125,7.8,Single cylinder,5.5,119.0,820.0,0.07
22190,Lml,star rs,2012,Scooter,125,7.8,Single cylinder,5.5,119.0,820.0,0.07
22191,Lml,star urban,2012,Scooter,125,7.8,Single cylinder,5.5,119.0,820.0,0.07
22202,Loncin,cr4,2018,Naked Bike,223,17.7,Single cylinder,12.0,139.0,800.0,0.13
22203,Loncin,cr5,2016,Naked Bike,180,14.1,Single cylinder,12.0,125.0,780.0,0.11
22204,Loncin,cr6,2018,Naked Bike,292,29.0,Single cylinder,12.0,140.0,780.0,0.21
22205,Loncin,gp200,2017,Sport,197,16.7,Single cylinder,16.0,140.0,780.0,0.12
22206,Loncin,gp250,2017,Sport,223,17.7,Single cylinder,12.0,125.0,780.0,0.14
22207,Loncin,gp300,2018,Sport,292,29.0,Single cylinder,12.0,153.0,780.0,0.19
22208,Loncin,jl150-23 hesion,2013,Custom / Cruiser,149,11.4,Single cylinder,13.0,120.0,680.0,0.1
22209,Loncin,jl150-58 cr1,2013,Naked Bike,150,11.4,Single cylinder,15.0,125.0,770.0,0.09
22210,Loncin,jl200gy-2c ranger,2013,Super Motard,193,14.7,Single cylinder,8.0,130.0,840.0,0.11
22211,Loncin,jl250gy rover,2013,Super Motard,223,16.1,Single cylinder,10.0,138.0,860.0,0.12
22216,Loncin,lx110atv-m panther,2013,Atv,107,7.4,Single cylinder,7.8,124.0,660.0,0.06
22217,Loncin,lx125-2i mars,2013,Allround,124,10.1,Single cylinder,11.0,107.0,780.0,0.09
22218,Loncin,lx125-71a city star l,2013,Allround,125,10.7,Single cylinder,11.0,115.0,790.0,0.09
22219,Loncin,lx150-30 spitzer,2013,Sport,150,11.4,Single cylinder,16.0,125.0,780.0,0.09
22220,Loncin,lx150-30a spitzer nk,2013,Naked Bike,150,11.4,Single cylinder,16.0,120.0,780.0,0.1
22221,Loncin,lx150-58 yorobo,2013,Custom / Cruiser,150,11.4,Single cylinder,15.5,125.0,735.0,0.09
22222,Loncin,lx150-70c comanche,2013,Sport,149,11.4,Single cylinder,16.0,130.0,790.0,0.09
22223,Loncin,lx150t-7ii falcon iv,2013,Scooter,150,9.4,Single cylinder,6.0,110.0,760.0,0.09
22224,Loncin,lx175-21 cr5,2013,Naked Bike,181,14.1,Single cylinder,12.0,126.0,780.0,0.11
22225,Loncin,lx200atv-m storm,2013,Atv,176,12.1,Single cylinder,12.0,208.0,760.0,0.06
22226,Loncin,lx200atv-s bull,2013,Atv,176,12.1,Single cylinder,10.0,178.0,710.0,0.07
22227,Loncin,lx200zh,2013,Allround,193,14.7,Single cylinder,13.0,138.0,860.0,0.11
22228,Loncin,lx250atv-f leopard,2013,Atv,230,14.8,Single cylinder,12.0,220.0,810.0,0.07
22229,Loncin,lx50atv-2 kitten,2013,Atv,49,2.7,Single cylinder,3.0,74.0,540.0,0.04
22230,Loncin,reiz,2017,Scooter,107,7.4,Single cylinder,3.5,150.0,910.0,0.05
22231,Loncin,sk 110,2013,Allround,107,7.4,Single cylinder,12.4,105.0,770.0,0.07
22232,Loncin,sx1,2017,Enduro / Offroad,150,17.7,Single cylinder,9.0,150.0,910.0,0.12
22233,Loncin,sx2,2017,Enduro / Offroad,223,17.7,Single cylinder,9.0,150.0,910.0,0.12
22234,Loncin,th125,2013,Scooter,125,11.8,Single cylinder,7.0,128.0,790.0,0.09
22269,Macbor,eight mile,2022,Allround,124,9.5,Single cylinder,12.5,112.0,800.0,0.08
22270,Macbor,eight mile 500 scrambler,2022,Allround,471,46.9,Twin,18.0,175.0,820.0,0.27
22271,Macbor,eight mile 500 street,2022,Allround,471,46.9,Twin,18.0,175.0,790.0,0.27
22274,Macbor,fun 125 plus,2022,Allround,125,10.5,Single cylinder,13.0,125.0,786.0,0.08
22278,Macbor,johnny be good,2022,Custom / Cruiser,124,9.5,Single cylinder,14.5,112.0,770.0,0.08
22279,Macbor,lord martin,2022,Allround,124,9.5,Single cylinder,14.5,112.0,770.0,0.08
22285,Macbor,montana xr5 500,2022,Sport Touring,471,46.9,Twin,20.0,178.0,840.0,0.26
22289,Macbor,rockster 125,2022,Custom / Cruiser,125,10.5,Single cylinder,13.5,130.0,730.0,0.08
22294,Macbor,rockster flat 125,2022,Custom / Cruiser,125,10.5,Single cylinder,13.5,127.0,730.0,0.08
22296,Macbor,shifter mc1,2022,Naked Bike,125,10.5,Single cylinder,15.0,126.0,760.0,0.08
22298,Macbor,stormer r,2022,Sport,125,10.5,Single cylinder,18.0,125.0,763.0,0.08
22491,Malaguti,blog 125 i.e.,2010,Scooter,124,12.0,Single cylinder,9.0,138.0,770.0,0.09
22495,Malaguti,centro 125 i.e.,2010,Scooter,125,13.5,Single cylinder,8.2,124.0,785.0,0.11
22497,Malaguti,centro 160 i.e.,2010,Scooter,154,13.5,Single cylinder,8.2,124.0,785.0,0.11
22562,Malaguti,madison 3 250 i.e.,2010,Scooter,244,22.1,Single cylinder,8.5,158.0,795.0,0.14
22578,Malaguti,password 250,2010,Scooter,250,21.0,Single cylinder,9.2,162.0,779.0,0.13
22609,Malaguti,spidermax gt500,2010,Scooter,459,39.5,Single cylinder,14.5,204.0,760.0,0.19
22611,Malaguti,spidermax rs500,2010,Scooter,493,40.9,Single cylinder,14.5,204.0,760.0,0.2
22612,Malaguti,spidermax rs500,2016,Scooter,493,40.4,Single cylinder,14.5,204.0,760.0,0.2
22615,Malaguti,x3m enduro 125,2010,Super Motard,125,10.2,Single cylinder,9.0,113.0,860.0,0.09
22616,Malaguti,x3m motard 125,2010,Super Motard,125,10.2,Single cylinder,9.0,114.0,830.0,0.09
22682,Mash,125 brown edition,2019,Allround,124,11.6,Single cylinder,14.0,110.0,780.0,0.11
22685,Mash,black 7,2017,Allround,125,11.0,Single cylinder,14.0,112.0,780.0,0.1
22686,Mash,black seven 125,2019,Allround,124,11.0,Single cylinder,14.0,110.0,780.0,0.1
22687,Mash,black seven 250,2019,Allround,249,18.0,Single cylinder,14.0,128.0,780.0,0.14
22688,Mash,cafe racer 125,2016,Allround,125,11.0,Single cylinder,12.0,112.0,780.0,0.1
22689,Mash,cafe racer 125,2019,Allround,125,11.0,Single cylinder,12.0,112.0,780.0,0.1
22690,Mash,cafe racer 250 black edition,2016,Allround,249,20.0,Single cylinder,14.0,130.0,780.0,0.15
22692,Mash,city 125 e4,2019,Scooter,125,7.4,Single cylinder,6.2,112.0,810.0,0.07
22693,Mash,city 125 e4,2020,Scooter,125,7.4,Single cylinder,6.2,112.0,810.0,0.07
22694,Mash,city 50,2021,Scooter,50,2.8,Single cylinder,4.7,112.0,740.0,0.02
22696,Mash,dirt 650 black,2020,Allround,647,40.0,Single cylinder,13.0,163.0,780.0,0.25
22697,Mash,dirt track 125,2018,Allround,124,11.6,Single cylinder,12.0,112.0,810.0,0.1
22698,Mash,dirt track 125,2019,Allround,124,11.6,Single cylinder,12.0,112.0,810.0,0.1
22699,Mash,dirt track 250,2019,Allround,249,20.0,Single cylinder,14.0,130.0,780.0,0.15
22704,Mash,falcone,2019,Allround,124,11.6,Single cylinder,13.5,127.0,780.0,0.09
22705,Mash,family side 400,2019,Allround,397,27.0,Single cylinder,13.0,230.0,780.0,0.12
22706,Mash,fifty 50,2019,Allround,50,2.8,Single cylinder,12.0,85.0,780.0,0.03
22710,Mash,force 400,2019,Allround,397,27.4,Single cylinder,13.0,163.0,820.0,0.17
22711,Mash,force 400,2020,Allround,397,27.4,Single cylinder,13.0,163.0,820.0,0.17
22714,Mash,rock 125,2019,Scooter,124,14.8,Single cylinder,13.5,136.0,780.0,0.11
22715,Mash,scrambler 125,2016,Allround,125,11.0,Single cylinder,14.0,112.0,780.0,0.1
22716,Mash,scrambler 400,2016,Allround,397,27.6,Single cylinder,13.0,151.0,790.0,0.18
22717,Mash,scrambler 400,2019,Allround,397,27.6,Single cylinder,13.0,160.0,790.0,0.17
22718,Mash,scrambler 400,2020,Allround,397,27.6,Single cylinder,13.0,160.0,790.0,0.17
22719,Mash,seventy 125,2016,Allround,125,11.0,Single cylinder,12.0,110.0,780.0,0.1
22721,Mash,seventy five 125,2016,Allround,125,11.0,Single cylinder,14.0,110.0,780.0,0.1
22722,Mash,seventy five 125,2019,Allround,124,16.0,Single cylinder,14.0,110.0,780.0,0.15
22725,Mash,two fifty,2016,Allround,249,20.0,Single cylinder,14.0,130.0,780.0,0.15
22726,Mash,two fifty,2019,Allround,249,18.0,Single cylinder,14.0,141.0,780.0,0.13
22809,Mbk,booster 13-inch naked,2012,Scooter,49,3.2,Single cylinder,5.3,75.0,768.0,0.04
22847,Mbk,oceo 125,2012,Scooter,125,12.3,Single cylinder,8.0,159.0,785.0,0.08
22880,Mbk,x-over,2010,Sport,125,9.0,Single cylinder,6.0,121.0,790.0,0.07
22885,Mbk,x-power,2012,Sport,50,2.7,Single cylinder,7.0,114.2,790.0,0.02
22890,Megelli,motard 250m,2016,Super Motard,250,27.0,Single cylinder,6.7,124.0,820.0,0.22
22891,Megelli,motard 250m,2021,Super Motard,250,27.0,Single cylinder,6.7,124.0,820.0,0.22
22894,Megelli,naked 250s,2016,Naked Bike,250,27.0,Single cylinder,12.0,135.0,765.0,0.2
22895,Megelli,naked 250s,2020,Naked Bike,250,27.0,Single cylinder,12.0,135.0,765.0,0.2
22896,Megelli,naked 250s,2021,Naked Bike,250,27.0,Single cylinder,7.0,136.0,765.0,0.2
22902,Megelli,sport 250 r,2020,Sport,250,27.0,Single cylinder,7.0,137.0,765.0,0.2
22904,Megelli,sport 250r,2016,Sport,250,27.0,Single cylinder,7.0,137.0,765.0,0.2
22905,Megelli,sport 250r,2017,Sport,250,27.0,Single cylinder,7.0,137.0,765.0,0.2
22906,Megelli,sport 250r,2021,Sport,250,27.0,Single cylinder,7.0,137.0,765.0,0.2
22934,Mgb,transport moped,2013,Allround,49,3.1,Single cylinder,6.0,143.0,810.0,0.02
22935,Mh,bogga 125,2018,Allround,125,9.4,Single cylinder,18.0,130.0,780.0,0.07
22936,Mh,bogga 125,2021,Allround,125,9.4,Single cylinder,18.0,130.0,780.0,0.07
22937,Mh,bogga rocker  125,2021,Allround,125,10.6,Single cylinder,12.0,130.0,800.0,0.08
22939,Mh,nk3 125,2017,Naked Bike,125,11.0,Single cylinder,18.0,134.0,810.0,0.08
22940,Mh,nkr 125,2021,Naked Bike,125,11.0,Single cylinder,16.0,118.0,777.0,0.09
22941,Mh,nkz 125,2018,Naked Bike,125,11.0,Single cylinder,18.0,118.0,777.0,0.09
22942,Mh,nkz 125,2021,Naked Bike,125,11.0,Single cylinder,18.0,118.0,777.0,0.09
22943,Mh,ranger 125 lc,2017,Enduro / Offroad,125,12.0,Single cylinder,17.0,127.0,810.0,0.09
22944,Mh,revenge 125,2018,Sport,125,11.0,Single cylinder,20.0,118.0,778.0,0.09
22945,Mh,revenge 125,2021,Sport,125,11.0,Single cylinder,20.0,118.0,778.0,0.09
22946,Mh,revenge bravo edition 125,2021,Sport,125,11.0,Single cylinder,20.0,118.0,778.0,0.09
22947,Mh,ryk 125,2021,Enduro / Offroad,125,15.0,Single cylinder,6.5,135.0,930.0,0.11
22948,Mh,ryx  sm 125,2022,Super Motard,125,15.0,Single cylinder,6.5,135.0,890.0,0.11
22949,Mh,ryx 125,2022,Enduro / Offroad,125,15.0,Single cylinder,6.5,135.0,930.0,0.11
22951,Mh,street 125 ac,2017,Sport,125,11.0,Single cylinder,17.0,125.0,810.0,0.09
22952,Mh,street evolution 125,2017,Custom / Cruiser,125,11.0,Single cylinder,17.0,120.0,810.0,0.09
22953,Mh,street evolution 125,2018,Sport,125,11.0,Single cylinder,18.0,118.0,760.0,0.09
22954,Mh,street evolution 125,2021,Sport,125,11.0,Single cylinder,18.0,118.0,760.0,0.09
22957,Mh,wyn 125,2018,Super Motard,125,11.0,Single cylinder,14.5,118.0,782.0,0.09
22958,Mh,wyn 125,2021,Super Motard,125,11.0,Single cylinder,14.5,118.0,782.0,0.09
22959,Mh,x 125,2018,Enduro / Offroad,125,11.2,Single cylinder,7.2,132.0,890.0,0.08
22960,Mh,x 125,2021,Enduro / Offroad,125,11.2,Single cylinder,7.2,132.0,890.0,0.08
22961,Mh,x 125,2022,Enduro / Offroad,125,11.2,Single cylinder,7.2,132.0,890.0,0.08
22997,Mikilon,m96-250s,2011,Enduro / Offroad,249,16.8,Single cylinder,7.2,98.0,790.0,0.17
23013,Mitt,125 gp limited,2020,Sport,125,11.4,Single cylinder,13.5,159.0,760.0,0.07
23014,Mitt,125 gp-2,2020,Sport,124,11.8,Single cylinder,10.0,155.0,760.0,0.08
23015,Mitt,125 gt-max,2022,Scooter,125,10.9,Single cylinder,12.0,145.0,805.0,0.08
23017,Mitt,125 mb custom,2022,Custom / Cruiser,125,11.4,Twin,16.5,155.0,680.0,0.07
23018,Mitt,125 pk,2020,Sport,125,10.1,Single cylinder,12.0,102.0,760.0,0.1
23019,Mitt,125 pk max,2020,Sport,125,9.1,Single cylinder,13.5,135.0,780.0,0.07
23022,Mitt,125 tk,2020,Sport,124,12.7,Single cylinder,12.5,135.0,820.0,0.09
23024,Mitt,220 atv,2020,Atv,176,12.1,Single cylinder,9.0,180.0,760.0,0.07
23026,Mitt,400 mb,2020,Custom / Cruiser,389,34.9,Twin,19.5,188.0,680.0,0.19
23027,Mitt,440 mb,2021,Custom / Cruiser,389,35.0,Twin,19.5,188.0,680.0,0.19
23028,Mitt,440 mb custom,2022,Custom / Cruiser,389,35.0,Twin,19.5,188.0,680.0,0.19
23029,Mitt,50 rt,2020,Scooter,50,3.4,Single cylinder,5.5,132.0,760.0,0.03
23141,Moto Guzzi,1200 sport 4v,2010,Naked Bike,1151,103.0,V2,23.0,240.0,800.0,0.43
23142,Moto Guzzi,1200 sport 4v,2011,Naked Bike,1151,103.0,V2,23.0,240.0,800.0,0.43
23206,Moto Guzzi,audace,2016,Naked Bike,1380,96.0,V2,20.44,182.0,740.0,0.53
23215,Moto Guzzi,bellagio,2010,Custom / Cruiser,936,73.8,V2,19.0,223.0,760.0,0.33
23216,Moto Guzzi,bellagio,2011,Custom / Cruiser,936,75.0,V2,19.0,223.0,760.0,0.34
23217,Moto Guzzi,bellagio aquila nera,2011,Custom / Cruiser,936,75.0,V2,19.0,223.0,760.0,0.34
23221,Moto Guzzi,breva 1100,2010,Naked Bike,1064,84.5,V2,23.0,236.0,800.0,0.36
23222,Moto Guzzi,breva 1100,2012,Naked Bike,1064,84.5,V2,23.0,236.0,800.0,0.36
23225,Moto Guzzi,breva 1200,2011,Naked Bike,1151,92.0,V2,23.0,231.0,800.0,0.4
23226,Moto Guzzi,breva 1200 abs,2011,Naked Bike,1151,92.0,V2,23.0,236.0,800.0,0.39
23232,Moto Guzzi,breva 750,2010,Naked Bike,744,47.6,V2,18.0,182.0,790.0,0.26
23237,Moto Guzzi,breva 850,2010,Naked Bike,877,71.1,V2,23.0,231.0,780.0,0.31
23252,Moto Guzzi,california 1400 custom,2013,Custom / Cruiser,1380,95.2,V2,20.5,321.6,740.0,0.3
23258,Moto Guzzi,california 1400 touring,2014,Touring,1380,96.0,V2,20.5,322.0,740.0,0.3
23259,Moto Guzzi,california 1400 touring,2015,Touring,1380,96.0,V2,20.5,322.0,740.0,0.3
23260,Moto Guzzi,california 1400 touring,2016,Touring,1380,96.0,V2,20.5,322.0,740.0,0.3
23261,Moto Guzzi,california 1400 touring,2017,Touring,1380,96.0,V2,20.5,322.0,740.0,0.3
23262,Moto Guzzi,california 1400 touring,2018,Touring,1380,96.0,V2,20.5,322.0,740.0,0.3
23263,Moto Guzzi,california 1400 touring,2019,Touring,1380,96.0,V2,20.5,326.0,740.0,0.29
23264,Moto Guzzi,california 1400 touring,2020,Touring,1380,96.0,V2,20.5,326.0,740.0,0.29
23265,Moto Guzzi,california 1400 touring se,2016,Touring,1380,96.0,V2,21.0,322.0,740.0,0.3
23268,Moto Guzzi,california 90 anniversary,2012,Classic,1064,74.0,V2,19.0,250.8,780.0,0.3
23271,Moto Guzzi,california aquila nera,2011,Classic,1064,73.4,V2,19.0,251.0,780.0,0.29
23272,Moto Guzzi,california black eagle,2012,Classic,1064,73.4,V2,19.0,251.0,780.0,0.29
23276,Moto Guzzi,california classic,2010,Custom / Cruiser,1064,73.8,V2,19.0,256.0,780.0,0.29
23277,Moto Guzzi,california classic,2011,Custom / Cruiser,1064,73.8,V2,19.0,256.0,780.0,0.29
23300,Moto Guzzi,california se,2017,Touring,1380,96.0,V2,21.0,322.0,740.0,0.3
23315,Moto Guzzi,california touring 1400,2021,Touring,1380,96.0,V2,20.5,322.0,740.0,0.3
23319,Moto Guzzi,california vintage,2010,Classic,1064,72.4,V2,19.0,263.0,780.0,0.28
23320,Moto Guzzi,california vintage,2011,Classic,1064,72.4,V2,19.0,263.0,780.0,0.28
23321,Moto Guzzi,california vintage,2012,Classic,1064,72.4,V2,19.0,263.0,780.0,0.28
23354,Moto Guzzi,eldorado,2016,Classic,1380,96.0,V2,20.44,181.9,740.0,0.53
23355,Moto Guzzi,eldorado,2017,Classic,1380,96.0,V2,20.44,181.9,740.0,0.53
23402,Moto Guzzi,griso 1100,2012,Naked Bike,1064,86.9,V2,17.2,227.0,800.0,0.38
23404,Moto Guzzi,griso 1200 8v,2011,Naked Bike,1151,110.0,V2,16.7,222.0,800.0,0.5
23405,Moto Guzzi,griso 1200 8v,2012,Naked Bike,1151,110.0,V2,16.7,222.0,800.0,0.5
23406,Moto Guzzi,griso 1200 8v se,2011,Naked Bike,1151,110.0,V2,16.7,222.0,800.0,0.5
23414,Moto Guzzi,griso 8v,2010,Naked Bike,1064,110.0,V2,16.7,222.0,800.0,0.5
23415,Moto Guzzi,griso 8v se,2012,Naked Bike,1064,110.0,V2,16.7,222.0,800.0,0.5
23416,Moto Guzzi,griso 8v se,2013,Naked Bike,1064,110.0,V2,16.7,222.0,800.0,0.5
23422,Moto Guzzi,griso 8v special edition,2010,Naked Bike,1064,110.0,V2,16.7,222.0,800.0,0.5
23443,Moto Guzzi,mgs-01 corsa,2010,Sport,1225,128.0,V2,18.5,192.0,820.0,0.67
23444,Moto Guzzi,mgs-01 corsa,2011,Sport,1225,128.0,V2,18.5,192.0,820.0,0.67
23447,Moto Guzzi,mgx-21,2018,Custom / Cruiser,1380,96.5,V2,20.5,341.0,740.0,0.28
23448,Moto Guzzi,mgx-21,2019,Custom / Cruiser,1380,96.0,V2,20.5,336.0,740.0,0.29
23450,Moto Guzzi,mgx-21  1400,2021,Custom / Cruiser,1380,96.6,V2,20.5,332.0,740.0,0.29
23472,Moto Guzzi,nevada 750 anniversario,2011,Custom / Cruiser,744,47.6,V2,14.0,184.0,752.0,0.26
23489,Moto Guzzi,norge 1200 gt,2010,Touring,1151,88.5,V2,23.0,246.0,800.0,0.36
23490,Moto Guzzi,norge 1200 gt,2011,Touring,1151,95.0,V2,23.0,246.0,800.0,0.39
23491,Moto Guzzi,norge 1200 gt,2012,Touring,1151,95.0,V2,23.0,246.0,800.0,0.39
23492,Moto Guzzi,norge 1200 gt 8v,2011,Touring,1151,95.0,V2,23.0,248.0,800.0,0.38
23497,Moto Guzzi,norge 1200 t,2010,Touring,1151,88.5,V2,23.0,246.0,800.0,0.36
23502,Moto Guzzi,norge gt 8v,2012,Touring,1151,102.0,V2,23.0,257.0,800.0,0.4
23503,Moto Guzzi,norge gt 8v,2013,Sport Touring,1151,102.0,V2,23.0,257.0,800.0,0.4
23504,Moto Guzzi,norge gt 8v,2014,Sport Touring,1151,102.0,V2,23.0,257.0,800.0,0.4
23505,Moto Guzzi,norge gt 8v,2015,Sport Touring,1151,102.0,V2,23.0,257.0,800.0,0.4
23506,Moto Guzzi,norge gt 8v,2016,Sport Touring,1151,102.0,V2,23.0,257.0,810.0,0.4
23507,Moto Guzzi,norge gt 8v,2017,Sport Touring,1151,102.0,V2,23.0,257.0,810.0,0.4
23537,Moto Guzzi,stelvio 1200 4v abs,2011,Enduro / Offroad,1151,105.0,V2,18.0,251.0,840.0,0.42
23542,Moto Guzzi,stelvio 1200 ntx,2012,Enduro / Offroad,1151,105.0,V2,32.0,285.0,820.0,0.37
23550,Moto Guzzi,stelvio 1200 ntx 4v,2011,Enduro / Offroad,1151,103.0,V2,18.0,259.0,840.0,0.4
23551,Moto Guzzi,stelvio 1200cc abs,2010,Enduro / Offroad,1151,108.0,V2,18.0,214.0,840.0,0.5
23552,Moto Guzzi,stelvio 1200cc ntx 4v,2010,Enduro / Offroad,1151,103.0,V2,18.0,214.0,840.0,0.48
23730,Moto Guzzi,v7 cafe classic,2012,Classic,744,47.6,V2,17.0,182.0,805.0,0.26
23744,Moto Guzzi,v7 ii stone abs,2016,Classic,744,48.0,V2,22.0,189.0,780.0,0.25
23748,Moto Guzzi,v7 ii stornello,2018,Classic,744,48.0,V2,21.0,186.0,798.0,0.26
23753,Moto Guzzi,v7 iii carbon,2020,Classic,744,52.0,V2,21.0,189.0,770.0,0.28
23758,Moto Guzzi,v7 iii milano,2018,Classic,744,52.0,V2,21.0,213.0,770.0,0.24
23766,Moto Guzzi,v7 iii special,2019,Classic,744,52.0,V2,21.0,189.0,770.0,0.28
23768,Moto Guzzi,v7 iii stone,2019,Classic,744,52.0,V2,21.0,189.0,770.0,0.28
23770,Moto Guzzi,v7 iii stone fast endurance trophy,2019,Classic,744,52.0,V2,21.0,189.0,770.0,0.28
23777,Moto Guzzi,v7 racer,2012,Classic,744,47.6,V2,17.0,182.0,805.0,0.26
23778,Moto Guzzi,v7 racer,2013,Classic,744,49.6,V2,21.95,179.2,780.0,0.28
23784,Moto Guzzi,v7 special,2012,Classic,744,50.0,V2,22.0,179.0,805.0,0.28
23794,Moto Guzzi,v7 stone,2013,Classic,744,49.6,V2,21.95,198.0,780.0,0.25
23798,Moto Guzzi,v7 stone,2022,Classic,850,65.0,V2,21.0,198.0,770.0,0.33
23799,Moto Guzzi,v7 stone centenario,2021,Classic,853,65.0,V2,21.0,198.0,770.0,0.33
23805,Moto Guzzi,v85 tt,2021,Enduro / Offroad,853,80.0,V2,18.0,208.0,803.0,0.38
23806,Moto Guzzi,v85 tt,2022,Enduro / Offroad,853,76.0,V2,23.0,209.0,830.0,0.36
23808,Moto Guzzi,v85 tt centenario,2021,Enduro / Offroad,853,76.0,V2,23.0,209.0,803.0,0.36
23809,Moto Guzzi,v85 tt guardia donore,2022,Enduro / Offroad,853,76.0,V2,23.0,211.0,803.0,0.36
23810,Moto Guzzi,v85 tt premium graphics,2021,Enduro / Offroad,853,80.0,V2,21.0,208.0,803.0,0.38
23811,Moto Guzzi,v85 tt travel,2020,Enduro / Offroad,853,80.0,V2,23.0,208.0,803.0,0.38
23812,Moto Guzzi,v85 tt travel,2021,Enduro / Offroad,853,80.0,V2,18.0,207.0,803.0,0.39
23813,Moto Guzzi,v85 tt travel,2022,Enduro / Offroad,853,76.0,V2,23.0,211.0,803.0,0.36
23820,Moto Guzzi,v9 bobber 850,2022,Allround,853,65.0,V2,15.0,194.0,785.0,0.34
23824,Moto Guzzi,v9 bobber sport,2021,Allround,853,55.0,V2,15.0,194.0,785.0,0.28
23831,Moto Guzzi,v9 roamer 850,2022,Classic,853,65.0,V2,15.0,194.0,815.0,0.34
23833,Moto Morini,1200 sport,2010,Naked Bike,1187,115.0,V2,18.0,198.0,800.0,0.58
23834,Moto Morini,1200 sport,2011,Naked Bike,1187,117.0,V2,21.0,198.0,800.0,0.59
23835,Moto Morini,1200 sport,2012,Naked Bike,1187,117.0,V2,21.0,198.0,800.0,0.59
23948,Moto Morini,9 1-2,2010,Naked Bike,1187,115.0,V2,21.0,198.0,800.0,0.58
23949,Moto Morini,9 1-2,2011,Naked Bike,1187,117.0,V2,21.0,198.0,800.0,0.59
23950,Moto Morini,9 1-2,2012,Naked Bike,1187,117.0,V2,21.0,198.0,800.0,0.59
23957,Moto Morini,corsaro  zt,2020,Naked Bike,1187,136.0,V2,21.0,191.0,860.0,0.71
23958,Moto Morini,corsaro  zt,2021,Naked Bike,1187,136.0,V2,21.0,191.0,860.0,0.71
23962,Moto Morini,corsaro 1200,2010,Naked Bike,1187,140.0,V2,18.0,198.0,830.0,0.71
23963,Moto Morini,corsaro 1200,2011,Naked Bike,1187,117.0,V2,21.0,198.0,800.0,0.59
23964,Moto Morini,corsaro 1200,2012,Naked Bike,1187,140.0,V2,21.0,198.0,800.0,0.71
23969,Moto Morini,corsaro 1200 veloce,2010,Naked Bike,1187,140.0,V2,18.0,196.0,830.0,0.71
23970,Moto Morini,corsaro 1200 veloce,2012,Naked Bike,1187,140.0,V2,18.0,196.0,830.0,0.71
23971,Moto Morini,corsaro 1200 zt,2019,Naked Bike,1187,139.0,V2,21.0,191.0,860.0,0.73
23972,Moto Morini,corsaro 1200 zz,2018,Naked Bike,1187,139.0,V2,21.0,192.0,860.0,0.72
23973,Moto Morini,corsaro 1200 zz,2019,Naked Bike,1187,139.0,V2,21.0,192.0,860.0,0.72
23976,Moto Morini,corsaro avio,2010,Naked Bike,1187,120.0,V2,18.0,198.0,830.0,0.61
23977,Moto Morini,corsaro avio,2012,Naked Bike,1187,120.0,V2,18.0,198.0,800.0,0.61
23978,Moto Morini,corsaro zt,2022,Naked Bike,1187,139.0,V2,21.0,191.0,860.0,0.73
23979,Moto Morini,corsaro zz,2020,Naked Bike,1187,139.0,V2,21.0,192.0,860.0,0.72
23980,Moto Morini,corsaro zz,2021,Naked Bike,1187,136.0,V2,21.0,197.0,860.0,0.69
23981,Moto Morini,corsaro zz,2022,Naked Bike,1187,139.0,V2,21.0,197.0,860.0,0.71
23986,Moto Morini,granpasso 1200,2011,Allround,1187,118.0,V2,27.0,210.0,875.0,0.56
23987,Moto Morini,granpasso 1200,2012,Allround,1187,118.0,V2,27.0,210.0,875.0,0.56
23991,Moto Morini,granpasso h83,2010,Allround,1187,118.0,V2,27.0,210.0,875.0,0.56
23992,Moto Morini,granpasso h83,2012,Allround,1187,118.0,V2,27.0,210.0,830.0,0.56
23996,Moto Morini,scrambler,2010,Enduro / Offroad,1187,117.0,V2,21.0,199.6,840.0,0.59
23997,Moto Morini,scrambler,2011,Enduro / Offroad,1187,117.0,V2,21.0,198.0,840.0,0.59
23998,Moto Morini,scrambler,2012,Enduro / Offroad,1187,117.0,V2,21.0,198.0,840.0,0.59
24004,Moto Morini,x-cape 650-t,2022,Super Motard,649,60.4,V2,18.0,213.0,810.0,0.28
24057,Motoczysz,c1 990,2010,Sport,990,220.0,In-line four,7.57,158.0,780.0,1.39
24058,Motoczysz,c1 990,2011,Sport,990,220.0,In-line four,7.57,158.0,780.0,1.39
24092,Motomel,sirius 250,2020,Naked Bike,250,16.8,Single cylinder,16.0,130.0,770.0,0.13
24114,Motorhispania,duna 125 off road,2012,Enduro / Offroad,125,12.0,Single cylinder,7.8,105.0,910.0,0.11
24116,Motorhispania,duna 125 supermotard,2012,Super Motard,125,12.0,Single cylinder,7.8,105.0,805.0,0.11
24118,Motorhispania,duna 125 trail,2012,Enduro / Offroad,125,12.0,Single cylinder,7.8,105.0,910.0,0.11
24119,Motorhispania,duna dual plus trail,2010,Trial,125,12.0,Single cylinder,7.8,105.0,910.0,0.11
24120,Motorhispania,duna hard road enduro,2010,Enduro / Offroad,125,12.0,Single cylinder,7.8,105.0,910.0,0.11
24121,Motorhispania,duna sports city supermotard,2010,Super Motard,125,12.0,Single cylinder,7.8,105.0,805.0,0.11
24136,Motorhispania,kn1 125,2010,Naked Bike,125,15.0,Single cylinder,12.5,120.0,795.0,0.12
24137,Motorhispania,kn1 125,2012,Naked Bike,125,15.0,Single cylinder,12.5,120.0,795.0,0.12
24141,Motorhispania,mh7 125 naked,2010,Naked Bike,125,15.0,Single cylinder,12.5,120.0,795.0,0.12
24142,Motorhispania,mh7 125 naked,2012,Naked Bike,125,15.0,Single cylinder,12.5,119.0,795.0,0.13
24146,Motorhispania,rx 125r,2010,Sport,125,15.0,Single cylinder,12.5,120.0,795.0,0.12
24147,Motorhispania,rx 125r,2012,Sport,125,15.0,Single cylinder,12.5,120.0,795.0,0.12
24192,Motorino,amore 150,2016,Scooter,149,8.4,Single cylinder,4.92,97.1,711.0,0.09
24193,Motorino,amore 50,2016,Scooter,50,3.9,Single cylinder,4.92,97.1,711.0,0.04
24194,Motorino,cassini 150,2016,Scooter,149,9.7,Single cylinder,4.92,122.5,787.0,0.08
24198,Motorino,riviera 150,2016,Scooter,149,9.0,Single cylinder,7.38,122.5,737.0,0.07
24213,Motors Europe,fx125x,2016,Cross / Motocross,125,9.0,Single cylinder,3.4,72.0,845.0,0.12
24214,Motors Europe,fx150,2016,Cross / Motocross,150,13.0,Single cylinder,3.5,102.0,870.0,0.13
24215,Motors Europe,fx200,2016,Cross / Motocross,200,15.0,Single cylinder,5.5,110.0,890.0,0.14
24216,Motors Europe,fx250,2016,Cross / Motocross,250,19.0,Single cylinder,7.5,115.0,950.0,0.17
24218,Motors Europe,mx2,2016,"Minibike, Cross",50,10.0,Single cylinder,1.3,41.0,610.0,0.24
24219,Motors Europe,mx3,2016,"Minibike, Cross",50,10.0,Single cylinder,1.3,45.0,710.0,0.22
24220,Motors Europe,mx4,2016,Cross / Motocross,50,10.0,Single cylinder,2.0,54.0,710.0,0.19
24221,Motors Europe,mx4 pro,2016,Cross / Motocross,65,16.0,Single cylinder,2.0,54.0,780.0,0.3
24222,Motors Europe,rx250,2016,Cross / Motocross,250,19.0,Single cylinder,6.7,115.0,920.0,0.17
24223,Motors Europe,rx250r,2016,Cross / Motocross,250,25.0,Single cylinder,6.7,115.0,920.0,0.22
24457,Mv Agusta,brutale,2011,Naked Bike,909,128.0,In-line four,23.0,190.0,825.0,0.67
24458,Mv Agusta,brutale 1000 nurburgring,2022,Naked Bike,998,208.0,In-line four,16.0,183.0,845.0,1.14
24459,Mv Agusta,brutale 1000 nurburgring racing,2022,Naked Bike,998,215.0,In-line four,16.0,183.0,845.0,1.17
24460,Mv Agusta,brutale 1000 rr,2020,Naked Bike,998,208.0,In-line four,16.0,186.0,845.0,1.12
24461,Mv Agusta,brutale 1000 rr,2021,Naked Bike,998,208.0,In-line four,16.0,186.0,845.0,1.12
24462,Mv Agusta,brutale 1000 rr,2022,Naked Bike,998,208.0,In-line four,16.0,186.0,845.0,1.12
24463,Mv Agusta,brutale 1000 rs,2022,Naked Bike,998,208.0,In-line four,16.0,186.0,845.0,1.12
24465,Mv Agusta,brutale 1000 serie oro,2020,Naked Bike,998,208.0,In-line four,16.0,186.0,845.0,1.12
24466,Mv Agusta,brutale 1000 serie oro,2021,Naked Bike,998,212.0,In-line four,16.0,184.0,845.0,1.15
24469,Mv Agusta,brutale 1078rr,2010,Naked Bike,1078,154.0,In-line four,19.0,185.0,805.0,0.83
24470,Mv Agusta,brutale 1090,2013,Naked Bike,1078,142.0,In-line four,23.0,183.0,825.0,0.78
24471,Mv Agusta,brutale 1090,2014,Naked Bike,1078,142.0,In-line four,23.0,183.0,825.0,0.78
24472,Mv Agusta,brutale 1090,2015,Naked Bike,1078,144.0,In-line four,23.0,183.0,825.0,0.79
24473,Mv Agusta,brutale 1090,2018,Naked Bike,1078,158.0,In-line four,23.0,183.0,825.0,0.86
24474,Mv Agusta,brutale 1090 r,2013,Naked Bike,1078,142.0,In-line four,23.0,183.0,825.0,0.78
24475,Mv Agusta,brutale 1090 r,2014,Naked Bike,1078,142.0,In-line four,23.0,183.0,825.0,0.78
24476,Mv Agusta,brutale 1090 r,2015,Naked Bike,1078,144.0,In-line four,23.0,183.0,825.0,0.79
24477,Mv Agusta,brutale 1090 rr,2011,Naked Bike,1078,144.0,In-line four,23.0,191.0,830.0,0.75
24478,Mv Agusta,brutale 1090 rr,2013,Naked Bike,1078,158.0,In-line four,23.0,183.0,825.0,0.86
24479,Mv Agusta,brutale 1090 rr,2014,Naked Bike,1078,158.0,In-line four,23.0,183.0,825.0,0.86
24480,Mv Agusta,brutale 1090 rr,2015,Naked Bike,1078,158.0,In-line four,23.0,183.0,825.0,0.86
24481,Mv Agusta,brutale 1090 rr,2016,Naked Bike,1078,158.0,In-line four,23.0,183.0,825.0,0.86
24482,Mv Agusta,brutale 1090 rr,2017,Naked Bike,1078,158.0,In-line four,23.0,183.0,825.0,0.86
24483,Mv Agusta,brutale 1090 rr,2018,Naked Bike,1078,158.0,In-line four,23.0,183.0,825.0,0.86
24485,Mv Agusta,brutale 675,2012,Naked Bike,675,113.0,In-line three,17.4,163.0,805.0,0.69
24486,Mv Agusta,brutale 675,2013,Naked Bike,675,125.0,In-line three,16.6,167.0,810.0,0.75
24487,Mv Agusta,brutale 675,2014,Naked Bike,675,125.0,In-line three,16.6,167.0,810.0,0.75
24488,Mv Agusta,brutale 675,2015,Naked Bike,675,108.0,In-line three,16.6,167.0,810.0,0.65
24489,Mv Agusta,brutale 675,2016,Naked Bike,675,110.0,In-line three,16.6,167.0,810.0,0.66
24496,Mv Agusta,brutale 800,2013,Naked Bike,798,92.0,In-line three,16.6,167.0,810.0,0.55
24497,Mv Agusta,brutale 800,2014,Naked Bike,798,125.0,In-line three,16.6,167.0,810.0,0.75
24498,Mv Agusta,brutale 800,2015,Naked Bike,798,125.0,In-line three,16.6,167.0,810.0,0.75
24499,Mv Agusta,brutale 800,2016,Naked Bike,798,116.0,In-line three,16.6,175.0,830.0,0.66
24500,Mv Agusta,brutale 800,2017,Naked Bike,798,116.0,In-line three,16.6,175.0,830.0,0.66
24501,Mv Agusta,brutale 800,2018,Naked Bike,798,116.0,In-line three,16.6,175.0,830.0,0.66
24502,Mv Agusta,brutale 800,2019,Naked Bike,798,108.0,In-line three,14.5,175.0,830.0,0.62
24503,Mv Agusta,brutale 800 america,2018,Naked Bike,798,116.0,In-line three,16.6,175.0,830.0,0.66
24504,Mv Agusta,brutale 800 dragster,2014,Naked Bike,798,125.0,In-line three,16.6,167.0,810.0,0.75
24505,Mv Agusta,brutale 800 dragster,2015,Naked Bike,798,125.0,In-line three,16.6,167.0,810.0,0.75
24506,Mv Agusta,brutale 800 dragster rr,2015,Naked Bike,798,140.0,In-line three,16.6,168.0,811.0,0.83
24507,Mv Agusta,brutale 800 rc,2018,Naked Bike,798,140.0,In-line three,16.6,168.0,810.0,0.83
24508,Mv Agusta,brutale 800 rc,2019,Naked Bike,798,147.0,In-line three,16.5,167.0,830.0,0.88
24509,Mv Agusta,brutale 800 rosso,2020,Naked Bike,798,110.0,In-line three,16.5,175.0,830.0,0.63
24510,Mv Agusta,brutale 800 rosso,2021,Naked Bike,798,110.0,In-line three,16.5,175.0,830.0,0.63
24511,Mv Agusta,brutale 800 rr,2015,Naked Bike,798,140.0,In-line three,16.6,167.0,810.0,0.84
24512,Mv Agusta,brutale 800 rr,2016,Naked Bike,798,140.0,In-line three,16.6,168.0,810.0,0.83
24513,Mv Agusta,brutale 800 rr,2017,Naked Bike,798,140.0,In-line three,16.6,168.0,810.0,0.83
24514,Mv Agusta,brutale 800 rr,2018,Naked Bike,798,140.0,In-line three,16.6,168.0,810.0,0.83
24515,Mv Agusta,brutale 800 rr,2019,Naked Bike,798,138.0,In-line three,16.5,175.0,830.0,0.79
24516,Mv Agusta,brutale 800 rr,2020,Naked Bike,798,140.0,In-line three,16.5,175.0,830.0,0.8
24517,Mv Agusta,brutale 800 rr,2021,Naked Bike,798,140.0,In-line three,16.5,175.0,830.0,0.8
24518,Mv Agusta,brutale 800 rr,2022,Naked Bike,798,140.0,In-line three,16.5,175.0,830.0,0.8
24519,Mv Agusta,brutale 800 rr lh44,2019,Naked Bike,798,138.0,In-line three,16.5,172.0,830.0,0.8
24520,Mv Agusta,brutale 800 rr pirelli,2018,Naked Bike,798,140.0,In-line three,16.6,168.0,810.0,0.83
24521,Mv Agusta,brutale 800 rr scs,2020,Naked Bike,798,140.0,In-line three,16.5,175.0,830.0,0.8
24522,Mv Agusta,brutale 800 rr scs,2021,Naked Bike,798,140.0,In-line three,16.5,175.0,830.0,0.8
24536,Mv Agusta,brutale 910s,2010,Naked Bike,909,139.0,In-line four,19.0,185.0,805.0,0.75
24537,Mv Agusta,brutale 920,2012,Naked Bike,921,129.0,In-line four,23.0,183.0,825.0,0.7
24541,Mv Agusta,brutale 990r,2011,Naked Bike,998,139.0,In-line four,23.0,190.0,830.0,0.73
24544,Mv Agusta,brutale corsa,2014,Naked Bike,1078,158.0,In-line four,23.0,183.0,825.0,0.86
24545,Mv Agusta,brutale corsa,2015,Naked Bike,1078,158.0,In-line four,23.0,183.0,825.0,0.86
24551,Mv Agusta,brutale r 1090,2012,Naked Bike,1078,142.0,In-line four,23.0,183.0,830.0,0.78
24552,Mv Agusta,brutale rosso,2022,Naked Bike,798,112.0,In-line three,16.5,175.0,830.0,0.64
24553,Mv Agusta,brutale rr 1090,2012,Naked Bike,1078,158.0,In-line four,23.0,183.0,830.0,0.86
24554,Mv Agusta,brutale rr 1090 america,2012,Naked Bike,1078,158.0,In-line four,23.0,183.0,830.0,0.86
24557,Mv Agusta,dragster 800,2016,Naked Bike,798,125.0,In-line three,16.6,167.0,810.0,0.75
24558,Mv Agusta,dragster 800,2017,Naked Bike,798,125.0,In-line three,16.6,167.0,810.0,0.75
24559,Mv Agusta,dragster 800,2018,Naked Bike,798,125.0,In-line three,16.6,167.0,810.0,0.75
24560,Mv Agusta,dragster 800 rc,2017,Naked Bike,798,140.0,In-line three,16.6,168.0,811.0,0.83
24561,Mv Agusta,dragster 800 rc,2018,Naked Bike,798,140.0,In-line three,16.6,168.0,811.0,0.83
24562,Mv Agusta,dragster 800 rc,2019,Naked Bike,798,147.0,In-line three,16.5,160.0,820.0,0.92
24563,Mv Agusta,dragster 800 rc scs,2021,Naked Bike,798,140.0,In-line three,16.5,160.0,845.0,0.88
24564,Mv Agusta,dragster 800 rosso,2020,Naked Bike,798,110.0,In-line three,16.5,168.0,845.0,0.65
24565,Mv Agusta,dragster 800 rosso,2021,Naked Bike,798,110.0,In-line three,16.5,168.0,845.0,0.65
24566,Mv Agusta,dragster 800 rr,2016,Naked Bike,798,140.0,In-line three,16.6,168.0,811.0,0.83
24567,Mv Agusta,dragster 800 rr,2017,Naked Bike,798,140.0,In-line three,16.6,168.0,811.0,0.83
24568,Mv Agusta,dragster 800 rr,2018,Naked Bike,798,140.0,In-line three,16.6,168.0,811.0,0.83
24569,Mv Agusta,dragster 800 rr,2019,Naked Bike,798,138.0,In-line three,16.5,168.0,820.0,0.82
24570,Mv Agusta,dragster 800 rr,2020,Naked Bike,798,140.0,In-line three,16.5,168.0,820.0,0.83
24571,Mv Agusta,dragster 800 rr,2021,Naked Bike,798,140.0,In-line three,16.5,175.0,845.0,0.8
24572,Mv Agusta,dragster 800 rr america,2019,Naked Bike,798,140.0,In-line three,16.5,168.0,820.0,0.83
24573,Mv Agusta,dragster 800 rr lh44,2016,Naked Bike,798,140.0,In-line three,16.6,168.0,811.0,0.83
24574,Mv Agusta,dragster 800 rr lh44,2017,Naked Bike,798,140.0,In-line three,16.6,168.0,811.0,0.83
24575,Mv Agusta,dragster 800 rr pirelli,2019,Naked Bike,798,138.0,In-line three,16.5,175.0,830.0,0.79
24576,Mv Agusta,dragster 800 rr scs,2020,Naked Bike,798,140.0,In-line three,16.5,168.0,820.0,0.83
24577,Mv Agusta,dragster 800 rr scs,2021,Naked Bike,798,140.0,In-line three,16.5,175.0,845.0,0.8
24578,Mv Agusta,dragster 800 rr scs,2022,Naked Bike,798,140.0,In-line three,16.5,175.0,845.0,0.8
24579,Mv Agusta,dragster rc scs,2022,Naked Bike,798,140.0,In-line three,16.5,160.0,845.0,0.88
24580,Mv Agusta,dragster rosso,2022,Naked Bike,798,112.0,In-line three,16.5,175.0,845.0,0.64
24581,Mv Agusta,dragster rr,2022,Naked Bike,798,140.0,In-line three,16.5,175.0,845.0,0.8
24583,Mv Agusta,f3 675,2012,Sport,675,126.0,In-line three,16.0,173.0,812.0,0.73
24584,Mv Agusta,f3 675,2013,Sport,675,126.0,In-line three,16.5,173.0,812.0,0.73
24585,Mv Agusta,f3 675,2014,Sport,675,126.0,In-line three,16.5,173.0,812.0,0.73
24586,Mv Agusta,f3 675,2015,Sport,675,126.0,In-line three,16.5,173.0,812.0,0.73
24587,Mv Agusta,f3 675,2016,Sport,675,128.0,In-line three,16.5,173.0,812.0,0.74
24588,Mv Agusta,f3 675,2017,Sport,675,128.0,In-line three,16.5,173.0,812.0,0.74
24589,Mv Agusta,f3 675,2018,Sport,675,128.0,In-line three,16.5,173.0,812.0,0.74
24590,Mv Agusta,f3 675,2019,Sport,675,126.0,In-line three,16.5,173.0,805.0,0.73
24591,Mv Agusta,f3 675,2020,Sport,675,124.0,In-line three,16.5,173.0,805.0,0.72
24592,Mv Agusta,f3 675 rc,2016,Naked Bike,675,128.0,In-line three,16.5,173.0,805.0,0.74
24593,Mv Agusta,f3 675 rc,2017,Naked Bike,675,128.0,In-line three,16.5,173.0,805.0,0.74
24594,Mv Agusta,f3 675 rc,2018,Naked Bike,675,128.0,In-line three,16.5,173.0,805.0,0.74
24595,Mv Agusta,f3 675 rc,2019,Sport,675,130.0,In-line three,16.5,165.0,805.0,0.79
24596,Mv Agusta,f3 800,2014,Sport,798,148.0,In-line three,16.5,173.0,812.0,0.86
24597,Mv Agusta,f3 800,2015,Sport,798,148.0,In-line three,16.5,173.0,812.0,0.86
24598,Mv Agusta,f3 800,2016,Sport,798,148.0,In-line three,16.5,173.0,805.0,0.86
24599,Mv Agusta,f3 800,2017,Sport,798,148.0,In-line three,16.5,173.0,805.0,0.86
24600,Mv Agusta,f3 800,2018,Sport,798,148.0,In-line three,16.5,173.0,805.0,0.86
24601,Mv Agusta,f3 800,2019,Sport,798,144.0,In-line three,16.5,173.0,805.0,0.83
24602,Mv Agusta,f3 800,2020,Sport,798,148.0,In-line three,16.5,173.0,830.0,0.86
24603,Mv Agusta,f3 800,2021,Sport,798,148.0,In-line three,16.5,173.0,830.0,0.86
24604,Mv Agusta,f3 800 ago,2014,Sport,798,148.0,In-line three,16.5,171.0,812.0,0.87
24605,Mv Agusta,f3 800 ago,2015,Sport,798,148.0,In-line three,16.5,171.0,812.0,0.87
24606,Mv Agusta,f3 800 ago,2016,Sport,798,148.0,In-line three,16.5,171.0,805.0,0.87
24607,Mv Agusta,f3 800 rc,2016,Sport,798,148.0,In-line three,16.5,173.0,805.0,0.86
24608,Mv Agusta,f3 800 rc,2017,Sport,798,148.0,In-line three,16.5,173.0,805.0,0.86
24609,Mv Agusta,f3 800 rc,2018,Sport,798,148.0,In-line three,16.5,173.0,805.0,0.86
24610,Mv Agusta,f3 800 rc,2019,Sport,798,150.0,In-line three,16.5,165.0,805.0,0.91
24611,Mv Agusta,f3 800 rc,2020,Sport,798,153.0,In-line three,16.5,165.0,805.0,0.93
24612,Mv Agusta,f3 amg,2016,Prototype / Concept Model,798,148.0,In-line three,16.5,173.0,805.0,0.86
24613,Mv Agusta,f3 rosso,2022,Sport,798,147.0,In-line three,16.5,173.0,830.0,0.85
24614,Mv Agusta,f3 rr,2022,Sport,798,147.0,In-line three,16.5,173.0,830.0,0.85
26820,Quadro,3,2015,Scooter,346,27.0,Single cylinder,13.0,200.0,780.0,0.14
24615,Mv Agusta,f3 rr racing kit,2022,Sport,798,147.0,In-line three,16.5,173.0,830.0,0.85
24616,Mv Agusta,f3 serie oro,2012,Sport,675,126.0,In-line three,16.0,172.0,812.0,0.73
24617,Mv Agusta,f4,2011,Sport,998,183.0,In-line four,17.0,192.0,830.0,0.95
24618,Mv Agusta,f4,2013,Sport,998,195.0,In-line four,17.0,191.0,830.0,1.02
24619,Mv Agusta,f4,2014,Sport,998,195.0,In-line four,17.0,291.0,830.0,0.67
24620,Mv Agusta,f4,2015,Sport,998,195.0,In-line four,17.0,291.0,830.0,0.67
24621,Mv Agusta,f4,2016,Sport,998,195.0,In-line four,17.0,291.0,830.0,0.67
24622,Mv Agusta,f4,2017,Sport,998,195.0,In-line four,17.0,291.0,830.0,0.67
24623,Mv Agusta,f4,2018,Sport,998,195.0,In-line four,17.0,291.0,830.0,0.67
24631,Mv Agusta,f4 1000 r,2010,Sport,1078,186.0,In-line four,17.0,192.5,810.0,0.97
24670,Mv Agusta,f4 cc claudio castiglioni,2010,Sport,1078,200.0,In-line four,21.0,187.0,810.0,1.07
24671,Mv Agusta,f4 claudio,2019,Sport,998,205.0,In-line four,17.0,183.0,830.0,1.12
24674,Mv Agusta,f4 lh44,2018,Sport,998,212.0,In-line four,17.0,175.0,830.0,1.21
24677,Mv Agusta,f4 r,2013,Sport,998,195.0,In-line four,17.0,191.0,830.0,1.02
24678,Mv Agusta,f4 r,2014,Sport,998,195.0,In-line four,17.0,191.0,830.0,1.02
24679,Mv Agusta,f4 r,2015,Sport,998,195.0,In-line four,17.0,191.0,830.0,1.02
24680,Mv Agusta,f4 r corsa corta,2012,Sport,998,192.0,In-line four,17.0,185.0,830.0,1.04
24682,Mv Agusta,f4 r312,2010,Sport,998,183.0,In-line four,21.0,192.0,810.0,0.95
24684,Mv Agusta,f4 rc,2016,Sport,998,212.0,In-line four,17.0,175.0,830.0,1.21
24685,Mv Agusta,f4 rc,2017,Sport,998,212.0,In-line four,17.0,175.0,830.0,1.21
24686,Mv Agusta,f4 rc,2018,Sport,998,212.0,In-line four,17.0,175.0,830.0,1.21
24687,Mv Agusta,f4 rc,2019,Sport,998,211.0,In-line four,17.0,175.0,830.0,1.21
24688,Mv Agusta,f4 rr,2012,Sport,998,201.0,In-line four,17.0,184.0,830.0,1.09
24689,Mv Agusta,f4 rr,2013,Sport,998,201.0,In-line four,17.0,190.0,830.0,1.06
24690,Mv Agusta,f4 rr,2014,Sport,998,201.0,In-line four,17.0,190.0,830.0,1.06
24691,Mv Agusta,f4 rr,2015,Sport,998,200.0,In-line four,17.0,190.0,830.0,1.05
24692,Mv Agusta,f4 rr,2016,Sport,998,201.0,In-line four,17.0,190.0,830.0,1.06
24693,Mv Agusta,f4 rr,2017,Sport,998,201.0,In-line four,17.0,190.0,830.0,1.06
24694,Mv Agusta,f4 rr,2018,Sport,998,201.0,In-line four,17.0,190.0,830.0,1.06
24695,Mv Agusta,f4 rr 312 1078,2010,Sport,1078,190.0,In-line four,21.0,192.0,810.0,0.99
26823,Quadro,350 d,2014,Scooter,313,23.0,Single cylinder,13.0,200.0,780.0,0.12
24723,Mv Agusta,lucky explorer 5.5,2022,Super Motard,554,46.9,Twin,20.0,220.0,860.0,0.21
24724,Mv Agusta,lucky explorer 9.5,2022,Enduro / Offroad,931,121.0,In-line three,20.0,220.0,850.0,0.55
24732,Mv Agusta,rush 1000,2020,Naked Bike,998,209.0,In-line four,16.0,186.0,845.0,1.12
24733,Mv Agusta,rush 1000,2021,Naked Bike,998,208.0,In-line four,16.0,186.0,845.0,1.12
24734,Mv Agusta,rush 1000,2022,Naked Bike,998,208.0,In-line four,16.0,186.0,845.0,1.12
26824,Quadro,4,2014,Scooter,346,29.6,Single cylinder,15.0,257.0,770.0,0.12
24735,Mv Agusta,rvs,2018,Naked Bike,798,140.0,In-line three,16.6,168.0,795.0,0.83
24740,Mv Agusta,superveloce 75 anniversario,2021,Sport,798,148.0,In-line three,16.5,173.0,830.0,0.86
24741,Mv Agusta,superveloce 800,2020,Sport,798,148.0,In-line three,16.5,173.0,830.0,0.86
24742,Mv Agusta,superveloce 800,2021,Sport,798,148.0,In-line three,16.5,173.0,830.0,0.86
24743,Mv Agusta,superveloce 800,2022,Sport,798,147.0,In-line three,16.5,173.0,830.0,0.85
24744,Mv Agusta,superveloce 800 s,2022,Sport,798,152.0,In-line three,16.5,173.0,830.0,0.88
24745,Mv Agusta,superveloce 800 serie oro,2020,Sport,798,144.0,In-line three,16.5,173.0,830.0,0.83
24746,Mv Agusta,superveloce ago,2022,Sport,798,148.0,In-line three,16.5,173.0,830.0,0.86
24747,Mv Agusta,superveloce alpine,2021,Sport,798,147.0,In-line three,16.5,165.0,830.0,0.89
24748,Mv Agusta,superveloce alpine,2022,Sport,798,147.0,In-line three,16.5,173.0,830.0,0.85
24753,Mv Agusta,turismo veloce 800,2018,Sport Touring,798,110.0,In-line three,22.0,191.0,850.0,0.58
24755,Mv Agusta,turismo veloce 800 lusso,2016,Sport Touring,798,110.0,In-line three,22.0,192.0,850.0,0.57
24756,Mv Agusta,turismo veloce 800 lusso,2017,Sport Touring,798,110.0,In-line three,22.0,192.0,850.0,0.57
24757,Mv Agusta,turismo veloce 800 lusso,2018,Sport Touring,798,110.0,In-line three,22.0,192.0,850.0,0.57
24758,Mv Agusta,turismo veloce 800 lusso,2019,Sport Touring,798,108.0,In-line three,20.5,192.0,850.0,0.56
24761,Mv Agusta,turismo veloce 800 rc scs,2019,Sport Touring,798,110.0,In-line three,21.5,192.0,850.0,0.57
24762,Mv Agusta,turismo veloce 800 rosso,2020,Sport,798,110.0,In-line three,16.5,191.0,850.0,0.58
24763,Mv Agusta,turismo veloce 800 rosso,2021,Sport,798,110.0,In-line three,21.5,191.0,850.0,0.58
24764,Mv Agusta,turismo veloce 800 scs,2019,Sport Touring,798,108.0,In-line three,21.5,192.0,850.0,0.56
24765,Mv Agusta,turismo veloce lusso,2020,Sport Touring,798,110.0,In-line three,20.5,192.0,850.0,0.57
24766,Mv Agusta,turismo veloce lusso,2021,Sport Touring,798,110.0,In-line three,21.5,191.0,826.0,0.58
24767,Mv Agusta,turismo veloce lusso,2022,Sport Touring,798,110.0,In-line three,21.5,192.0,826.0,0.57
24768,Mv Agusta,turismo veloce lusso 800,2014,Sport Touring,798,125.0,In-line three,20.0,207.0,870.0,0.6
24769,Mv Agusta,turismo veloce lusso 800,2015,Sport Touring,798,125.0,In-line three,20.0,199.0,870.0,0.63
24770,Mv Agusta,turismo veloce lusso rc scs,2020,Sport Touring,798,108.0,In-line three,21.5,199.0,850.0,0.54
24771,Mv Agusta,turismo veloce lusso scs,2020,Sport Touring,798,108.0,In-line three,21.5,192.0,850.0,0.56
24772,Mv Agusta,turismo veloce lusso scs,2021,Sport Touring,798,110.0,In-line three,21.5,199.0,826.0,0.55
24773,Mv Agusta,turismo veloce lusso scs 800,2022,Sport Touring,798,110.0,In-line three,21.5,191.0,826.0,0.58
24774,Mv Agusta,turismo veloce lusso scs polizia,2021,Sport,798,110.0,In-line three,21.5,199.0,850.0,0.55
24775,Mv Agusta,turismo veloce rc scs,2021,Sport Touring,798,110.0,In-line three,21.5,192.0,826.0,0.57
24776,Mv Agusta,turismo veloce rc scs,2022,Sport Touring,798,110.0,In-line three,21.5,199.0,826.0,0.55
24777,Mv Agusta,turismo veloce rosso,2022,Sport,798,110.0,In-line three,21.5,191.0,830.0,0.58
24831,Mz,emmely 50 4t,2013,Scooter,50,2.8,Single cylinder,5.4,93.0,780.0,0.03
24850,Mz,max 50 2t,2012,Scooter,49,3.5,Single cylinder,6.0,83.0,800.0,0.04
26825,Quadro,4,2015,Scooter,346,30.0,Single cylinder,15.0,257.0,770.0,0.12
26826,Quadro,4,2016,Scooter,346,30.0,Single cylinder,14.0,257.0,770.0,0.12
26827,Quadro,4 adventure,2015,Prototype / Concept Model,346,30.0,Single cylinder,15.0,258.0,770.0,0.12
24992,Neander,kraftrad,2015,Prototype / Concept Model,1340,112.0,Diesel,14.0,295.0,650.0,0.38
24993,Neander,kraftrad,2017,Naked Bike,1340,112.0,Diesel,14.0,295.0,650.0,0.38
24994,Neander,kraftrad,2021,Naked Bike,1340,112.0,Diesel,14.0,295.0,650.0,0.38
24996,Neander,turbo diesel,2010,Custom / Cruiser,1400,112.0,Diesel,14.0,295.0,650.0,0.38
25000,Neander,turbo-diesel,2011,Custom / Cruiser,1340,112.0,Diesel,14.0,295.0,650.0,0.38
25001,Neander,turbo-diesel,2012,Custom / Cruiser,1340,112.0,Diesel,14.0,295.0,650.0,0.38
25002,Neander,turbo-diesel,2016,Naked Bike,1340,112.0,Diesel,14.0,295.0,650.0,0.38
25025,Nembo,la 32,2020,Sport,1962,200.0,In-line three,12.0,160.0,860.0,1.25
25046,Nipponia,alma 150,2022,Scooter,150,8.9,Single cylinder,5.5,94.0,760.0,0.09
25049,Nipponia,arion 50,2012,Scooter,49,3.6,Single cylinder,5.0,81.0,770.0,0.04
25051,Nipponia,arte 125,2010,Scooter,125,12.5,Single cylinder,7.0,130.0,760.0,0.1
25052,Nipponia,arte 125,2012,Scooter,125,9.3,Single cylinder,7.0,136.0,760.0,0.07
25053,Nipponia,arte 125,2016,Scooter,125,9.3,Single cylinder,7.0,136.0,760.0,0.07
25054,Nipponia,arte 150,2010,Scooter,150,14.1,Single cylinder,7.0,130.0,760.0,0.11
25055,Nipponia,arte 150,2012,Scooter,150,10.5,Single cylinder,7.0,130.0,760.0,0.08
25056,Nipponia,atlas 200,2022,Enduro / Offroad,197,15.1,Single cylinder,12.0,127.0,900.0,0.12
25057,Nipponia,aura,2012,Scooter,125,9.3,Single cylinder,7.5,136.0,760.0,0.07
25065,Nipponia,bws 150,2022,Scooter,150,8.9,Single cylinder,6.4,115.0,780.0,0.08
25066,Nipponia,cgr 200,2022,Allround,197,13.2,Single cylinder,10.5,115.0,760.0,0.11
25068,Nipponia,dion 125,2012,Scooter,125,9.3,Single cylinder,5.0,101.0,780.0,0.09
25069,Nipponia,duel 125,2021,Naked Bike,125,9.8,Single cylinder,9.0,135.0,760.0,0.07
25071,Nipponia,ezio 125,2010,Scooter,125,12.5,Single cylinder,7.5,118.0,780.0,0.11
25072,Nipponia,ezio 125,2012,Scooter,125,9.3,Single cylinder,7.5,118.0,780.0,0.08
25074,Nipponia,ezio 50,2010,Scooter,50,6.2,Single cylinder,7.5,108.0,780.0,0.06
25075,Nipponia,ezio 50,2012,Scooter,50,4.8,Single cylinder,7.5,108.0,780.0,0.04
25076,Nipponia,ezio 50,2016,Scooter,50,4.8,Single cylinder,7.5,108.0,780.0,0.04
25081,Nipponia,miro 130,2012,Scooter,129,9.0,Single cylinder,5.7,108.0,670.0,0.08
25082,Nipponia,miro-ii 125,2021,Scooter,124,8.2,Single cylinder,5.7,107.0,670.0,0.08
25083,Nipponia,msger 125,2021,Scooter,125,8.2,Single cylinder,4.3,116.0,750.0,0.07
25092,Nipponia,neon 50,2012,Scooter,49,4.1,Single cylinder,5.0,86.0,770.0,0.05
25093,Nipponia,orizon 200,2022,Sport,183,16.1,Single cylinder,9.0,135.0,760.0,0.12
25094,Nipponia,ronin 200,2022,Sport,200,17.0,Single cylinder,14.0,128.0,760.0,0.13
25101,Nipponia,status 300,2021,Scooter,299,24.9,Single cylinder,12.7,200.0,710.0,0.12
25102,Nipponia,tremor 125,2021,"Minibike, Sport",125,9.8,Single cylinder,6.0,112.0,760.0,0.09
25104,Nipponia,vorrei 125,2010,Scooter,125,12.5,Single cylinder,9.0,138.0,790.0,0.09
25105,Nipponia,vorrei 125,2012,Scooter,125,9.3,Single cylinder,9.0,138.0,790.0,0.07
25106,Nipponia,vorrei 125,2016,Scooter,125,9.3,Single cylinder,9.0,138.0,790.0,0.07
25107,Nipponia,vorrei 150,2010,Scooter,150,14.1,Single cylinder,7.0,130.0,760.0,0.11
25108,Nipponia,vorrei 150,2012,Scooter,150,10.5,Single cylinder,7.0,130.0,760.0,0.08
25109,Nipponia,zorro 180,2022,Sport,179,13.9,Single cylinder,10.5,110.0,760.0,0.13
26828,Quadro,4 steinbock,2017,Scooter,346,30.0,Single cylinder,14.0,257.0,770.0,0.12
25151,Norton,breitling sport,2020,Classic,961,78.8,Twin,17.03,188.0,810.0,0.42
25172,Norton,commando 961 cafe racer,2010,Classic,961,80.0,Twin,17.03,188.0,813.0,0.43
25173,Norton,commando 961 cafe racer,2011,Classic,961,80.0,Twin,17.03,188.0,813.0,0.43
25174,Norton,commando 961 cafe racer,2012,Classic,961,80.0,Twin,17.03,188.0,813.0,0.43
25175,Norton,commando 961 cafe racer,2013,Classic,961,80.0,Twin,17.03,188.0,813.0,0.43
25176,Norton,commando 961 cafe racer,2014,Classic,961,80.0,Twin,17.03,188.0,813.0,0.43
25177,Norton,commando 961 cafe racer,2015,Classic,961,80.0,Twin,17.03,188.0,813.0,0.43
25178,Norton,commando 961 cafe racer mk ii,2016,Classic,961,80.0,Twin,17.03,188.0,813.0,0.43
25179,Norton,commando 961 cafe racer mk ii,2017,Classic,961,80.0,Twin,17.03,188.0,813.0,0.43
25180,Norton,commando 961 cafe racer mk ii,2018,Classic,961,80.0,Twin,17.03,188.0,813.0,0.43
25181,Norton,commando 961 cafe racer mk ii,2019,Classic,961,80.0,Twin,17.03,188.0,810.0,0.43
25182,Norton,commando 961 california,2020,Allround,961,80.0,Twin,17.0,188.0,810.0,0.43
25183,Norton,commando 961 se,2012,Classic,961,80.0,Twin,17.03,188.0,813.0,0.43
25184,Norton,commando 961 sf,2013,Classic,961,80.0,Twin,17.0,188.0,813.0,0.43
25185,Norton,commando 961 sf,2014,Classic,961,80.0,Twin,17.0,188.0,813.0,0.43
25186,Norton,commando 961 sf,2015,Classic,961,80.0,Twin,17.0,188.0,813.0,0.43
25187,Norton,commando 961 sf mk ii,2016,Classic,961,80.0,Twin,17.0,188.0,813.0,0.43
25188,Norton,commando 961 sf mk ii,2017,Classic,961,80.0,Twin,17.0,188.0,813.0,0.43
26830,Quadro,aatw r,2014,Allround,346,27.0,Single cylinder,13.0,200.0,780.0,0.14
25189,Norton,commando 961 sport,2010,Classic,961,80.0,Twin,17.03,188.0,813.0,0.43
25190,Norton,commando 961 sport,2011,Classic,961,80.0,Twin,17.03,188.0,813.0,0.43
25191,Norton,commando 961 sport,2012,Classic,961,80.0,Twin,17.0,188.0,813.0,0.43
25192,Norton,commando 961 sport,2013,Classic,961,80.0,Twin,17.0,188.0,813.0,0.43
25193,Norton,commando 961 sport,2014,Classic,961,80.0,Twin,17.0,188.0,813.0,0.43
25194,Norton,commando 961 sport,2015,Classic,961,80.0,Twin,17.0,188.0,813.0,0.43
25195,Norton,commando 961 sport mk ii,2016,Classic,961,80.0,Twin,17.0,188.0,813.0,0.43
25196,Norton,commando 961 sport mk ii,2017,Classic,961,80.0,Twin,17.0,188.0,813.0,0.43
25197,Norton,commando 961 sport mk ii,2018,Classic,961,80.0,Twin,17.0,188.0,810.0,0.43
25198,Norton,commando 961 sport mk ii,2019,Classic,961,80.0,Twin,17.0,188.0,810.0,0.43
25202,Norton,commando 961se,2010,Classic,961,80.0,Twin,17.03,188.2,813.0,0.43
25203,Norton,commando 961se,2011,Classic,961,80.0,Twin,17.03,188.0,813.0,0.43
25204,Norton,dominator,2016,Classic,961,80.0,Twin,17.0,188.0,813.0,0.43
25205,Norton,dominator,2017,Classic,961,80.0,Twin,17.0,188.0,813.0,0.43
25206,Norton,dominator,2018,Classic,961,80.0,Twin,17.0,188.0,810.0,0.43
25207,Norton,dominator,2019,Classic,961,80.0,Twin,17.0,188.0,810.0,0.43
25233,Norton,dominator street,2020,Classic,961,77.8,Twin,17.0,188.0,810.0,0.41
25302,Norton,v4sv superbike,2022,Prototype / Concept Model,1200,185.0,V4,15.0,193.0,836.0,0.96
25303,Nox,duel 125 sm,2010,Super Motard,124,11.3,Single cylinder,8.5,127.0,835.0,0.09
25570,Orcal,astor 125,2020,Classic,125,9.5,Single cylinder,16.0,124.0,780.0,0.08
25571,Orcal,astor 125,2021,Allround,125,9.5,Single cylinder,16.0,124.0,780.0,0.08
25572,Orcal,astor 125,2022,Allround,125,9.5,Single cylinder,16.0,124.0,780.0,0.08
25592,Orion,gazelle,2016,Enduro / Offroad,110,6.7,Single cylinder,4.7,64.0,740.0,0.1
25594,Orion,jaguar,2016,Enduro / Offroad,125,8.1,Single cylinder,4.7,67.0,840.0,0.12
25596,Orion,kiddy,2016,"Minibike, Cross",70,4.6,Single cylinder,3.5,79.0,630.0,0.06
25597,Orion,mini jaguar,2016,Enduro / Offroad,125,13.4,Single cylinder,4.7,67.0,820.0,0.2
25601,Orion,rfz gazelle 110,2022,Enduro / Offroad,110,8.7,Single cylinder,4.7,66.0,730.0,0.13
25603,Orion,rfz thunder 250,2022,Enduro / Offroad,223,16.1,Single cylinder,6.5,95.0,901.0,0.17
25604,Orion,rx 250,2016,Enduro / Offroad,250,17.4,Single cylinder,7.0,128.0,930.0,0.14
25605,Orion,rx 250,2021,Enduro / Offroad,250,17.4,Single cylinder,7.0,128.0,930.0,0.14
25606,Orion,supra 110,2016,Enduro / Offroad,110,8.7,Single cylinder,3.7,79.0,700.0,0.11
25634,Over,b tre,2014,Scooter,49,3.9,Single cylinder,6.8,95.0,800.0,0.04
25635,Over,b uno,2014,Scooter,49,3.9,Single cylinder,5.5,78.0,790.0,0.05
25636,Over,b1 50,2016,Scooter,49,3.9,Single cylinder,5.5,78.0,790.0,0.05
25637,Over,b3 125,2016,Scooter,125,8.9,Single cylinder,6.8,106.0,800.0,0.08
25638,Over,b3 125,2022,Scooter,125,8.9,Single cylinder,6.8,106.0,800.0,0.08
25639,Over,b3 50,2016,Scooter,49,4.4,Single cylinder,6.8,84.0,810.0,0.05
25644,Over,thor,2014,Scooter,49,4.3,Single cylinder,6.8,84.0,810.0,0.05
25645,Over,thor 125,2016,Scooter,125,8.9,Single cylinder,6.8,106.0,810.0,0.08
25646,Over,tourer 250,2016,Super Motard,250,24.8,Single cylinder,16.0,163.0,795.0,0.15
25655,Pagsta,eagle 150,2010,Scooter,150,9.7,Single cylinder,6.6,114.0,760.0,0.09
25722,Peugeot,belville 125 allure,2018,Scooter,125,11.1,Single cylinder,7.5,130.0,790.0,0.09
25723,Peugeot,belville 125 allure,2019,Scooter,125,11.1,Single cylinder,7.5,130.0,790.0,0.09
25724,Peugeot,belville 125 rs,2018,Scooter,125,11.1,Single cylinder,7.5,130.0,790.0,0.09
25727,Peugeot,belville 200 allure,2018,Scooter,169,11.8,Single cylinder,7.5,126.0,790.0,0.09
25728,Peugeot,belville 200 rs,2018,Scooter,169,11.8,Single cylinder,7.5,126.0,790.0,0.09
25738,Peugeot,citystar 125,2012,Scooter,125,14.0,Single cylinder,9.5,155.0,795.0,0.09
25740,Peugeot,citystar 125,2016,Scooter,125,10.7,Single cylinder,8.0,145.0,795.0,0.07
25742,Peugeot,citystar 125 powermotion abs,2019,Scooter,125,14.2,Single cylinder,9.0,150.0,795.0,0.09
25743,Peugeot,citystar 125 rs abs,2019,Scooter,125,14.2,Single cylinder,9.0,150.0,795.0,0.09
25744,Peugeot,citystar 125 sbc,2021,Scooter,125,14.2,Single cylinder,8.2,143.0,795.0,0.1
25745,Peugeot,citystar 200,2012,Scooter,190,19.0,Single cylinder,8.5,159.0,795.0,0.12
25747,Peugeot,citystar 50 active,2019,Scooter,50,4.6,Single cylinder,8.0,125.0,795.0,0.04
25748,Peugeot,citystar 50 black edition,2019,Scooter,50,4.6,Single cylinder,8.0,125.0,795.0,0.04
25749,Peugeot,citystar 50 rs,2019,Scooter,50,4.6,Single cylinder,8.0,125.0,795.0,0.04
25751,Peugeot,django 125,2016,Scooter,125,10.2,Single cylinder,8.5,135.0,770.0,0.08
25753,Peugeot,django 125 abs,2021,Scooter,125,11.3,Single cylinder,8.5,129.0,770.0,0.09
25756,Peugeot,django 151,2016,Scooter,151,11.3,Single cylinder,8.5,135.0,770.0,0.08
25760,Peugeot,django 50 4t,2019,Scooter,50,3.6,Single cylinder,8.5,110.0,770.0,0.03
25761,Peugeot,django 50 sport,2021,Scooter,50,3.5,Single cylinder,8.5,126.0,770.0,0.03
25765,Peugeot,django summer,2019,Scooter,50,3.6,Single cylinder,8.5,110.0,770.0,0.03
25796,Peugeot,jet ctech,2012,Scooter,50,4.8,Single cylinder,8.0,109.0,820.0,0.04
25808,Peugeot,kisbee 100,2016,Scooter,100,6.7,Single cylinder,6.8,97.0,760.0,0.07
25810,Peugeot,kisbee 50,2016,Scooter,50,4.0,Single cylinder,6.8,90.0,760.0,0.04
25811,Peugeot,kisbee 50 active,2021,Scooter,50,3.6,Single cylinder,6.5,85.0,760.0,0.04
25812,Peugeot,kisbee 50 active pluss,2021,Scooter,50,3.6,Single cylinder,6.5,85.0,760.0,0.04
25813,Peugeot,kisbee 50 r,2021,Scooter,50,3.6,Single cylinder,6.5,85.0,760.0,0.04
25815,Peugeot,kisbee 50 rs,2021,Scooter,50,3.6,Single cylinder,6.5,85.0,760.0,0.04
25817,Peugeot,kisbee 50 street,2022,Scooter,50,3.5,Single cylinder,6.5,85.0,760.0,0.04
25818,Peugeot,kisbee 50 tcr,2021,Scooter,50,3.6,Single cylinder,6.5,85.0,760.0,0.04
25839,Peugeot,lxr,2010,Scooter,125,13.0,Single cylinder,8.0,142.0,790.0,0.09
25840,Peugeot,lxr 125,2012,Scooter,125,13.0,Single cylinder,8.0,142.0,790.0,0.09
25843,Peugeot,metropolis,2016,Scooter,399,37.2,Single cylinder,13.5,256.0,780.0,0.15
25844,Peugeot,metropolis,2021,Scooter,399,35.1,Single cylinder,13.0,272.0,780.0,0.13
25845,Peugeot,metropolis access,2019,Scooter,399,35.1,Single cylinder,13.5,256.0,780.0,0.14
25846,Peugeot,metropolis access,2020,Scooter,399,35.1,Single cylinder,13.5,256.0,780.0,0.14
25847,Peugeot,metropolis active,2021,Scooter,399,35.1,Single cylinder,13.5,256.0,780.0,0.14
25849,Peugeot,metropolis allure,2021,Scooter,399,35.1,Single cylinder,13.5,256.0,780.0,0.14
25850,Peugeot,metropolis black edition,2019,Scooter,399,35.1,Single cylinder,13.5,256.0,780.0,0.14
25851,Peugeot,metropolis rs,2019,Scooter,399,35.1,Single cylinder,13.5,256.0,780.0,0.14
25853,Peugeot,metropolis sw,2022,Scooter,399,35.1,Single cylinder,13.5,256.0,780.0,0.14
25854,Peugeot,metropolis ultimate business,2020,Scooter,399,35.1,Single cylinder,13.5,256.0,780.0,0.14
25855,Peugeot,metropolis ultimate sport,2020,Scooter,399,35.1,Single cylinder,13.5,256.0,780.0,0.14
25867,Peugeot,satelis 125,2010,Scooter,125,15.0,Single cylinder,13.2,160.0,784.0,0.09
25868,Peugeot,satelis 125 avenue,2010,Scooter,125,15.0,Single cylinder,13.2,160.0,784.0,0.09
25872,Peugeot,satelis 125 compressor,2010,Scooter,125,20.0,Single cylinder,13.2,160.0,784.0,0.12
25879,Peugeot,satelis 125rs,2010,Scooter,125,15.0,Single cylinder,13.2,160.0,784.0,0.09
25896,Peugeot,satelis evo 125,2016,Scooter,125,14.8,Single cylinder,8.5,160.0,784.0,0.09
25897,Peugeot,satelis evo 300,2016,Scooter,125,21.6,Single cylinder,8.5,160.0,784.0,0.14
25898,Peugeot,satelis evo 400,2016,Scooter,125,36.7,Single cylinder,8.5,213.0,784.0,0.17
25900,Peugeot,satelis whitesat 125 compressor,2010,Scooter,125,20.0,Single cylinder,13.0,160.0,784.0,0.12
25909,Peugeot,speedfight  4,2016,Scooter,49,6.2,Single cylinder,8.0,97.0,800.0,0.06
25921,Peugeot,speedfight 50,2022,Scooter,50,3.0,Single cylinder,8.0,97.0,800.0,0.03
25922,Peugeot,speedfight 50 sportline,2021,Scooter,50,3.8,Single cylinder,8.0,97.0,800.0,0.04
25923,Peugeot,speedfight 50 total sport,2021,Scooter,50,4.6,Single cylinder,8.0,97.0,800.0,0.05
25934,Peugeot,streetzone 50,2022,Scooter,50,3.5,Single cylinder,6.3,97.0,770.0,0.04
25936,Peugeot,sum up,2010,Scooter,125,8.3,Single cylinder,6.5,115.0,770.0,0.07
25949,Peugeot,tweet  50,2021,Scooter,50,3.5,Single cylinder,5.7,100.0,770.0,0.04
25952,Peugeot,tweet 125 active,2022,Scooter,125,11.3,Single cylinder,5.5,114.0,770.0,0.1
25953,Peugeot,tweet 125 sbc,2021,Scooter,125,10.1,Single cylinder,5.7,109.0,770.0,0.09
25956,Peugeot,tweet evo 125,2016,Scooter,125,10.2,Single cylinder,5.7,109.0,770.0,0.09
25957,Peugeot,tweet evo 50,2016,Scooter,50,6.2,Single cylinder,5.7,100.0,770.0,0.06
25962,Peugeot,v-clic 50,2010,Scooter,50,2.9,Single cylinder,6.3,79.0,715.0,0.04
25963,Peugeot,v-clic 50,2012,Scooter,50,2.9,Single cylinder,6.3,79.0,715.0,0.04
25967,Peugeot,vivacity 3,2012,Scooter,49,4.8,Single cylinder,8.5,95.0,786.0,0.05
25974,Peugeot,vivacity 50,2010,Scooter,49,4.8,Single cylinder,8.0,95.0,786.0,0.05
25980,Peugeot,vivacity roland garros,2010,Scooter,50,4.8,Single cylinder,8.0,95.0,786.0,0.05
25981,Peugeot,vivacity sixties,2010,Scooter,49,3.1,Single cylinder,8.5,98.0,786.0,0.03
25984,Peugeot,vogue 50,2012,Scooter,49,2.7,Single cylinder,5.0,47.0,730.0,0.06
25985,Peugeot,vogue 50,2016,Scooter,49,2.7,Single cylinder,5.0,42.0,730.0,0.06
25993,Peugeot,xp6 top road,2010,Super Motard,50,1.9,Single cylinder,6.0,83.0,905.0,0.02
25994,Peugeot,xp6 track,2010,Enduro / Offroad,50,1.9,Single cylinder,6.0,83.0,905.0,0.02
26160,Piaggio,beverly 300 abs asr,2020,Scooter,278,20.8,Single cylinder,12.5,173.5,790.0,0.12
26161,Piaggio,beverly 300 hpe,2021,Scooter,278,26.0,Single cylinder,12.5,173.5,790.0,0.15
26162,Piaggio,beverly 300 s,2022,Scooter,278,26.0,Single cylinder,12.0,173.5,790.0,0.15
26166,Piaggio,beverly 400 s,2022,Scooter,399,35.0,Single cylinder,12.0,177.0,790.0,0.2
26172,Piaggio,beverly s 300 abs asr,2020,Scooter,278,20.8,Single cylinder,12.5,173.5,790.0,0.12
26173,Piaggio,beverly s 400 hpe,2021,Scooter,399,35.0,Single cylinder,12.5,177.0,790.0,0.2
26179,Piaggio,bv 350,2019,Scooter,330,30.2,Single cylinder,12.0,176.9,790.0,0.17
26180,Piaggio,bv 350 abs,2016,Scooter,330,32.8,Single cylinder,13.0,176.9,787.0,0.19
26204,Piaggio,fly 50,2011,Scooter,50,11.4,Single cylinder,7.1,100.0,785.0,0.11
26208,Piaggio,fly 50 4v,2012,Scooter,50,11.4,Single cylinder,7.1,100.0,785.0,0.11
26209,Piaggio,fly 50 4v,2013,Scooter,50,11.4,Single cylinder,7.1,100.0,785.0,0.11
26210,Piaggio,fly 50 4v,2016,Scooter,50,4.6,Single cylinder,7.1,100.0,785.0,0.05
26219,Piaggio,liberty 125 s,2022,Scooter,124,10.9,Single cylinder,6.0,99.0,790.0,0.11
26271,Piaggio,mp3 500 sport,2016,Scooter,493,40.1,Single cylinder,12.0,261.7,780.0,0.15
26272,Piaggio,mp3 500ie business,2017,Scooter,493,40.1,Single cylinder,12.0,261.7,780.0,0.15
26276,Piaggio,mp3 hybrid,2012,Scooter,278,18.2,Single cylinder,12.0,257.0,780.0,0.07
26285,Piaggio,mp3 sport 500,2012,Scooter,493,40.0,Single cylinder,12.11,229.0,785.0,0.17
26346,Piaggio,xevo 125,2010,Scooter,124,14.9,Single cylinder,12.0,161.0,790.0,0.09
26353,Piaggio,xevo 400,2010,Scooter,399,33.0,Single cylinder,12.0,198.0,790.0,0.17
26382,Pitster Pro,lxr 250f mx - enduro efi,2017,Cross / Motocross,250,32.0,Single cylinder,8.71,112.0,945.0,0.29
26387,Pitster Pro,mxr 155,2022,"Minibike, Cross",155,13.5,Single cylinder,3.8,65.5,813.0,0.21
26390,Pitster Pro,t4 250 sc 19x16,2013,Enduro / Offroad,248,5.4,Single cylinder,1.8,223.0,889.0,0.02
26405,Pitster Pro,xtr 250 motard,2021,Super Motard,223,18.0,Single cylinder,9.08,101.2,909.0,0.18
26430,Polaris,scrambler 850,2021,Atv,850,78.0,Twin,19.9,333.0,940.0,0.23
26431,Polaris,scrambler 850,2022,Atv,850,78.0,Twin,19.9,333.0,940.0,0.23
26434,Polaris,scrambler xp 1000 s,2021,Atv,952,89.0,Twin,19.9,400.0,940.0,0.22
26435,Polaris,scrambler xp 1000 s limited,2022,Atv,952,89.0,Twin,19.9,400.0,940.0,0.22
26445,Polaris,sportsman 450 h.o.,2021,Atv,500,33.0,Single cylinder,17.0,317.5,845.0,0.1
26446,Polaris,sportsman 450 h.o.,2022,Atv,499,33.0,Single cylinder,17.0,317.5,845.0,0.1
26447,Polaris,sportsman 450 ho,2017,Atv,500,33.0,Single cylinder,17.0,311.0,845.0,0.11
26459,Polaris,sportsman 570,2017,Atv,567,44.0,Single cylinder,17.0,330.0,857.0,0.13
26460,Polaris,sportsman 570,2021,Atv,567,44.0,Single cylinder,17.0,319.8,857.0,0.14
26461,Polaris,sportsman 570,2022,Atv,567,44.0,Single cylinder,17.0,319.8,857.0,0.14
26463,Polaris,sportsman 570 sp,2017,Atv,567,44.0,Single cylinder,17.0,331.0,870.0,0.13
26464,Polaris,sportsman 6x6 570,2022,Atv,567,44.0,Single cylinder,22.71,489.0,940.0,0.09
26467,Polaris,sportsman 800 efi,2014,Atv,760,54.0,Twin,15.5,336.1,857.0,0.16
26469,Polaris,sportsman 850,2017,Atv,850,78.0,Twin,19.9,342.0,940.0,0.23
26470,Polaris,sportsman 850,2021,Atv,850,78.0,Twin,19.9,350.0,940.0,0.22
26471,Polaris,sportsman 850,2022,Atv,850,78.0,Twin,19.9,350.0,940.0,0.22
26472,Polaris,sportsman 850 eps,2010,Atv,850,70.0,Single cylinder,17.03,355.2,940.0,0.2
26473,Polaris,sportsman 850 high lifter,2021,Atv,850,78.0,Twin,19.9,417.0,990.0,0.19
26474,Polaris,sportsman 850 sp,2017,Atv,850,78.0,Twin,19.9,349.0,940.0,0.22
26483,Polaris,sportsman high lifter edition,2022,Atv,850,78.0,Twin,19.9,417.0,990.0,0.19
26485,Polaris,sportsman touring 570,2021,Atv,567,44.0,Single cylinder,17.0,330.0,857.0,0.13
26486,Polaris,sportsman touring 570,2022,Atv,567,44.0,Single cylinder,25.55,330.0,857.0,0.13
26491,Polaris,sportsman touring xp 1000,2021,Atv,952,88.0,Twin,19.9,402.0,908.0,0.22
26492,Polaris,sportsman touring xp 1000  trail,2022,Atv,952,88.0,Twin,19.9,402.0,908.0,0.22
26495,Polaris,sportsman xp 1000,2017,Atv,952,90.0,Twin,19.9,374.0,940.0,0.24
26496,Polaris,sportsman xp 1000,2021,Atv,952,90.0,Twin,19.9,363.0,940.0,0.25
26497,Polaris,sportsman xp 1000,2022,Atv,952,90.0,Twin,19.9,363.0,940.0,0.25
26498,Polaris,sportsman xp 1000 s,2021,Atv,952,89.0,Twin,19.9,440.0,940.0,0.2
26501,Polaris,sportsman xp 850 eps,2011,Atv,850,70.0,Single cylinder,17.03,355.2,940.0,0.2
26506,Polini,910 carena rs,2022,"Minibike, Sport",40,6.2,Single cylinder,1.8,18.0,385.0,0.34
26520,Polini,911 gp6,2010,"Minibike, Sport",40,4.2,Single cylinder,1.5,20.0,460.0,0.21
26523,Polini,911 s air 6.2 hp,2016,"Minibike, Sport",37,6.2,Single cylinder,3.0,22.0,455.0,0.28
26683,Puma,apollo 125,2010,Sport,125,9.4,Single cylinder,4.5,66.0,760.0,0.14
26684,Puma,cityfly 125,2010,Sport,125,10.9,Single cylinder,3.5,78.0,760.0,0.14
26685,Puma,colibry le mans 125,2010,Sport,125,10.1,Single cylinder,4.5,75.0,760.0,0.13
26688,Puma,energy sv 125,2012,Allround,125,11.7,Single cylinder,10.0,130.0,780.0,0.09
26689,Puma,falcon 450 cross,2011,Cross / Motocross,450,44.3,Single cylinder,8.5,118.0,960.0,0.38
26690,Puma,falcon 450 motard,2011,Super Motard,450,44.3,Single cylinder,8.5,117.0,960.0,0.38
26691,Puma,falcon cr125 cross,2011,Cross / Motocross,125,4.2,Single cylinder,8.0,108.0,960.0,0.04
26703,Puma,rottaler 125 motard,2011,Super Motard,125,11.7,Single cylinder,10.0,120.0,910.0,0.1
26704,Puma,rottaler 250 cross,2011,Cross / Motocross,250,21.5,Single cylinder,8.5,123.0,910.0,0.17
26705,Puma,rottaler 250 motard,2011,Super Motard,250,21.5,Single cylinder,10.0,123.0,910.0,0.17
26707,Puma,rottaler 50 motard,2011,Super Motard,50,4.2,Single cylinder,10.0,120.0,910.0,0.04
26709,Puma,verbano 250,2013,Scooter,249,21.4,Single cylinder,12.0,150.0,760.0,0.14
26717,Qingqi,qm125-2x cafe racer,2022,Allround,125,11.3,Single cylinder,10.0,115.0,795.0,0.1
26718,Qingqi,qm125-2x scrambler,2022,Enduro / Offroad,125,11.3,Single cylinder,10.0,115.0,835.0,0.1
26730,Qingqi,u-zeal 200r cafe racer,2021,Classic,199,15.4,Single cylinder,10.0,170.0,775.0,0.09
26742,Qjmotor,qj750-7,2021,Super Motard,753,80.5,Twin,15.0,228.0,800.0,0.35
26752,Qlink,adventure 250,2011,Custom / Cruiser,244,17.7,Single cylinder,14.99,179.6,706.0,0.1
26753,Qlink,adventure 250,2013,Custom / Cruiser,248,17.7,V2,14.0,179.6,706.0,0.1
26754,Qlink,adventure 250,2015,Custom / Cruiser,248,17.7,V2,14.0,179.6,706.0,0.1
26759,Qlink,commuter 250,2010,Scooter,244,18.0,Single cylinder,12.11,169.2,729.0,0.11
26760,Qlink,db 250,2012,Enduro / Offroad,249,24.0,Single cylinder,7.95,282.0,950.0,0.09
26761,Qlink,db 250,2013,Enduro / Offroad,249,24.0,Single cylinder,7.95,127.9,950.0,0.19
26762,Qlink,db 250,2016,Enduro / Offroad,249,24.0,Single cylinder,7.95,127.9,950.0,0.19
26763,Qlink,estate 50,2013,Scooter,49,4.3,Single cylinder,6.81,95.0,790.0,0.05
26764,Qlink,hawk 50,2010,Scooter,49,2.7,Single cylinder,4.54,86.6,787.0,0.03
26765,Qlink,hawk 50,2013,Scooter,49,4.3,Single cylinder,4.54,86.6,787.0,0.05
26768,Qlink,legacy 250,2010,Custom / Cruiser,244,18.0,Single cylinder,15.89,163.7,701.0,0.11
26769,Qlink,legacy 250,2011,Custom / Cruiser,244,18.0,Single cylinder,15.89,163.7,701.0,0.11
26772,Qlink,mt 250,2012,Super Motard,249,24.0,Single cylinder,7.95,127.9,950.0,0.19
26773,Qlink,mt 250,2013,Super Motard,249,24.0,Single cylinder,7.95,127.0,950.0,0.19
26774,Qlink,mt 250,2015,Super Motard,249,24.0,Single cylinder,7.95,127.0,950.0,0.19
26775,Qlink,mt 250,2016,Super Motard,249,24.0,Single cylinder,7.95,127.0,950.0,0.19
26778,Qlink,pegasus 150,2010,Scooter,153,9.4,Single cylinder,6.43,129.7,780.0,0.07
26782,Qlink,rodeo 500,2010,Atv,471,22.8,Single cylinder,16.65,327.5,861.0,0.07
26783,Qlink,rodeo 500,2013,Atv,471,22.8,Single cylinder,16.65,327.5,861.0,0.07
26789,Qlink,siena 150,2010,Scooter,150,8.4,Single cylinder,5.29,100.7,752.0,0.08
26791,Qlink,splendor 400,2010,Scooter,393,26.8,Single cylinder,13.62,191.9,780.0,0.14
26794,Qlink,star 50,2010,Scooter,49,2.7,Single cylinder,6.05,77.0,851.0,0.04
26795,Qlink,tour 250,2013,Touring,248,17.7,V2,14.0,172.8,683.0,0.1
26796,Qlink,tour 250,2015,Touring,248,17.7,V2,14.0,172.8,683.0,0.1
26797,Qlink,tourer 250,2011,Touring,244,17.7,Single cylinder,14.0,172.8,706.0,0.1
26798,Qlink,travis 50,2012,Scooter,50,3.8,Single cylinder,4.54,95.0,787.0,0.04
26802,Qlink,xf 200,2010,Enduro / Offroad,199,15.4,Single cylinder,10.59,122.9,907.0,0.13
26803,Qlink,xf 200,2011,Enduro / Offroad,199,15.4,Single cylinder,10.26,122.9,907.0,0.13
26804,Qlink,xf 200,2013,Enduro / Offroad,199,15.4,Single cylinder,10.26,122.9,907.0,0.13
26806,Qlink,xp 200,2010,Super Motard,199,15.4,Single cylinder,10.59,122.9,787.0,0.13
26807,Qlink,xp 200,2011,Super Motard,199,15.4,Single cylinder,10.59,123.0,787.0,0.13
26808,Qlink,xp 200,2013,Super Motard,199,15.4,Single cylinder,10.59,123.0,787.0,0.13
26834,Quadro,qooder,2018,Scooter,398,31.9,Single cylinder,14.0,281.0,780.0,0.11
26835,Quadro,qooder,2019,Scooter,399,31.9,Single cylinder,14.0,281.0,780.0,0.11
26836,Quadro,qv3,2019,Scooter,346,28.4,Single cylinder,13.2,220.0,780.0,0.13
26837,Quadro,s,2014,Scooter,346,27.0,Single cylinder,13.0,200.0,780.0,0.14
26838,Quadro,s,2015,Scooter,346,27.0,Single cylinder,13.0,200.0,780.0,0.14
26906,Rewaco,ct 2300 t,2013,Touring,2294,106.0,In-line three,22.3,498.0,730.0,0.21
26930,Rhino,flm-001 hunter s,2012,Custom / Cruiser,250,17.0,V2,14.38,190.5,660.0,0.09
26936,Rhino,hunter s 250,2011,Custom / Cruiser,250,17.0,V2,14.38,190.5,660.0,0.09
26938,Rhino,hunter s flm-001,2010,Custom / Cruiser,250,17.0,V2,14.38,190.5,660.0,0.09
26945,Rhino,hunter softail,2013,Custom / Cruiser,250,17.0,V2,14.38,190.5,660.0,0.09
27008,Rieju,marathon 125,2011,Enduro / Offroad,125,15.0,Single cylinder,6.3,107.6,900.0,0.14
27014,Rieju,marathon 125 pro,2013,Enduro / Offroad,125,15.0,Single cylinder,6.3,115.0,870.0,0.13
27015,Rieju,marathon 125 pro,2016,Enduro / Offroad,125,15.0,Single cylinder,6.3,121.0,890.0,0.12
27016,Rieju,marathon 125 pro,2017,Enduro / Offroad,125,15.0,Single cylinder,6.3,121.0,890.0,0.12
27017,Rieju,marathon 125 pro,2019,Enduro / Offroad,125,15.0,Single cylinder,6.32,121.0,890.0,0.12
27018,Rieju,marathon 125 pro,2021,Enduro / Offroad,125,15.0,Single cylinder,6.32,121.0,890.0,0.12
27019,Rieju,marathon 125 pro,2022,Enduro / Offroad,125,15.0,Single cylinder,6.32,121.0,890.0,0.12
27021,Rieju,marathon 125 pro sm,2013,Super Motard,125,15.0,Single cylinder,6.3,115.0,870.0,0.13
27276,Roehr,1250sc,2010,Sport,1250,180.0,V2,14.38,196.0,800.0,0.92
27277,Roehr,1250sc,2011,Sport,1250,180.0,V2,14.38,196.0,800.0,0.92
27281,Rokon,for hunters,2015,Enduro / Offroad,208,7.0,Single cylinder,11.36,98.8,813.0,0.07
27282,Rokon,for hunters,2019,Sport,208,7.0,Single cylinder,10.0,98.8,838.0,0.07
27283,Rokon,for hunters,2022,Enduro / Offroad,208,7.0,Single cylinder,10.0,98.8,838.0,0.07
27284,Rokon,for preppers,2022,Enduro / Offroad,208,7.0,Single cylinder,10.0,98.8,838.0,0.07
27286,Rokon,mototractor,2021,Enduro / Offroad,208,7.0,Single cylinder,10.0,98.8,813.0,0.07
27287,Rokon,mototractor,2022,Enduro / Offroad,208,7.0,Single cylinder,10.0,98.8,813.0,0.07
27288,Rokon,preppers,2019,Enduro / Offroad,208,7.0,Single cylinder,10.0,98.8,838.0,0.07
27295,Rokon,ranger,2019,Enduro / Offroad,208,7.0,Single cylinder,10.0,98.8,813.0,0.07
27296,Rokon,ranger,2022,Enduro / Offroad,208,7.0,Single cylinder,10.0,98.8,813.0,0.07
27302,Rokon,scout,2014,Enduro / Offroad,208,7.0,Single cylinder,10.0,98.8,813.0,0.07
27303,Rokon,scout,2015,Enduro / Offroad,208,7.0,Single cylinder,10.0,98.8,813.0,0.07
27304,Rokon,scout,2016,Enduro / Offroad,208,7.0,Single cylinder,10.0,98.8,787.0,0.07
27305,Rokon,scout,2019,Enduro / Offroad,208,7.0,Single cylinder,10.0,98.8,787.0,0.07
27306,Rokon,scout,2020,Enduro / Offroad,208,7.0,Single cylinder,10.0,98.8,787.0,0.07
27307,Rokon,scout,2022,Enduro / Offroad,208,7.0,Single cylinder,10.0,98.8,787.0,0.07
27314,Rokon,trail-breaker,2015,Enduro / Offroad,208,7.0,Single cylinder,11.36,98.8,813.0,0.07
27315,Rokon,trail-breaker,2016,Enduro / Offroad,208,7.0,Single cylinder,11.36,98.8,813.0,0.07
27316,Rokon,trail-breaker,2017,Enduro / Offroad,208,7.0,Single cylinder,10.0,98.8,813.0,0.07
27317,Rokon,trail-breaker,2019,Enduro / Offroad,208,7.0,Single cylinder,10.0,98.8,813.0,0.07
27318,Rokon,trail-breaker,2021,Enduro / Offroad,208,7.0,Single cylinder,10.0,98.8,813.0,0.07
27319,Rokon,trail-breaker,2022,Enduro / Offroad,208,7.0,Single cylinder,10.0,98.8,813.0,0.07
27358,Royal Alloy,gt 125i,2020,Scooter,125,9.5,Single cylinder,11.0,130.0,770.0,0.07
27359,Royal Alloy,gt 200 lc,2021,Scooter,181,16.9,Single cylinder,11.0,148.0,770.0,0.11
27361,Royal Alloy,tg 125,2021,Scooter,125,12.0,Single cylinder,11.0,148.0,770.0,0.08
27362,Royal Alloy,tg 125 s,2022,Scooter,125,9.5,Single cylinder,10.0,148.0,770.0,0.06
27363,Royal Alloy,tg 300,2021,Scooter,278,22.3,Single cylinder,11.0,142.0,770.0,0.16
27387,Sachs,49er ii,2011,Scooter,49,2.6,Single cylinder,6.0,83.0,710.0,0.03
27392,Sachs,bee 125,2011,Scooter,124,9.0,Single cylinder,6.5,96.0,770.0,0.09
27393,Sachs,bee 2,2013,Scooter,50,4.3,Single cylinder,6.0,87.0,770.0,0.05
27395,Sachs,bee 50,2011,Scooter,50,3.6,Single cylinder,6.0,87.0,770.0,0.04
27401,Sachs,futuro 125,2013,Scooter,124,9.9,Single cylinder,9.5,122.0,780.0,0.08
27406,Sachs,madass 125,2011,Scooter,120,8.1,Single cylinder,5.0,100.0,855.0,0.08
27407,Sachs,madass 125,2012,Scooter,120,8.1,Single cylinder,5.0,105.0,855.0,0.08
27408,Sachs,madass 125,2013,Scooter,120,8.1,Single cylinder,5.0,95.0,855.0,0.09
27409,Sachs,madass 125,2016,Scooter,120,8.2,Single cylinder,5.0,100.0,720.0,0.08
27412,Sachs,madass 50,2011,Scooter,50,2.6,Single cylinder,5.0,85.0,835.0,0.03
27413,Sachs,madass 50,2013,Scooter,50,2.6,Single cylinder,5.0,85.0,835.0,0.03
27423,Sachs,roadster 125,2011,Naked Bike,124,8.9,Single cylinder,20.0,145.0,780.0,0.06
27438,Sachs,speedforce,2013,Scooter,49,3.4,Single cylinder,5.0,92.0,800.0,0.04
27442,Sachs,speedforce r,2011,Scooter,49,2.8,Single cylinder,5.0,87.0,800.0,0.03
27443,Sachs,speedjet,2011,Scooter,49,2.8,Single cylinder,6.0,87.0,800.0,0.03
27444,Sachs,speedjet,2013,Scooter,49,3.8,Single cylinder,4.7,87.0,800.0,0.04
27446,Sachs,speedjet r,2011,Scooter,49,2.8,Single cylinder,6.0,90.0,800.0,0.03
27447,Sachs,speedjet r,2013,Scooter,49,3.8,Single cylinder,6.0,87.0,800.0,0.04
27448,Sachs,speedjet rs,2011,Scooter,49,3.1,Single cylinder,6.0,90.0,800.0,0.03
27449,Sachs,speedjet rs,2013,Scooter,49,3.2,Single cylinder,6.0,88.0,800.0,0.04
27451,Sachs,speedjet rs 50,2012,Scooter,49,3.1,Single cylinder,6.0,90.0,800.0,0.03
27453,Sachs,sx,2013,Scooter,49,3.9,Single cylinder,5.8,108.0,810.0,0.04
27455,Sachs,sx1,2011,Scooter,49,3.7,Single cylinder,5.0,87.0,810.0,0.04
27456,Sachs,sx1 urbano,2011,Scooter,49,3.7,Single cylinder,5.0,87.0,810.0,0.04
27475,Sachs,zx 125 enduro,2011,Enduro / Offroad,124,11.1,Single cylinder,10.6,122.0,920.0,0.09
27476,Sachs,zx 125 enduro,2013,Enduro / Offroad,124,11.5,Single cylinder,10.6,124.0,920.0,0.09
27477,Sachs,zx 125 enduro,2014,Enduro / Offroad,124,11.5,Single cylinder,10.6,124.0,920.0,0.09
27481,Sachs,zz 125 supermoto,2011,Super Motard,124,11.1,Single cylinder,10.6,127.0,890.0,0.09
27482,Sachs,zz 125 supermoto,2013,Super Motard,124,11.1,Single cylinder,10.6,124.0,890.0,0.09
27483,Sachs,zz 125 supermoto,2014,Super Motard,124,11.1,Single cylinder,10.6,124.0,890.0,0.09
27597,Scomadi,tl 125,2017,Scooter,125,9.4,Single cylinder,11.0,100.0,780.0,0.09
27598,Scomadi,tl 200,2017,Scooter,181,18.4,Single cylinder,11.0,127.5,780.0,0.14
27599,Scomadi,tl50,2017,Scooter,50,3.2,Single cylinder,11.0,89.0,780.0,0.04
27600,Scomadi,tt 125,2020,Scooter,125,9.4,Single cylinder,11.0,125.0,780.0,0.08
27601,Scomadi,tt 125,2021,Scooter,125,9.4,Single cylinder,11.0,125.0,780.0,0.08
27602,Scomadi,tt 200,2020,Scooter,181,18.4,Single cylinder,11.0,137.0,780.0,0.13
27603,Scomadi,tt 200,2021,Scooter,181,18.4,Single cylinder,11.0,137.0,780.0,0.13
27604,Scomadi,tt125,2022,Scooter,125,9.4,Single cylinder,11.0,125.0,780.0,0.08
27716,Serpento,aspid 150,2020,Allround,150,12.0,Single cylinder,11.0,109.0,870.0,0.11
27719,Serpento,defender 150,2020,Enduro / Offroad,150,9.7,Single cylinder,5.5,105.0,820.0,0.09
28057,Shineray,xy-125 11,2011,Naked Bike,124,10.7,Single cylinder,16.0,150.0,780.0,0.07
28058,Shineray,xy-125 11a,2011,Sport,124,10.7,Single cylinder,16.0,150.0,780.0,0.07
28059,Shineray,xy-250 3,2012,Sport,250,16.1,Single cylinder,16.0,150.0,780.0,0.11
28060,Shineray,xy-250 3,2022,Sport,250,24.1,Single cylinder,16.0,150.0,780.0,0.16
28061,Shineray,xy-250 5,2011,Naked Bike,233,16.1,Single cylinder,16.0,150.0,780.0,0.11
28062,Shineray,xy-250 5a,2011,Sport,233,16.1,Single cylinder,16.0,150.0,780.0,0.11
28064,Shineray,xy125gy,2011,Enduro / Offroad,124,11.0,Single cylinder,16.0,96.0,800.0,0.11
28065,Shineray,xy125gy-6,2011,Enduro / Offroad,124,9.9,Single cylinder,5.6,112.0,890.0,0.09
28067,Shineray,xy250gy-2,2011,Cross / Motocross,249,24.1,Single cylinder,16.0,125.0,955.0,0.19
28072,Shinetime,ace 50,2012,Allround,50,3.1,Single cylinder,5.5,78.0,740.0,0.04
28074,Shinetime,st125 skymax-pro,2012,Allround,124,6.7,Single cylinder,5.5,78.0,740.0,0.09
28075,Shinetime,st50 skymax-pro,2012,Allround,49,2.6,Single cylinder,5.5,78.0,740.0,0.03
28130,Sinnis,125 terrain,2021,Enduro / Offroad,125,11.1,Single cylinder,14.0,150.0,800.0,0.07
28131,Sinnis,akuma 125,2020,Super Motard,125,11.0,Single cylinder,10.0,120.0,760.0,0.09
28132,Sinnis,akuma 125,2021,Super Motard,125,11.0,Single cylinder,10.0,120.0,760.0,0.09
28139,Sinnis,blade 125,2017,Enduro / Offroad,124,11.3,Single cylinder,10.6,117.0,920.0,0.1
28140,Sinnis,blade x,2020,Enduro / Offroad,125,15.4,Single cylinder,10.6,134.0,910.0,0.11
28141,Sinnis,bomber 125,2021,Allround,125,11.5,Single cylinder,10.0,120.0,760.0,0.1
28143,Sinnis,cafe 125,2017,Allround,125,11.1,Single cylinder,10.0,109.0,770.0,0.1
28145,Sinnis,encanto 50,2017,Scooter,49,4.0,Single cylinder,4.7,81.0,800.0,0.05
28146,Sinnis,encanto 50,2021,Scooter,49,4.0,Single cylinder,4.7,80.0,730.0,0.05
28147,Sinnis,gpx 125,2022,Sport,125,12.7,Single cylinder,12.0,158.0,816.0,0.08
28152,Sinnis,hero 125,2020,Scooter,124,10.0,Single cylinder,7.0,115.0,790.0,0.09
28155,Sinnis,jet ii,2020,Scooter,50,3.9,Single cylinder,4.7,85.0,780.0,0.05
28157,Sinnis,matrix 3i,2020,Scooter,125,8.3,Single cylinder,6.5,119.0,800.0,0.07
28160,Sinnis,matrix ii 125,2017,Scooter,124,8.2,Single cylinder,6.5,115.0,760.0,0.07
28162,Sinnis,max ii 125,2017,Allround,124,11.3,Single cylinder,14.0,117.0,770.0,0.1
28163,Sinnis,outlaw 125,2022,Custom / Cruiser,125,10.5,Single cylinder,13.5,141.0,800.0,0.07
28165,Sinnis,phoenix 50,2017,Scooter,49,2.8,Single cylinder,4.7,95.0,780.0,0.03
28167,Sinnis,prime 50,2017,Scooter,50,3.9,Single cylinder,5.0,81.0,800.0,0.05
28169,Sinnis,retrostar 250,2017,Allround,249,20.7,Single cylinder,10.0,130.0,770.0,0.16
28172,Sinnis,rsx125,2021,Naked Bike,125,11.0,Single cylinder,13.5,140.0,800.0,0.08
28175,Sinnis,shuttle 125,2017,Scooter,124,7.6,Single cylinder,7.0,115.0,790.0,0.07
28176,Sinnis,shuttle 125,2020,Scooter,124,8.0,Single cylinder,7.0,115.0,790.0,0.07
28177,Sinnis,shuttle 125,2021,Scooter,125,8.0,Single cylinder,7.0,110.0,790.0,0.07
28180,Sinnis,street 50,2017,Scooter,49,3.9,Single cylinder,6.0,81.0,780.0,0.05
28181,Sinnis,street 50,2021,Scooter,49,3.9,Single cylinder,6.0,85.0,780.0,0.05
28185,Sinnis,the twist 50,2021,Scooter,50,2.8,Single cylinder,4.2,83.0,780.0,0.03
28187,Sinnis,trackstar 125,2017,Allround,124,11.3,Single cylinder,10.0,107.0,760.0,0.11
28188,Skygo,archer,2020,Scooter,107,7.0,Single cylinder,3.0,97.0,780.0,0.07
28189,Skygo,blink 125,2021,Scooter,125,8.7,Single cylinder,10.0,105.0,760.0,0.08
28190,Skygo,duke,2020,Scooter,107,6.2,Single cylinder,3.7,100.0,780.0,0.06
28191,Skygo,earl 150,2020,Allround,150,12.7,Single cylinder,14.0,106.0,780.0,0.12
28192,Skygo,hero,2020,Scooter,125,8.1,Single cylinder,3.7,100.0,770.0,0.08
28195,Skygo,stallion 150-sm,2021,Super Motard,150,11.5,Single cylinder,9.5,120.0,850.0,0.1
28199,Skyteam,ace 125,2021,Classic,125,10.7,Single cylinder,9.2,78.0,780.0,0.14
28200,Skyteam,ace-r 50,2021,Classic,49,3.5,Single cylinder,10.0,78.0,780.0,0.04
28203,Skyteam,classic 50,2021,Allround,49,2.8,Single cylinder,12.8,102.0,720.0,0.03
28204,Skyteam,cobra,2016,"Minibike, Cross",49,3.4,Single cylinder,8.5,88.0,720.0,0.04
28212,Skyteam,rocket 125,2021,Allround,125,10.6,Single cylinder,12.8,106.0,720.0,0.1
28213,Skyteam,scrambler 125,2021,Enduro / Offroad,125,9.4,Single cylinder,12.0,102.0,720.0,0.09
28214,Skyteam,scrambler 50,2021,Enduro / Offroad,49,3.2,Single cylinder,12.0,112.0,720.0,0.03
28215,Skyteam,skymax 125,2021,"Minibike, Sport",124,7.8,Single cylinder,5.5,84.0,740.0,0.09
28216,Skyteam,skymax club 50,2021,"Minibike, Sport",49,2.7,Single cylinder,5.5,76.0,740.0,0.04
28217,Skyteam,skymax flat line 50,2021,"Minibike, Sport",49,2.6,Single cylinder,5.5,76.0,750.0,0.03
28218,Skyteam,skymax-pro,2016,"Minibike, Cross",124,6.7,Single cylinder,5.5,78.0,740.0,0.09
28219,Skyteam,skymini 125,2021,"Minibike, Sport",124,7.8,Single cylinder,4.5,66.0,700.0,0.12
28223,Skyteam,st125 bubbly,2014,Allround,123,8.5,Single cylinder,6.2,80.0,770.0,0.11
28236,Skyteam,v-raptor,2016,"Minibike, Sport",124,10.1,Single cylinder,10.0,123.0,780.0,0.08
28238,Sommer,462,2014,Allround,462,11.0,Diesel,13.5,180.0,760.0,0.06
28240,Sommer,diesel 462,2010,Allround,462,11.0,Diesel,13.6,180.0,760.0,0.06
28241,Sommer,diesel 462,2011,Allround,462,11.0,Diesel,13.6,180.0,760.0,0.06
28242,Sommer,diesel 462,2012,Allround,462,11.0,Diesel,13.5,180.0,760.0,0.06
28243,Sommer,diesel 462,2013,Allround,462,11.0,Diesel,13.5,180.0,760.0,0.06
28244,Sommer,diesel 462,2015,Allround,462,11.0,Diesel,13.5,165.0,760.0,0.07
28245,Sommer,diesel 462,2016,Allround,462,11.0,Diesel,13.5,165.0,760.0,0.07
28246,Sommer,diesel 516,2019,Allround,516,12.0,Diesel,13.5,165.0,760.0,0.07
28247,Sommer,diesel 516,2021,Allround,516,12.0,Diesel,13.5,165.0,760.0,0.07
28248,Sommer,diesel 516,2022,Allround,516,12.0,Diesel,13.5,165.0,760.0,0.07
28249,Sommer,hatz 1b50 diesel,2018,Allround,516,12.0,Diesel,13.5,165.0,760.0,0.07
28250,Sommer,hatz 1b50 diesel,2019,Allround,516,12.0,Diesel,13.5,165.0,760.0,0.07
28251,Sonik,alpha,2013,Allround,70,8.5,Single cylinder,8.0,118.0,770.0,0.07
28256,Sonik,eagle king,2014,Scooter,50,2.5,Single cylinder,6.0,99.0,840.0,0.03
28260,Sonik,free wind,2014,Scooter,50,2.5,Single cylinder,5.5,93.0,810.0,0.03
28261,Sonik,gpx 125,2013,Allround,124,10.7,Single cylinder,15.0,118.0,790.0,0.09
28262,Sonik,gpx 150,2013,Allround,150,12.5,Single cylinder,15.0,118.0,790.0,0.11
28263,Sonik,lifo,2013,Allround,97,6.7,Single cylinder,8.0,118.0,750.0,0.06
28264,Sonik,mach 2,2014,Scooter,50,2.5,Single cylinder,5.0,80.0,710.0,0.03
28265,Sonik,modena,2014,Scooter,50,3.4,Single cylinder,5.0,75.0,770.0,0.05
28266,Sonik,raptor,2014,Scooter,50,3.4,Single cylinder,6.0,99.0,800.0,0.03
28268,Sonik,siena,2014,Scooter,50,2.5,Single cylinder,4.5,75.0,820.0,0.03
28269,Sonik,strada,2014,Scooter,50,2.5,Single cylinder,5.0,93.0,840.0,0.03
28270,Sonik,toughman,2013,Allround,149,11.0,Single cylinder,12.0,118.0,760.0,0.09
28271,Sonik,tour,2014,Scooter,50,2.5,Single cylinder,5.5,92.0,810.0,0.03
28272,Sonik,vortex,2014,Scooter,50,2.5,Single cylinder,5.0,93.0,840.0,0.03
28349,Sukida,macross 250,2014,Cross / Motocross,223,16.8,Single cylinder,8.0,128.0,900.0,0.13
28418,Suzuki,access 125,2011,Scooter,124,8.6,Single cylinder,6.0,112.0,780.0,0.08
28441,Suzuki,address v125,2015,Scooter,124,9.9,Single cylinder,6.4,104.0,770.0,0.1
28443,Suzuki,address v125g,2015,Scooter,124,9.9,Single cylinder,6.4,95.0,740.0,0.1
28444,Suzuki,address v125s,2012,Scooter,124,9.8,Single cylinder,6.3,103.0,780.0,0.1
28445,Suzuki,address v125s,2014,Scooter,124,9.8,Single cylinder,4.3,104.0,770.0,0.09
28446,Suzuki,address v125s,2015,Scooter,124,9.9,Single cylinder,4.3,104.0,770.0,0.1
28447,Suzuki,address v125s limited,2015,Scooter,124,9.9,Single cylinder,4.3,104.0,770.0,0.1
28448,Suzuki,address v125ss,2015,Scooter,124,9.9,Single cylinder,6.5,101.0,745.0,0.1
28449,Suzuki,address v50,2012,Scooter,49,4.4,Single cylinder,4.5,72.0,695.0,0.06
28450,Suzuki,address v50,2015,Scooter,49,4.4,Single cylinder,4.8,72.0,695.0,0.06
28466,Suzuki,b-king,2011,Naked Bike,1340,181.0,In-line four,16.5,235.0,805.0,0.77
28467,Suzuki,b-king,2012,Naked Bike,1340,181.0,In-line four,16.5,235.0,805.0,0.77
28470,Suzuki,b-king abs,2011,Naked Bike,1340,181.0,In-line four,16.5,239.0,805.0,0.76
28483,Suzuki,bandit 1250 abs,2018,Sport Touring,1255,98.0,In-line four,19.0,254.0,805.0,0.39
28484,Suzuki,bandit 1250 sa,2012,Naked Bike,1255,96.6,In-line four,19.0,243.0,785.0,0.4
28486,Suzuki,bandit 1250f abs,2014,Sport Touring,1255,98.0,In-line four,19.0,257.0,805.0,0.38
28487,Suzuki,bandit 1250f abs,2015,Sport Touring,1255,98.0,In-line four,19.0,257.0,805.0,0.38
28489,Suzuki,bandit 1250s,2011,Naked Bike,1255,96.6,In-line four,19.0,239.0,785.0,0.4
28492,Suzuki,bandit 1250s abs,2011,Naked Bike,1255,96.6,In-line four,19.0,243.0,785.0,0.4
28495,Suzuki,bandit 1250s abs,2016,Sport Touring,1255,98.0,In-line four,19.0,254.0,805.0,0.39
28496,Suzuki,bandit 1250s abs,2017,Sport Touring,1255,98.0,In-line four,19.0,254.0,805.0,0.39
28497,Suzuki,bandit 1250s abs,2018,Sport Touring,1255,98.0,In-line four,19.0,254.0,805.0,0.39
28521,Suzuki,best 125 fi,2022,Scooter,124,9.4,Single cylinder,4.3,103.0,760.0,0.09
28522,Suzuki,birdie 50,2012,Scooter,49,3.4,Single cylinder,4.5,78.0,705.0,0.04
28523,Suzuki,birdie 50,2015,Scooter,49,3.4,Single cylinder,4.5,78.0,705.0,0.04
28526,Suzuki,boulevard 400,2010,Custom / Cruiser,399,32.2,V2,17.0,240.0,700.0,0.13
28737,Suzuki,burgman 125,2014,Scooter,125,12.2,Single cylinder,11.0,148.0,735.0,0.08
28738,Suzuki,burgman 125,2015,Scooter,125,12.2,Single cylinder,11.0,148.0,735.0,0.08
28739,Suzuki,burgman 125,2016,Scooter,125,12.2,Single cylinder,10.5,148.0,735.0,0.08
28740,Suzuki,burgman 125,2017,Scooter,125,12.4,Single cylinder,10.5,148.0,735.0,0.08
28741,Suzuki,burgman 125,2018,Scooter,125,11.0,Single cylinder,10.5,150.0,735.0,0.07
28742,Suzuki,burgman 125,2019,Scooter,125,11.0,Single cylinder,10.5,150.0,735.0,0.07
28744,Suzuki,burgman 125 street,2020,Scooter,124,8.7,Single cylinder,5.6,108.0,780.0,0.08
28745,Suzuki,burgman 125 street,2021,Scooter,124,8.7,Single cylinder,5.5,108.0,780.0,0.08
28822,Suzuki,burgman street,2022,Scooter,124,8.7,Single cylinder,5.5,108.0,780.0,0.08
29054,Suzuki,dr150,2021,Enduro / Offroad,149,12.2,Single cylinder,12.5,139.0,839.0,0.09
29108,Suzuki,gemma,2011,Scooter,249,21.5,Single cylinder,12.0,205.0,705.0,0.1
29109,Suzuki,gemma,2012,Scooter,249,22.0,Single cylinder,12.0,205.0,705.0,0.11
29114,Suzuki,gixxer 250,2021,Sport,249,26.0,Single cylinder,12.0,155.0,800.0,0.17
29117,Suzuki,gixxer sf,2016,Sport,155,14.8,Single cylinder,12.0,128.0,780.0,0.12
29118,Suzuki,gixxer sf,2017,Sport,155,14.8,Single cylinder,12.0,128.0,780.0,0.12
29130,Suzuki,gladius 400,2011,Naked Bike,398,55.0,V2,14.0,206.0,785.0,0.27
29178,Suzuki,grass tracker,2014,Allround,249,18.8,Single cylinder,8.4,136.0,750.0,0.14
29179,Suzuki,grass tracker,2015,Allround,249,18.8,Single cylinder,8.4,136.0,750.0,0.14
29181,Suzuki,grass tracker big boy,2016,Allround,249,19.0,Single cylinder,8.4,136.0,750.0,0.14
29183,Suzuki,grasstracker,2012,Allround,249,18.8,Single cylinder,8.4,136.0,750.0,0.14
29187,Suzuki,grasstracker bigboy,2011,Allround,249,18.8,Single cylinder,8.4,139.0,790.0,0.14
29188,Suzuki,grasstracker bigboy,2012,Allround,249,18.8,Single cylinder,8.4,139.0,790.0,0.14
29189,Suzuki,grasstracker bigboy 10th anniversary,2012,Allround,249,18.8,Single cylinder,8.4,139.0,790.0,0.14
29353,Suzuki,gsr 400,2011,Naked Bike,398,60.4,In-line four,16.0,210.0,785.0,0.29
29354,Suzuki,gsr 400,2012,Naked Bike,398,61.0,In-line four,16.0,210.0,785.0,0.29
29356,Suzuki,gsr 400 abs,2014,Naked Bike,398,61.0,In-line four,16.0,210.0,785.0,0.29
29357,Suzuki,gsr 400 abs,2015,Naked Bike,398,61.0,In-line four,16.0,210.0,785.0,0.29
29358,Suzuki,gsr 400 abs,2016,Naked Bike,398,61.0,In-line four,16.0,210.0,785.0,0.29
29372,Suzuki,gsr250s,2014,Naked Bike,248,24.0,Twin,13.0,183.0,780.0,0.13
29373,Suzuki,gsr250s,2015,Sport,248,24.0,Twin,13.0,188.0,780.0,0.13
29374,Suzuki,gsr250s,2016,Sport,248,24.0,Twin,13.0,188.0,780.0,0.13
33080,Um,renegade classic,2018,Touring,125,12.1,Single cylinder,18.0,153.0,770.0,0.08
29740,Suzuki,gsx-s1000,2019,Sport,999,150.0,In-line four,17.0,210.0,810.0,0.71
29749,Suzuki,gsx-s1000 carbon edition,2017,Sport,999,145.0,In-line four,17.0,209.0,810.0,0.69
29828,Suzuki,gsx650f,2011,Allround,656,84.5,In-line four,19.0,215.0,770.0,0.39
29907,Suzuki,gz 125,2011,Custom / Cruiser,125,12.0,Single cylinder,15.9,126.0,680.0,0.1
29928,Suzuki,hayabusa,2015,Sport,1340,197.0,In-line four,20.82,266.0,805.0,0.74
29929,Suzuki,hayabusa,2016,Sport,1340,197.0,In-line four,20.82,266.0,805.0,0.74
29930,Suzuki,hayabusa,2017,Sport,1340,197.0,In-line four,20.82,266.0,805.0,0.74
29940,Suzuki,hayabusa abs z,2014,Sport,1340,194.0,In-line four,21.0,266.0,805.0,0.73
29945,Suzuki,hayabusa z,2015,Sport,1340,194.0,In-line four,21.0,266.0,805.0,0.73
29946,Suzuki,hayabusa z,2016,Sport,1340,194.0,In-line four,21.0,266.0,805.0,0.73
29947,Suzuki,hayabusa z,2017,Sport,1340,197.0,In-line four,21.0,266.0,805.0,0.74
29948,Suzuki,hayabusa z,2018,Sport,1340,197.0,In-line four,21.0,266.0,805.0,0.74
29957,Suzuki,impulse 400,2011,Allround,398,52.3,In-line four,16.0,177.0,760.0,0.3
29983,Suzuki,intruder 400,2011,Custom / Cruiser,399,32.2,V2,15.0,275.0,700.0,0.12
30011,Suzuki,intruder classic 400,2012,Custom / Cruiser,399,33.0,V2,15.0,275.0,700.0,0.12
30012,Suzuki,intruder classic 400,2014,Custom / Cruiser,399,33.0,V2,15.0,275.0,701.0,0.12
30013,Suzuki,intruder classic 400,2015,Custom / Cruiser,399,33.0,V2,15.0,275.0,701.0,0.12
30014,Suzuki,intruder classic 400,2016,Custom / Cruiser,399,33.0,V2,15.0,275.0,701.0,0.12
30015,Suzuki,intruder classic 400 cast wheel,2012,Custom / Cruiser,399,33.0,V2,15.0,276.0,700.0,0.12
30016,Suzuki,intruder classic 400 cast wheel,2014,Custom / Cruiser,399,33.0,V2,15.0,276.0,701.0,0.12
30024,Suzuki,intruder m1800,2018,Custom / Cruiser,1783,125.0,V2,19.5,319.0,705.0,0.39
30027,Suzuki,intruder m1800r,2015,Custom / Cruiser,1783,123.0,V2,19.5,319.0,705.0,0.39
30028,Suzuki,intruder m1800r,2016,Custom / Cruiser,1783,123.0,V2,19.5,319.0,705.0,0.39
30030,Suzuki,intruder m1800rb,2014,Custom / Cruiser,1783,123.0,V2,19.5,319.0,705.0,0.39
30031,Suzuki,intruder m1800rb,2015,Custom / Cruiser,1783,125.0,V2,19.5,319.0,705.0,0.39
30032,Suzuki,intruder m1800rbz,2018,Custom / Cruiser,1783,125.0,V2,19.5,319.0,705.0,0.39
30033,Suzuki,intruder m1800rbz b o s s,2016,Custom / Cruiser,1783,123.0,V2,19.5,319.0,705.0,0.39
30034,Suzuki,intruder m1800rbz b o s s,2017,Custom / Cruiser,1783,123.0,V2,19.5,319.0,705.0,0.39
30035,Suzuki,intruder m1800rbz b.o.s.s.,2014,Custom / Cruiser,1783,123.0,V2,19.5,319.0,705.0,0.39
30036,Suzuki,intruder m1800rbz b.o.s.s.,2015,Custom / Cruiser,1783,123.0,V2,19.5,319.0,705.0,0.39
30039,Suzuki,intruder m1800rz,2014,Custom / Cruiser,1783,123.0,V2,19.5,319.0,705.0,0.39
30146,Suzuki,let,2015,Scooter,113,8.7,Single cylinder,5.2,98.0,765.0,0.09
30147,Suzuki,lets,2016,Scooter,113,8.7,Single cylinder,5.2,98.0,765.0,0.09
30148,Suzuki,lets,2018,Scooter,113,8.4,Single cylinder,5.2,98.0,765.0,0.09
30149,Suzuki,lets4,2012,Scooter,49,4.4,Single cylinder,4.5,68.0,685.0,0.06
30150,Suzuki,lets4 basket,2012,Scooter,49,4.4,Single cylinder,4.5,74.0,685.0,0.06
30175,Suzuki,marauder 125,2012,Custom / Cruiser,125,12.0,Single cylinder,15.9,126.0,680.0,0.1
30178,Suzuki,marauder gz125,2010,Custom / Cruiser,125,12.0,Single cylinder,15.9,126.0,680.0,0.1
30183,Suzuki,nex 115,2013,Scooter,113,9.3,Single cylinder,3.5,87.0,735.0,0.11
30184,Suzuki,nex 115,2014,Scooter,113,9.3,Single cylinder,3.5,87.0,735.0,0.11
30238,Suzuki,raider r150,2021,Allround,147,15.4,Single cylinder,4.9,106.0,764.0,0.15
30239,Suzuki,raider r150,2022,Scooter,147,18.2,Single cylinder,4.0,109.0,765.0,0.17
30405,Suzuki,shooter 115 fi,2014,Scooter,113,9.3,Single cylinder,3.7,94.0,765.0,0.1
30415,Suzuki,skydrive 125,2013,Scooter,124,9.3,Single cylinder,3.9,106.0,770.0,0.09
30416,Suzuki,skydrive 125,2014,Scooter,124,9.3,Single cylinder,3.9,106.0,770.0,0.09
30417,Suzuki,skydrive 125,2016,Scooter,124,9.3,Single cylinder,3.9,106.0,770.0,0.09
30418,Suzuki,skydrive 125,2017,Scooter,124,9.3,Single cylinder,3.9,106.0,770.0,0.09
30419,Suzuki,skydrive 125 fi,2018,Scooter,124,9.3,Single cylinder,4.0,106.0,770.0,0.09
30421,Suzuki,skydrive 125 fi,2021,Scooter,124,9.3,Single cylinder,4.0,106.0,760.0,0.09
30422,Suzuki,skydrive 125 fi,2022,Scooter,124,9.3,Single cylinder,4.0,106.0,760.0,0.09
30426,Suzuki,skywave 250 limited,2012,Scooter,249,34.9,Single cylinder,13.0,218.0,710.0,0.16
30427,Suzuki,skywave 250 limited,2015,Scooter,249,34.9,Single cylinder,13.0,173.0,695.0,0.2
30429,Suzuki,skywave 250 type m,2012,Scooter,249,34.9,Single cylinder,13.0,221.0,710.0,0.16
30430,Suzuki,skywave 250 type m,2015,Scooter,249,34.9,Single cylinder,13.0,173.0,695.0,0.2
30431,Suzuki,skywave 250 type m,2016,Scooter,249,26.0,Single cylinder,13.0,221.0,710.0,0.12
30433,Suzuki,skywave 250 type s,2012,Scooter,249,34.9,Single cylinder,13.0,214.0,710.0,0.16
30434,Suzuki,skywave 250 type s,2014,Scooter,249,34.9,Single cylinder,13.0,173.0,695.0,0.2
30435,Suzuki,skywave 250 type s basic,2016,Scooter,249,26.0,Single cylinder,13.0,173.0,695.0,0.15
30436,Suzuki,skywave 400 limited abs,2012,Scooter,399,30.8,Single cylinder,13.0,223.0,710.0,0.14
30437,Suzuki,skywave 400 limited abs,2016,Scooter,399,31.0,Single cylinder,13.0,227.0,710.0,0.14
30439,Suzuki,skywave 400 type s abs,2012,Scooter,399,30.8,Single cylinder,13.0,223.0,710.0,0.14
30440,Suzuki,skywave 400 type s abs,2014,Scooter,399,30.8,Single cylinder,13.0,222.0,710.0,0.14
30441,Suzuki,skywave 400 type s abs,2015,Scooter,399,30.8,Single cylinder,13.0,222.0,710.0,0.14
30442,Suzuki,skywave 400 type s abs,2016,Scooter,399,31.0,Single cylinder,13.0,222.0,710.0,0.14
30445,Suzuki,skywave ss,2015,Scooter,249,26.0,Single cylinder,13.0,173.0,695.0,0.15
30446,Suzuki,skywave ss,2016,Scooter,249,26.0,Single cylinder,13.0,215.0,710.0,0.12
30464,Suzuki,st 250e,2011,Allround,249,18.8,Single cylinder,12.0,146.0,770.0,0.13
30466,Suzuki,st250 e type,2012,Allround,249,19.0,Single cylinder,12.0,146.0,770.0,0.13
30467,Suzuki,st250 e type,2013,Allround,249,19.0,Single cylinder,12.0,129.0,770.0,0.15
30468,Suzuki,st250 e type,2014,Allround,249,20.0,Single cylinder,12.0,129.0,770.0,0.16
30469,Suzuki,st250 e type,2015,Allround,249,20.0,Single cylinder,12.0,129.0,770.0,0.16
30519,Suzuki,sv650 abs,2019,Sport,645,75.0,V2,14.5,195.0,785.0,0.38
33096,Um,scrambler sport,2018,Sport,125,9.7,Single cylinder,10.5,130.0,790.0,0.07
30567,Suzuki,thunder 125,2014,Allround,124,12.3,Single cylinder,14.0,112.0,760.0,0.11
30705,Suzuki,v-strom 650,2017,Super Motard,645,69.0,V2,20.06,213.0,830.0,0.32
30706,Suzuki,v-strom 650,2018,Super Motard,645,69.0,V2,20.06,213.0,830.0,0.32
30707,Suzuki,v-strom 650,2019,Super Motard,645,69.0,V2,20.06,213.0,830.0,0.32
30708,Suzuki,v-strom 650,2020,Super Motard,645,69.0,V2,20.06,213.0,830.0,0.32
30709,Suzuki,v-strom 650,2021,Super Motard,645,71.0,V2,20.06,213.0,835.0,0.33
30710,Suzuki,v-strom 650,2022,Super Motard,645,71.0,V2,20.06,213.0,835.0,0.33
30719,Suzuki,v-strom 650 abs,2016,Super Motard,645,69.0,V2,20.06,215.0,835.0,0.32
30730,Suzuki,v-strom 650 gt,2018,Super Motard,645,71.0,V2,20.0,213.0,835.0,0.33
30731,Suzuki,v-strom 650 gta,2019,Super Motard,645,69.7,V2,20.0,213.0,835.0,0.33
30738,Suzuki,v-strom 650x gt,2018,Super Motard,645,71.0,V2,20.0,216.0,830.0,0.33
30743,Suzuki,v-strom 650xt,2018,Super Motard,645,69.0,V2,20.0,216.0,830.0,0.32
30748,Suzuki,v-strom 650xt abs,2015,Super Motard,645,69.0,V2,20.0,215.0,835.0,0.32
30749,Suzuki,v-strom 650xt abs,2016,Super Motard,645,69.0,V2,20.0,215.0,835.0,0.32
30750,Suzuki,v-strom 650xt abs,2017,Super Motard,645,69.0,V2,20.0,216.0,830.0,0.32
30751,Suzuki,v-strom 650xt abs adventure,2015,Super Motard,645,69.0,V2,20.06,215.0,835.0,0.32
30755,Suzuki,v-strom 650xt touring,2019,Super Motard,645,71.0,V2,20.0,216.0,835.0,0.33
30778,Suzuki,viva r cool,2022,Scooter,113,11.0,Single cylinder,4.3,98.5,765.0,0.11
30780,Suzuki,viva r style,2022,Scooter,113,11.0,Single cylinder,4.3,102.2,765.0,0.11
30882,Swm,gran turismo,2017,Sport,445,29.5,Single cylinder,23.5,151.0,808.0,0.2
30883,Swm,gran turismo,2019,Sport,445,29.5,Single cylinder,23.5,151.0,808.0,0.2
30884,Swm,gran turismo,2020,Sport,445,29.5,Single cylinder,16.5,148.0,808.0,0.2
30891,Swm,rs 125 r,2021,Enduro / Offroad,125,14.8,Single cylinder,7.5,109.0,950.0,0.14
30896,Swm,rs 500 r,2020,Enduro / Offroad,501,26.8,Single cylinder,7.5,116.0,955.0,0.23
30900,Swm,six days 440,2020,Classic,445,29.5,Single cylinder,16.5,148.0,855.0,0.2
30901,Swm,six days 500,2021,Classic,445,29.5,Single cylinder,16.5,148.0,845.0,0.2
30912,Swm,superdual t,2020,Sport Touring,600,53.6,Single cylinder,18.0,187.0,898.0,0.29
30914,Swm,superdual x,2020,Sport Touring,600,53.6,Single cylinder,18.0,187.0,898.0,0.29
30915,Swm,va 125z,2022,Naked Bike,125,14.8,Single cylinder,7.5,136.0,820.0,0.11
30928,Sym,citycom 125i,2011,Scooter,124,20.7,Single cylinder,10.0,181.0,800.0,0.11
30930,Sym,citycom 300,2010,Scooter,263,20.7,Single cylinder,10.0,184.0,800.0,0.11
30932,Sym,citycom 300i,2011,Scooter,263,20.7,Single cylinder,10.0,182.0,800.0,0.11
30934,Sym,citycom s 300i cbs,2015,Scooter,278,20.8,Single cylinder,10.0,187.0,800.0,0.11
30950,Sym,drgbt 160,2021,Scooter,158,14.6,Single cylinder,7.4,132.0,803.0,0.11
31003,Sym,hd2,2011,Scooter,124,12.9,Single cylinder,8.0,125.0,720.0,0.1
31048,Sym,jet x 125,2021,Scooter,125,12.5,Single cylinder,7.5,111.0,770.0,0.11
31049,Sym,jet x 125,2022,Scooter,125,12.5,Single cylinder,7.5,111.0,770.0,0.11
31057,Sym,joymax z plus 125,2021,Scooter,125,14.1,Single cylinder,12.0,172.0,770.0,0.08
31062,Sym,joyride 125,2019,Scooter,124,14.1,Single cylinder,7.6,153.0,760.0,0.09
31073,Sym,joyride 300,2022,Scooter,278,25.5,Single cylinder,11.5,144.0,770.0,0.18
31074,Sym,joyride 300 16,2022,Scooter,278,25.5,Single cylinder,11.5,144.0,778.0,0.18
31081,Sym,mask 50,2022,Scooter,49,3.5,Single cylinder,5.2,107.0,770.0,0.03
31082,Sym,max 400,2019,Custom / Cruiser,399,35.0,Single cylinder,14.7,229.0,750.0,0.15
31087,Sym,max 400i abs,2020,Scooter,399,35.0,Single cylinder,14.2,234.0,755.0,0.15
31091,Sym,max 600i abs,2020,Scooter,565,44.8,Single cylinder,14.2,246.0,755.0,0.18
31111,Sym,nh t 200,2021,Naked Bike,183,18.1,Single cylinder,11.0,152.0,790.0,0.12
31117,Sym,nh x 200,2021,Naked Bike,183,18.1,Single cylinder,11.0,142.0,790.0,0.13
31157,Sym,phony st 200,2019,Scooter,169,11.8,Single cylinder,7.5,127.0,792.0,0.09
31192,Sym,wolf 300,2015,Naked Bike,278,27.1,Single cylinder,15.0,173.0,792.0,0.16
31238,Tank Sports,racer 150 ds-09,2010,Scooter,149,9.0,Single cylinder,3.78,120.2,762.0,0.07
31239,Tank Sports,racer ds-08,2010,Scooter,149,9.0,Single cylinder,3.78,120.2,762.0,0.07
31242,Tank Sports,sporty 150,2010,Scooter,149,8.8,Single cylinder,3.31,94.8,787.0,0.09
31246,Tank Sports,sporty 50,2010,Scooter,49,2.0,Single cylinder,3.79,88.0,762.0,0.02
31262,Tank Sports,trail tkx-200,2010,Trial,199,11.0,Single cylinder,3.78,95.3,838.0,0.12
31268,Tank Sports,urban 50,2010,Scooter,49,2.0,Single cylinder,3.78,88.0,762.0,0.02
31307,Tank Sports,vision topline khaos,2010,Sport,249,17.0,Twin,7.57,110.2,737.0,0.15
31310,Tao Motor,evo 50,2021,Scooter,49,3.0,Single cylinder,5.68,101.6,711.0,0.03
31321,Tauris,avenida 125 4t,2011,Scooter,125,7.9,Single cylinder,6.8,125.0,800.0,0.06
31322,Tauris,avenida 125 4t art collection,2012,Scooter,125,9.5,Single cylinder,6.8,125.0,820.0,0.08
31325,Tauris,brisa 50 4t,2011,Scooter,50,2.7,Single cylinder,5.0,87.0,730.0,0.03
31326,Tauris,broadway 125,2016,Scooter,125,10.2,Single cylinder,11.5,150.0,740.0,0.07
31327,Tauris,capri 125 4t,2011,Scooter,125,7.2,Single cylinder,5.0,107.0,740.0,0.07
31328,Tauris,capri 50 2t art,2014,Scooter,50,4.3,Single cylinder,5.0,107.0,740.0,0.04
31329,Tauris,capri 50 4t,2011,Scooter,50,3.0,Single cylinder,5.0,107.0,740.0,0.03
31331,Tauris,cubana 125 4t,2011,Scooter,125,7.2,Single cylinder,5.0,107.0,740.0,0.07
31332,Tauris,cubana 50 2t art collection,2012,Scooter,50,4.3,Single cylinder,5.0,107.0,740.0,0.04
31333,Tauris,cubana 50 4t,2011,Scooter,50,3.0,Single cylinder,6.0,107.0,740.0,0.03
31335,Tauris,estoril 50 2t,2014,Scooter,50,3.9,Single cylinder,7.2,107.0,800.0,0.04
31337,Tauris,fiera 125 xtreme 4t,2011,Scooter,125,7.2,Single cylinder,5.0,107.0,800.0,0.07
31339,Tauris,fiera 50 2t art collection,2012,Scooter,50,3.9,Single cylinder,7.2,107.0,800.0,0.04
31340,Tauris,fiera 50 xtreme 2t,2011,Scooter,50,3.9,Single cylinder,7.2,107.0,800.0,0.04
31341,Tauris,firefly 50 2t,2014,Scooter,50,3.9,Single cylinder,5.5,97.0,783.0,0.04
31342,Tauris,freccia 125 4t,2014,Scooter,125,7.9,Single cylinder,5.5,92.0,770.0,0.09
31343,Tauris,freccia 50 4t,2014,Scooter,50,2.8,Single cylinder,5.5,89.0,770.0,0.03
31347,Tauris,mistral 50 2t,2011,Scooter,50,4.4,Single cylinder,5.1,90.0,790.0,0.05
31348,Tauris,movida 125 4t,2012,Scooter,125,7.9,Single cylinder,6.0,107.0,780.0,0.07
31349,Tauris,movida 125 4t,2014,Scooter,125,11.0,Single cylinder,6.0,110.0,780.0,0.1
31350,Tauris,movida 50 2t,2014,Scooter,50,3.9,Single cylinder,5.5,84.0,780.0,0.05
31351,Tauris,piccadilly 125 4t,2014,Scooter,125,7.9,Single cylinder,5.0,88.0,730.0,0.09
31352,Tauris,piccadilly 50 4t,2014,Scooter,50,3.0,Single cylinder,5.0,75.0,730.0,0.04
31354,Tauris,samba 50 2t art collection,2012,Scooter,50,4.3,Single cylinder,5.0,84.0,740.0,0.05
31356,Tauris,strada 125 4t,2011,Scooter,124,11.0,Single cylinder,5.5,90.0,780.0,0.12
31357,Tauris,strada 50 2t,2011,Scooter,50,4.4,Single cylinder,5.1,90.0,780.0,0.05
31389,Tgb,101r 125,2010,Scooter,124,8.6,Single cylinder,5.1,93.0,790.0,0.09
31392,Tgb,101r 50,2010,Scooter,49,47.9,Single cylinder,5.1,81.0,790.0,0.59
31418,Tgb,blade 1000 ltx eps,2022,Atv,997,83.0,V2,23.0,1000.0,914.0,0.08
31419,Tgb,blade 325le,2010,Atv,287,21.5,Single cylinder,18.0,260.0,880.0,0.08
31420,Tgb,blade 425le,2010,Atv,403,30.0,Single cylinder,18.0,260.0,880.0,0.12
31421,Tgb,blade 520,2021,Atv,503,39.0,Single cylinder,18.0,350.0,914.0,0.11
31422,Tgb,blade 525se,2010,Atv,503,41.5,Single cylinder,18.0,332.0,920.0,0.12
31426,Tgb,blade 600 se,2021,Atv,561,42.1,Single cylinder,18.0,387.0,914.0,0.11
31427,Tgb,blade 600 se-x eps,2021,Atv,561,42.1,Single cylinder,18.0,393.0,914.0,0.11
31430,Tgb,bull t 50 rs,2022,Scooter,50,4.7,Single cylinder,6.8,95.0,670.0,0.05
31445,Tgb,express 125,2010,Scooter,124,8.6,Single cylinder,6.8,125.0,760.0,0.07
31446,Tgb,express 125,2011,Scooter,124,8.6,Single cylinder,6.8,125.0,760.0,0.07
31447,Tgb,express 125,2012,Scooter,124,8.6,Single cylinder,6.8,125.0,760.0,0.07
31449,Tgb,express 50,2010,Scooter,49,4.9,Single cylinder,6.8,105.0,760.0,0.05
31450,Tgb,express 50,2011,Scooter,49,4.9,Single cylinder,6.8,105.0,760.0,0.05
31457,Tgb,gunner 550,2012,Atv,503,18.9,Single cylinder,15.0,330.0,920.0,0.06
31489,Tgb,target 325,2010,Atv,325,21.5,Single cylinder,15.0,235.0,920.0,0.09
31490,Tgb,target 425,2010,Atv,403,30.0,Single cylinder,15.0,315.0,918.0,0.1
31491,Tgb,target 460 irs 4x4,2012,Atv,461,19.7,Single cylinder,15.0,364.0,920.0,0.05
31492,Tgb,target 525,2010,Atv,503,30.0,Single cylinder,15.0,317.0,918.0,0.09
31493,Tgb,target 550 irs,2011,Atv,503,19.9,Single cylinder,15.0,364.0,918.0,0.05
31494,Tgb,target 550 irs 4x4,2012,Atv,503,19.7,Single cylinder,15.0,364.0,920.0,0.05
31495,Tgb,x large 125 efi,2011,Scooter,125,12.2,Single cylinder,11.0,174.0,790.0,0.07
31498,Tgb,x large 300 efi,2011,Scooter,264,23.1,Single cylinder,11.0,194.0,790.0,0.12
31500,Tgb,x motion 125 efi,2010,Scooter,125,12.4,Single cylinder,11.0,174.0,790.0,0.07
31502,Tgb,x motion 250 efi,2010,Scooter,251,21.4,Single cylinder,11.0,194.0,790.0,0.11
31503,Tgb,x-motion 125,2012,Scooter,125,12.4,Single cylinder,11.0,174.0,790.0,0.07
31505,Tgb,x-motion 300 efi,2012,Scooter,264,23.1,Single cylinder,11.0,186.0,790.0,0.12
31547,Titan,radical rigid,2011,Custom / Cruiser,1750,112.0,V2,17.41,299.0,559.0,0.37
31814,Tomberlin,sdx 150 atv,2011,Atv,147,8.8,Single cylinder,15.9,236.3,869.0,0.04
31832,Tomos,arrow,2010,Scooter,49,2.4,Single cylinder,3.48,64.9,800.0,0.04
31863,Tomos,mc50 junior,2010,"Minibike, Sport",49,2.4,Single cylinder,2.5,89.4,625.0,0.03
31864,Tomos,mc50 senior,2010,"Minibike, Sport",49,2.4,Single cylinder,2.5,45.8,719.0,0.05
31888,Tomos,sportmate 45,2012,Allround,49,3.1,Twin,4.5,62.0,840.0,0.05
31898,Tomos,streetmate,2010,Sport,49,3.1,Single cylinder,3.0,64.9,787.0,0.05
31931,Track,t-800 cdi,2010,Enduro / Offroad,800,53.6,Diesel,22.5,225.0,780.0,0.24
31932,Track,t-800cdi 1e black,2012,Enduro / Offroad,800,53.6,Diesel,19.0,225.0,830.0,0.24
31933,Track,t-800cdi 1e black edition,2011,Enduro / Offroad,800,53.6,Diesel,20.0,215.0,780.0,0.25
31939,Travertson,v-rex,2012,Naked Bike,1250,120.0,V2,18.2,304.0,660.0,0.39
31940,Travertson,v-rex,2013,Naked Bike,1250,120.0,V2,18.2,304.0,660.0,0.39
31941,Travertson,v-rex,2014,Naked Bike,1250,120.0,V2,18.2,304.0,660.0,0.39
31942,Travertson,v-rex,2015,Naked Bike,1250,120.0,V2,18.2,304.0,660.0,0.39
31943,Travertson,v-rex,2021,Naked Bike,1250,120.0,V2,18.2,304.0,660.0,0.39
31945,Travertson,v-rex-2,2022,Prototype / Concept Model,1250,120.0,V2,18.2,304.0,660.0,0.39
31950,Triton,baja 250,2011,Atv,250,17.3,Single cylinder,14.8,211.0,870.0,0.08
31951,Triton,baja 300,2011,Atv,280,18.8,Single cylinder,14.8,211.0,870.0,0.09
31952,Triton,baja 400,2011,Atv,400,20.1,Single cylinder,14.8,217.0,870.0,0.09
31956,Triton,carbon 400,2011,Atv,400,20.1,Single cylinder,14.8,224.0,670.0,0.09
31959,Triton,outback 300,2011,Atv,280,18.8,Single cylinder,14.8,260.0,910.0,0.07
31964,Triton,supermoto 300,2011,Atv,280,20.1,Single cylinder,14.0,224.0,670.0,0.09
31993,Triumph,america,2010,Custom / Cruiser,865,61.7,Twin,19.3,226.0,720.0,0.27
31998,Triumph,america,2015,Custom / Cruiser,865,61.0,Twin,19.3,231.0,690.0,0.26
31999,Triumph,america,2016,Custom / Cruiser,865,61.0,Twin,19.3,231.0,690.0,0.26
32002,Triumph,america lt,2016,Touring,865,61.0,Twin,19.3,250.0,690.0,0.24
32004,Triumph,bobber tfc,2020,Classic,1200,86.0,Twin,9.0,228.0,690.0,0.38
32017,Triumph,bonneville,2010,Classic,865,67.1,Twin,16.0,203.0,740.0,0.33
32022,Triumph,bonneville,2015,Classic,865,68.0,Twin,16.0,209.0,740.0,0.33
32023,Triumph,bonneville,2016,Classic,865,68.0,Twin,16.0,209.0,740.0,0.33
33081,Um,renegade commando,2018,Allround,125,12.1,Single cylinder,18.0,153.0,770.0,0.08
32030,Triumph,bonneville bobber,2018,Classic,1200,77.0,Twin,10.6,228.0,690.0,0.34
32031,Triumph,bonneville bobber,2019,Classic,1200,76.0,Twin,9.0,228.0,690.0,0.33
32032,Triumph,bonneville bobber,2020,Allround,1200,76.0,Twin,9.0,228.0,690.0,0.33
32035,Triumph,bonneville bobber black,2018,Classic,1200,77.0,Twin,10.6,228.0,690.0,0.34
32036,Triumph,bonneville bobber black,2019,Classic,1200,77.0,Twin,9.0,237.5,690.0,0.32
32037,Triumph,bonneville bobber black,2020,Classic,1200,77.0,Twin,9.0,237.5,690.0,0.32
32041,Triumph,bonneville newchurch,2015,Classic,865,68.0,Twin,16.0,209.0,740.0,0.33
33082,Um,renegade commando,2022,Custom / Cruiser,125,16.1,Single cylinder,21.0,172.0,770.0,0.09
32049,Triumph,bonneville speedmaster,2018,Classic,1200,77.0,Twin,12.11,245.5,705.0,0.31
32050,Triumph,bonneville speedmaster,2019,Classic,1200,77.0,Twin,12.11,245.5,705.0,0.31
32051,Triumph,bonneville speedmaster,2020,Classic,1200,77.0,Twin,12.0,245.5,705.0,0.31
32055,Triumph,bonneville spirit,2015,Classic,865,68.0,Twin,16.0,209.0,740.0,0.33
32067,Triumph,bonneville t100,2015,Classic,865,66.0,Twin,15.9,214.0,775.0,0.31
32070,Triumph,bonneville t100,2018,Classic,900,55.0,Twin,14.38,213.0,790.0,0.26
32071,Triumph,bonneville t100,2019,Classic,900,55.0,Twin,14.38,213.0,790.0,0.26
32072,Triumph,bonneville t100,2020,Allround,900,55.0,Twin,14.5,213.0,790.0,0.26
32076,Triumph,bonneville t100 black,2015,Classic,865,66.0,Twin,15.9,214.0,775.0,0.31
32079,Triumph,bonneville t100 black,2018,Classic,900,55.0,Twin,14.38,213.0,790.0,0.26
32080,Triumph,bonneville t100 black,2019,Classic,900,55.0,Twin,14.5,213.0,790.0,0.26
32081,Triumph,bonneville t100 black,2020,Classic,900,55.0,Twin,14.5,213.0,790.0,0.26
32082,Triumph,bonneville t100 bud ekins,2020,Classic,900,55.0,Twin,14.38,213.0,790.0,0.26
32087,Triumph,bonneville t120,2018,Classic,1200,80.0,Twin,12.87,224.0,790.0,0.36
32088,Triumph,bonneville t120,2019,Classic,1200,80.0,Twin,14.5,224.0,790.0,0.36
32089,Triumph,bonneville t120,2020,Classic,1200,79.1,Twin,14.5,224.0,790.0,0.35
32092,Triumph,bonneville t120 ace,2019,Classic,1200,80.0,Twin,14.5,224.0,790.0,0.36
32095,Triumph,bonneville t120 black,2018,Classic,1200,80.0,Twin,12.87,224.0,790.0,0.36
32096,Triumph,bonneville t120 black,2019,Classic,1200,80.0,Twin,14.5,224.0,790.0,0.36
32099,Triumph,bonneville t120 bud ekins,2020,Classic,1200,80.0,Twin,14.5,224.0,790.0,0.36
32100,Triumph,bonneville t120 diamond edition,2019,Classic,1200,80.0,Twin,14.5,224.0,790.0,0.36
32118,Triumph,bonneville t214,2015,Classic,865,68.0,Twin,16.0,209.0,740.0,0.33
32119,Triumph,bonneville t214,2016,Classic,865,68.0,Twin,16.0,209.0,740.0,0.33
32143,Triumph,daytona 675,2010,Classic,675,126.0,In-line three,17.4,162.0,825.0,0.78
32148,Triumph,daytona 675,2015,Sport,675,128.0,In-line three,17.4,167.0,830.0,0.77
33083,Um,renegade commando 150,2021,Allround,149,16.6,Single cylinder,17.41,127.0,756.0,0.13
32149,Triumph,daytona 675,2016,Sport,675,128.0,In-line three,17.4,167.0,820.0,0.77
32153,Triumph,daytona 675 r,2016,Sport,675,128.0,In-line three,17.4,167.0,830.0,0.77
32154,Triumph,daytona 675 r,2017,Sport,675,128.0,In-line three,17.4,167.0,830.0,0.77
32156,Triumph,daytona 675 r abs,2015,Sport,675,128.0,In-line three,17.4,169.0,830.0,0.76
32175,Triumph,daytona moto tm 765 limited edition,2020,Sport,765,128.0,In-line three,17.41,165.0,822.0,0.78
32176,Triumph,daytona moto2 765,2021,Sport,765,128.0,In-line three,17.4,165.0,822.0,0.78
32177,Triumph,daytona moto2 765,2022,Sport,765,128.0,In-line three,17.4,165.0,822.0,0.78
32184,Triumph,rocket 3 gt,2020,Custom / Cruiser,2458,165.0,In-line three,18.0,294.0,750.0,0.56
32185,Triumph,rocket 3 gt,2021,Custom / Cruiser,2458,165.0,In-line three,18.0,294.0,773.0,0.56
32186,Triumph,rocket 3 gt,2022,Custom / Cruiser,2458,165.0,In-line three,18.0,294.0,7501.0,0.56
32187,Triumph,rocket 3 gt 221,2022,Custom / Cruiser,2458,165.0,In-line three,18.0,294.0,7501.0,0.56
32188,Triumph,rocket 3 gt triple black,2021,Custom / Cruiser,2458,165.0,In-line three,18.0,294.0,750.0,0.56
32189,Triumph,rocket 3 r,2020,Custom / Cruiser,2458,165.0,In-line three,18.0,290.0,773.0,0.57
32190,Triumph,rocket 3 r,2021,Custom / Cruiser,2458,165.0,In-line three,18.0,291.0,773.0,0.57
32191,Triumph,rocket 3 r,2022,Custom / Cruiser,2458,165.0,In-line three,18.0,291.0,773.0,0.57
32192,Triumph,rocket 3 r 221,2022,Custom / Cruiser,2458,165.0,In-line three,18.0,291.0,773.0,0.57
32193,Triumph,rocket 3 r black,2021,Custom / Cruiser,2458,165.0,In-line three,18.0,291.0,773.0,0.57
32194,Triumph,rocket 3 tfc,2019,Custom / Cruiser,2458,179.0,In-line three,18.0,290.0,773.0,0.62
32195,Triumph,rocket 3 tfc,2020,Custom / Cruiser,2458,182.0,In-line three,18.0,290.0,773.0,0.63
32212,Triumph,rocket iii roadster,2015,Custom / Cruiser,2294,148.0,In-line three,24.0,334.0,750.0,0.44
32213,Triumph,rocket iii roadster,2016,Custom / Cruiser,2294,148.0,In-line three,24.0,334.0,750.0,0.44
32214,Triumph,rocket iii roadster,2017,Custom / Cruiser,2294,148.0,In-line three,24.0,334.0,750.0,0.44
32215,Triumph,rocket iii roadster,2018,Custom / Cruiser,2294,148.0,In-line three,24.0,334.0,750.0,0.44
32216,Triumph,rocket iii roadster,2019,Custom / Cruiser,2294,148.0,In-line three,24.0,334.0,750.0,0.44
32219,Triumph,rocket iii touring,2010,Touring,2294,105.0,In-line three,22.3,358.0,730.0,0.29
32224,Triumph,rocket iii touring,2017,Touring,2294,148.0,In-line three,24.0,358.0,730.0,0.41
32226,Triumph,rocket x,2015,Custom / Cruiser,2294,148.0,In-line three,24.0,334.0,750.0,0.44
32231,Triumph,scrambler,2010,Classic,865,59.0,Twin,16.0,205.0,825.0,0.29
32236,Triumph,scrambler,2015,Classic,865,59.0,Twin,16.0,214.0,825.0,0.28
32237,Triumph,scrambler,2016,Classic,865,59.0,Twin,16.0,214.0,825.0,0.28
32238,Triumph,scrambler,2017,Classic,865,59.0,Twin,16.0,214.0,825.0,0.28
32239,Triumph,scrambler 1200 bond edition,2021,Classic,1200,89.0,Twin,16.0,207.0,870.0,0.43
32240,Triumph,scrambler 1200 steve mcqueen,2021,Classic,1200,89.0,Twin,16.0,207.0,870.0,0.43
32241,Triumph,scrambler 1200 steve mcqueen,2022,Classic,1200,89.0,Twin,16.0,207.0,870.0,0.43
32242,Triumph,scrambler 1200 xc,2019,Classic,1200,89.0,Twin,16.0,205.0,840.0,0.43
32243,Triumph,scrambler 1200 xc,2020,Classic,1200,88.8,Twin,16.0,205.0,840.0,0.43
32244,Triumph,scrambler 1200 xc,2021,Classic,1200,88.8,Twin,16.0,205.0,840.0,0.43
32245,Triumph,scrambler 1200 xc,2022,Classic,1200,89.0,Twin,16.0,205.0,840.0,0.43
32246,Triumph,scrambler 1200 xc gold line,2022,Classic,1200,89.0,Twin,16.0,205.0,840.0,0.43
32247,Triumph,scrambler 1200 xe,2021,Classic,1200,89.0,Twin,16.0,207.0,870.0,0.43
32248,Triumph,scrambler 1200 xe,2022,Classic,1200,89.0,Twin,16.0,207.0,870.0,0.43
32250,Triumph,scrambler 1200xe,2019,Classic,1200,89.0,Twin,16.0,205.0,840.0,0.43
32251,Triumph,scrambler 1200xe,2020,Classic,1200,89.0,Twin,16.0,207.0,870.0,0.43
32252,Triumph,speed 94,2016,Naked Bike,1050,135.0,In-line three,17.5,192.0,825.0,0.7
32253,Triumph,speed 94 r,2016,Naked Bike,1050,135.0,In-line three,17.5,191.0,825.0,0.71
33085,Um,renegade scrambler classic,2018,Naked Bike,124,14.8,Single cylinder,13.0,124.0,790.0,0.12
32270,Triumph,speed triple,2010,Naked Bike,1050,130.0,In-line three,18.0,189.0,830.0,0.69
32271,Triumph,speed triple,2011,Naked Bike,1050,130.0,In-line three,18.0,189.0,830.0,0.69
32274,Triumph,speed triple 1200 rr,2022,Sport,1160,180.0,In-line three,15.5,199.0,830.0,0.9
32275,Triumph,speed triple 1200 rs,2021,Naked Bike,1160,180.0,In-line three,17.4,198.0,825.0,0.91
32280,Triumph,speed triple abs,2015,Naked Bike,1050,135.0,In-line three,17.5,186.0,825.0,0.73
32283,Triumph,speed triple r,2016,Naked Bike,1050,140.0,In-line three,17.5,191.0,825.0,0.73
32284,Triumph,speed triple r,2017,Naked Bike,1050,140.0,In-line three,17.5,192.0,825.0,0.73
32286,Triumph,speed triple r abs,2015,Naked Bike,1050,135.0,In-line three,17.5,186.0,825.0,0.73
32287,Triumph,speed triple rs,2018,Naked Bike,1050,148.0,In-line three,15.5,192.0,825.0,0.77
32288,Triumph,speed triple rs,2019,Naked Bike,1050,150.0,In-line three,15.5,192.0,825.0,0.78
32289,Triumph,speed triple rs,2020,Naked Bike,1050,148.0,In-line three,15.52,189.0,825.0,0.78
32290,Triumph,speed triple rx,2016,Naked Bike,675,106.0,In-line three,17.5,168.0,820.0,0.63
32291,Triumph,speed triple s,2016,Naked Bike,1050,140.0,In-line three,17.5,192.0,825.0,0.73
32292,Triumph,speed triple s,2017,Naked Bike,1050,140.0,In-line three,17.5,192.0,825.0,0.73
32293,Triumph,speed triple s,2018,Naked Bike,1050,148.0,In-line three,15.5,192.0,825.0,0.77
32294,Triumph,speed triple s,2019,Naked Bike,1050,148.0,In-line three,15.5,192.0,825.0,0.77
32295,Triumph,speed triple s,2020,Naked Bike,1050,148.0,In-line three,15.52,192.0,825.0,0.77
32297,Triumph,speed triple se,2011,Naked Bike,1050,130.0,In-line three,18.0,197.0,830.0,0.66
32323,Triumph,speed twin,2019,Classic,1200,96.0,Twin,14.5,196.0,807.0,0.49
32324,Triumph,speed twin,2020,Allround,1200,96.0,Twin,14.5,196.0,807.0,0.49
32325,Triumph,speed twin,2021,Allround,1200,96.0,Twin,14.5,196.0,807.0,0.49
32357,Triumph,speedmaster,2010,Custom / Cruiser,865,61.7,Twin,19.3,229.0,720.0,0.27
32362,Triumph,speedmaster,2015,Custom / Cruiser,865,61.0,Twin,19.3,231.0,690.0,0.26
32363,Triumph,speedmaster,2016,Custom / Cruiser,865,61.0,Twin,19.3,231.0,690.0,0.26
32391,Triumph,sprint st,2010,Sport Touring,1050,127.0,In-line three,20.0,210.0,805.0,0.6
32392,Triumph,sprint st,2011,Sport Touring,1050,128.0,In-line three,20.0,210.0,805.0,0.61
32394,Triumph,street cup,2017,Naked Bike,900,55.0,Twin,12.11,200.0,749.0,0.28
32395,Triumph,street cup,2018,Naked Bike,900,55.0,Twin,12.11,200.0,749.0,0.28
32396,Triumph,street cup,2019,Naked Bike,900,55.0,Twin,12.11,200.0,749.0,0.28
32397,Triumph,street scrambler,2017,Naked Bike,900,55.0,Twin,12.11,206.0,790.0,0.27
32398,Triumph,street scrambler,2018,Naked Bike,900,55.0,Twin,12.11,206.0,790.0,0.27
32399,Triumph,street scrambler,2019,Naked Bike,900,55.0,Twin,12.11,203.0,790.0,0.27
32400,Triumph,street scrambler,2020,Naked Bike,900,64.1,Twin,12.0,203.0,790.0,0.32
32401,Triumph,street scrambler,2021,Naked Bike,900,65.0,Twin,12.0,203.0,790.0,0.32
32405,Triumph,street triple,2010,Naked Bike,675,105.0,In-line three,17.4,167.0,800.0,0.63
32409,Triumph,street triple,2016,Naked Bike,675,106.0,In-line three,17.4,168.0,800.0,0.63
32412,Triumph,street triple abs,2015,Naked Bike,675,106.0,In-line three,17.5,168.0,800.0,0.63
32414,Triumph,street triple r,2010,Naked Bike,675,106.0,In-line three,17.4,167.0,805.0,0.63
33086,Um,renegade scrambler s,2018,Naked Bike,124,14.8,Single cylinder,13.0,120.0,790.0,0.12
32418,Triumph,street triple r,2016,Naked Bike,675,106.0,In-line three,17.4,168.0,820.0,0.63
32419,Triumph,street triple r,2017,Naked Bike,765,118.0,In-line three,17.4,166.0,810.0,0.71
32420,Triumph,street triple r,2018,Naked Bike,765,116.0,In-line three,17.4,166.0,810.0,0.7
32421,Triumph,street triple r,2019,Naked Bike,765,116.0,In-line three,17.4,166.0,825.0,0.7
32422,Triumph,street triple r,2022,Naked Bike,765,116.0,In-line three,17.4,168.0,825.0,0.69
32424,Triumph,street triple r abs,2015,Naked Bike,675,106.0,In-line three,17.4,168.0,800.0,0.63
32426,Triumph,street triple r lrh,2020,Naked Bike,765,116.0,In-line three,17.4,166.0,825.0,0.7
32427,Triumph,street triple rs,2017,Naked Bike,765,123.0,In-line three,17.4,166.0,810.0,0.74
32428,Triumph,street triple rs,2018,Naked Bike,765,123.0,In-line three,17.4,166.0,810.0,0.74
32429,Triumph,street triple rs,2019,Naked Bike,765,123.0,In-line three,17.4,166.0,825.0,0.74
32430,Triumph,street triple rs,2020,Naked Bike,765,123.0,In-line three,17.4,166.0,825.0,0.74
32431,Triumph,street triple rs,2021,Naked Bike,765,121.0,In-line three,17.4,166.0,825.0,0.73
32432,Triumph,street triple rs,2022,Naked Bike,765,121.0,In-line three,17.4,166.0,825.0,0.73
32433,Triumph,street triple rx,2015,Naked Bike,675,106.0,In-line three,17.4,168.0,800.0,0.63
32434,Triumph,street triple s,2017,Naked Bike,765,113.0,In-line three,17.4,166.0,810.0,0.68
32435,Triumph,street triple s,2018,Naked Bike,765,111.0,In-line three,17.4,166.0,810.0,0.67
32436,Triumph,street triple s,2019,Naked Bike,765,112.0,In-line three,17.4,168.0,810.0,0.67
32437,Triumph,street triple s,2020,Naked Bike,760,53.2,In-line three,17.4,168.0,810.0,0.32
32438,Triumph,street triple s a2 licence,2020,Naked Bike,660,46.9,In-line three,17.4,168.0,810.0,0.28
32439,Triumph,street twin,2016,Naked Bike,900,55.0,Twin,12.11,198.2,749.0,0.28
32440,Triumph,street twin,2017,Naked Bike,900,55.0,Twin,12.11,198.0,750.0,0.28
32441,Triumph,street twin,2018,Naked Bike,900,55.0,Twin,12.11,198.0,750.0,0.28
33087,Um,renegade sport,2018,Sport,125,9.7,Single cylinder,10.8,120.0,760.0,0.08
32442,Triumph,street twin,2019,Naked Bike,900,65.0,Twin,12.11,198.0,759.0,0.33
32519,Triumph,thruxton,2010,Classic,865,69.0,Twin,16.0,205.0,820.0,0.34
32524,Triumph,thruxton,2015,Classic,865,69.0,Twin,16.0,214.0,820.0,0.32
32525,Triumph,thruxton,2016,Classic,865,69.0,Twin,16.0,214.0,820.0,0.32
32526,Triumph,thruxton 1200,2016,Classic,1200,97.0,Twin,14.5,206.0,805.0,0.47
32527,Triumph,thruxton 1200,2017,Classic,1200,97.0,Twin,14.5,206.0,805.0,0.47
32528,Triumph,thruxton 1200,2018,Classic,1200,97.0,Twin,14.5,206.0,810.0,0.47
32529,Triumph,thruxton 1200,2019,Classic,1200,97.0,Twin,14.5,206.0,810.0,0.47
32530,Triumph,thruxton 1200,2020,Allround,1200,97.0,Twin,14.5,206.0,810.0,0.47
32531,Triumph,thruxton 1200 r,2016,Classic,1200,97.0,Twin,14.5,203.0,810.0,0.48
32532,Triumph,thruxton 1200 r,2017,Classic,1200,97.0,Twin,14.5,206.0,810.0,0.47
32533,Triumph,thruxton 1200 r,2018,Classic,1200,97.0,Twin,14.5,203.0,810.0,0.48
32534,Triumph,thruxton 1200 r,2019,Classic,1200,97.0,Twin,14.5,203.0,810.0,0.48
32535,Triumph,thruxton 1200 r,2020,Classic,1200,97.0,Twin,14.5,206.0,810.0,0.47
32536,Triumph,thruxton 1200rs,2020,Classic,1200,103.0,Twin,14.5,203.0,810.0,0.51
32540,Triumph,thruxton ace,2015,Classic,865,69.0,Twin,16.0,214.0,820.0,0.32
32541,Triumph,thruxton rs,2021,Classic,1200,104.0,Twin,14.5,197.0,810.0,0.53
32542,Triumph,thruxton rs,2022,Classic,1200,103.0,Twin,14.5,197.0,810.0,0.52
32543,Triumph,thruxton rs ton up,2022,Classic,1200,103.0,Twin,14.5,197.0,810.0,0.52
32545,Triumph,thruxton tfc,2020,Classic,1200,109.0,Twin,14.5,195.0,815.0,0.56
32559,Triumph,thunderbird,2015,Custom / Cruiser,1597,86.0,Twin,22.0,308.0,700.0,0.28
32560,Triumph,thunderbird,2016,Custom / Cruiser,1597,86.0,Twin,22.0,308.0,700.0,0.28
32561,Triumph,thunderbird,2018,Custom / Cruiser,1597,85.0,Twin,22.0,308.0,700.0,0.28
32564,Triumph,thunderbird commander,2016,Custom / Cruiser,1699,94.0,Twin,22.0,317.0,700.0,0.3
32565,Triumph,thunderbird commander,2018,Custom / Cruiser,1699,94.0,Twin,22.0,317.0,700.0,0.3
32566,Triumph,thunderbird commander,2019,Custom / Cruiser,1699,94.0,Twin,22.0,317.0,700.0,0.3
32567,Triumph,thunderbird commander abs,2015,Custom / Cruiser,1699,94.0,Twin,22.0,317.0,700.0,0.3
32569,Triumph,thunderbird lt,2016,Touring,1699,94.0,Twin,26.0,349.0,700.0,0.27
32570,Triumph,thunderbird lt,2017,Touring,1699,94.0,Twin,26.0,349.0,700.0,0.27
32571,Triumph,thunderbird lt,2018,Touring,1699,94.0,Twin,26.0,349.0,700.0,0.27
32572,Triumph,thunderbird lt,2019,Touring,1699,94.0,Twin,26.0,349.0,700.0,0.27
32573,Triumph,thunderbird lt abs,2015,Touring,1699,94.0,Twin,26.0,349.0,700.0,0.27
32574,Triumph,thunderbird nightstorm,2015,Custom / Cruiser,1699,98.0,Twin,22.0,308.0,700.0,0.32
32575,Triumph,thunderbird nightstorm,2016,Custom / Cruiser,1699,98.0,Twin,22.0,308.0,700.0,0.32
32585,Triumph,thunderbird storm,2016,Custom / Cruiser,1699,98.0,Twin,22.0,308.0,700.0,0.32
32586,Triumph,thunderbird storm,2017,Custom / Cruiser,1699,98.0,Twin,22.0,308.0,700.0,0.32
32587,Triumph,thunderbird storm,2018,Custom / Cruiser,1699,98.0,Twin,22.0,308.0,700.0,0.32
32588,Triumph,thunderbird storm,2019,Custom / Cruiser,1699,98.0,Twin,22.0,308.0,700.0,0.32
32589,Triumph,thunderbird storm abs,2015,Custom / Cruiser,1699,98.0,Twin,22.0,308.0,700.0,0.32
32601,Triumph,tiger,2010,Allround,1050,114.0,In-line three,20.0,198.0,835.0,0.58
32608,Triumph,tiger 1200 alpine edition,2020,Allround,1215,139.0,In-line three,20.0,242.0,835.0,0.57
32609,Triumph,tiger 1200 desert edition,2020,Allround,1215,139.0,In-line three,20.0,246.0,835.0,0.57
32613,Triumph,tiger 1200 xca,2018,Allround,1215,139.0,In-line three,20.0,248.0,835.0,0.56
32614,Triumph,tiger 1200 xca,2019,Allround,1215,139.0,In-line three,20.0,242.0,835.0,0.57
32615,Triumph,tiger 1200 xca,2020,Allround,1215,141.0,In-line three,20.0,248.0,855.0,0.57
32616,Triumph,tiger 1200 xca,2021,Allround,1215,141.0,In-line three,20.0,248.0,835.0,0.57
32617,Triumph,tiger 1200 xcx,2018,Allround,1215,139.0,In-line three,20.0,242.0,835.0,0.57
32618,Triumph,tiger 1200 xcx,2019,Allround,1215,139.0,In-line three,20.0,248.0,835.0,0.56
32619,Triumph,tiger 1200 xcx,2020,Allround,1215,141.0,In-line three,20.0,248.0,835.0,0.57
32620,Triumph,tiger 1200 xcx,2021,Allround,1215,141.0,In-line three,20.0,248.0,835.0,0.57
32621,Triumph,tiger 1200 xr,2018,Allround,1215,139.0,In-line three,20.0,242.0,835.0,0.57
32622,Triumph,tiger 1200 xr,2019,Allround,1215,141.0,In-line three,20.0,242.0,835.0,0.58
32623,Triumph,tiger 1200 xr,2020,Allround,1215,141.0,In-line three,20.0,242.0,835.0,0.58
32624,Triumph,tiger 1200 xr,2021,Allround,1215,141.0,In-line three,20.0,242.0,835.0,0.58
32625,Triumph,tiger 1200 xrt,2018,Allround,1215,139.0,In-line three,20.0,243.0,837.0,0.57
32626,Triumph,tiger 1200 xrt,2019,Allround,1215,139.0,In-line three,20.0,243.0,837.0,0.57
32627,Triumph,tiger 1200 xrt,2020,Allround,1215,139.0,In-line three,20.0,243.0,835.0,0.57
32628,Triumph,tiger 1200 xrt,2021,Allround,1215,141.0,In-line three,20.0,243.0,835.0,0.58
32629,Triumph,tiger 1200 xrx,2018,Allround,1215,139.0,In-line three,20.0,244.0,835.0,0.57
32630,Triumph,tiger 1200 xrx,2019,Allround,1215,139.0,In-line three,20.0,244.0,835.0,0.57
32631,Triumph,tiger 1200 xrx,2020,Allround,1215,139.0,In-line three,20.0,244.0,810.0,0.57
32632,Triumph,tiger 1200 xrx,2021,Allround,1215,141.0,In-line three,20.0,244.0,790.0,0.58
32633,Triumph,tiger 1200 xrx explorer,2020,Allround,1215,139.0,In-line three,20.0,246.0,837.0,0.57
32634,Triumph,tiger 1200 xrx low,2018,Allround,1215,139.0,In-line three,20.0,246.0,785.0,0.57
32635,Triumph,tiger 1200 xrx low,2019,Allround,1215,141.0,In-line three,20.0,244.0,785.0,0.58
32636,Triumph,tiger 1200 xrx low,2020,Allround,1215,141.0,In-line three,20.0,244.0,785.0,0.58
32637,Triumph,tiger 1200 xrx low,2021,Allround,1215,141.0,In-line three,20.0,244.0,790.0,0.58
32642,Triumph,tiger 800 abs,2015,Super Motard,799,95.0,In-line three,19.0,193.0,845.0,0.49
32645,Triumph,tiger 800 xc,2015,Super Motard,799,95.0,In-line three,19.0,190.0,845.0,0.5
32646,Triumph,tiger 800 xc,2016,Super Motard,799,95.0,In-line three,19.0,193.0,840.0,0.49
32649,Triumph,tiger 800 xca,2016,Super Motard,799,95.0,In-line three,19.0,203.0,840.0,0.47
32650,Triumph,tiger 800 xca,2017,Super Motard,799,95.0,In-line three,19.0,203.0,840.0,0.47
32651,Triumph,tiger 800 xca,2018,Super Motard,799,95.0,In-line three,19.0,208.0,840.0,0.46
32652,Triumph,tiger 800 xca,2019,Super Motard,800,95.0,In-line three,19.0,208.0,840.0,0.46
32653,Triumph,tiger 800 xca,2020,Super Motard,800,95.0,In-line three,19.0,208.0,840.0,0.46
32654,Triumph,tiger 800 xcx,2015,Super Motard,799,95.0,In-line three,19.0,190.0,845.0,0.5
32655,Triumph,tiger 800 xcx,2016,Super Motard,799,95.0,In-line three,19.0,196.0,840.0,0.48
32656,Triumph,tiger 800 xcx,2017,Super Motard,799,95.0,In-line three,19.0,196.0,840.0,0.48
32657,Triumph,tiger 800 xcx,2018,Super Motard,799,95.0,In-line three,19.0,205.0,840.0,0.46
32658,Triumph,tiger 800 xcx,2019,Super Motard,800,95.0,In-line three,19.0,205.0,840.0,0.46
32659,Triumph,tiger 800 xcx,2020,Super Motard,800,95.0,In-line three,19.0,205.0,760.0,0.46
32660,Triumph,tiger 800 xcx low,2016,Super Motard,799,95.0,In-line three,19.0,196.0,790.0,0.48
32661,Triumph,tiger 800 xcx low,2017,Super Motard,799,95.0,In-line three,19.0,196.0,790.0,0.48
32662,Triumph,tiger 800 xr,2015,Super Motard,799,95.0,In-line three,19.0,190.0,810.0,0.5
32663,Triumph,tiger 800 xr,2016,Super Motard,799,95.0,In-line three,19.0,188.0,810.0,0.51
32664,Triumph,tiger 800 xr,2017,Super Motard,799,95.0,In-line three,19.0,188.0,810.0,0.51
32665,Triumph,tiger 800 xr,2018,Super Motard,799,95.0,In-line three,19.0,199.0,810.0,0.48
32666,Triumph,tiger 800 xr,2019,Super Motard,800,95.0,In-line three,19.0,199.0,810.0,0.48
32667,Triumph,tiger 800 xr,2020,Super Motard,800,93.9,In-line three,19.0,199.0,810.0,0.47
32668,Triumph,tiger 800 xrt,2016,Super Motard,799,95.0,In-line three,19.0,190.0,810.0,0.5
32669,Triumph,tiger 800 xrt,2017,Super Motard,799,95.0,In-line three,19.0,190.0,810.0,0.5
32670,Triumph,tiger 800 xrt,2018,Super Motard,799,95.0,In-line three,19.0,202.0,810.0,0.47
32671,Triumph,tiger 800 xrt,2019,Super Motard,800,95.0,In-line three,19.0,202.0,810.0,0.47
32672,Triumph,tiger 800 xrt,2020,Super Motard,800,95.0,In-line three,19.0,202.0,810.0,0.47
32673,Triumph,tiger 800 xrx,2015,Super Motard,799,95.0,In-line three,19.0,190.0,810.0,0.5
32674,Triumph,tiger 800 xrx,2016,Super Motard,799,95.0,In-line three,19.0,191.0,810.0,0.5
32675,Triumph,tiger 800 xrx,2017,Super Motard,799,95.0,In-line three,19.0,191.0,810.0,0.5
32676,Triumph,tiger 800 xrx,2018,Super Motard,799,95.0,In-line three,19.0,200.0,810.0,0.48
32677,Triumph,tiger 800 xrx,2019,Super Motard,800,95.0,In-line three,19.0,200.0,810.0,0.48
32678,Triumph,tiger 800 xrx,2020,Super Motard,800,95.0,In-line three,19.0,200.0,810.0,0.48
32679,Triumph,tiger 800 xrx low,2016,Super Motard,799,95.0,In-line three,19.0,191.0,760.0,0.5
32680,Triumph,tiger 800 xrx low,2017,Super Motard,799,95.0,In-line three,19.0,191.0,760.0,0.5
32681,Triumph,tiger 800 xrx low,2018,Super Motard,799,95.0,In-line three,19.0,200.0,760.0,0.48
32682,Triumph,tiger 800 xrx low,2019,Super Motard,800,95.0,In-line three,19.0,199.0,760.0,0.48
32683,Triumph,tiger 800 xrx low,2020,Super Motard,800,95.0,In-line three,19.0,199.0,760.0,0.48
32686,Triumph,tiger 850 sport,2021,Sport,888,85.0,In-line three,20.0,199.0,810.0,0.43
32687,Triumph,tiger 850 sport,2022,Sport,888,85.0,In-line three,20.0,199.0,810.0,0.43
32693,Triumph,tiger 900 bond edition,2022,Enduro / Offroad,888,93.9,In-line three,20.0,201.0,850.0,0.47
32694,Triumph,tiger 900 gt,2020,Enduro / Offroad,888,93.9,In-line three,20.0,192.0,810.0,0.49
32695,Triumph,tiger 900 gt,2021,Enduro / Offroad,888,93.9,In-line three,20.0,194.0,810.0,0.48
32696,Triumph,tiger 900 gt,2022,Enduro / Offroad,888,93.9,In-line three,20.0,194.0,810.0,0.48
32697,Triumph,tiger 900 gt low,2020,Enduro / Offroad,888,93.9,In-line three,20.0,192.0,810.0,0.49
32698,Triumph,tiger 900 gt pro,2020,Enduro / Offroad,888,93.9,In-line three,20.0,198.0,810.0,0.47
32699,Triumph,tiger 900 gt pro,2021,Enduro / Offroad,888,93.9,In-line three,20.0,198.0,810.0,0.47
32700,Triumph,tiger 900 rally,2020,Enduro / Offroad,888,93.9,In-line three,20.0,196.0,850.0,0.48
32701,Triumph,tiger 900 rally,2021,Super Motard,888,93.9,In-line three,20.0,196.0,850.0,0.48
32702,Triumph,tiger 900 rally,2022,Enduro / Offroad,888,93.9,In-line three,20.0,196.0,850.0,0.48
32703,Triumph,tiger 900 rally pro,2020,Enduro / Offroad,888,93.9,In-line three,20.0,201.0,850.0,0.47
32704,Triumph,tiger 900 rally pro,2021,Super Motard,888,93.9,In-line three,20.0,201.0,850.0,0.47
33091,Um,renegade sport s,2018,Sport,125,12.1,Single cylinder,18.0,153.0,770.0,0.08
32705,Triumph,tiger 900 rally pro,2022,Enduro / Offroad,888,93.9,In-line three,20.0,201.0,850.0,0.47
32729,Triumph,tiger explorer,2015,Allround,1215,137.0,In-line three,20.0,228.0,837.0,0.6
32730,Triumph,tiger explorer,2016,Allround,1215,137.0,In-line three,20.0,228.0,837.0,0.6
32733,Triumph,tiger explorer xc,2016,Allround,1215,137.0,In-line three,20.0,235.5,837.0,0.58
32734,Triumph,tiger explorer xc abs,2015,Allround,1215,137.0,In-line three,20.0,235.5,837.0,0.58
32735,Triumph,tiger explorer xca,2016,Allround,1215,139.0,In-line three,20.0,258.0,837.0,0.54
32736,Triumph,tiger explorer xca,2017,Allround,1215,139.0,In-line three,20.0,258.0,837.0,0.54
32737,Triumph,tiger explorer xcx,2016,Allround,1215,139.0,In-line three,20.0,253.0,837.0,0.55
32738,Triumph,tiger explorer xcx,2017,Allround,1215,139.0,In-line three,20.0,253.0,837.0,0.55
32739,Triumph,tiger explorer xcx low,2017,Allround,1215,139.0,In-line three,20.0,251.0,785.0,0.55
32740,Triumph,tiger explorer xr,2016,Allround,1215,139.0,In-line three,20.0,244.0,837.0,0.57
32741,Triumph,tiger explorer xr,2017,Allround,1215,139.0,In-line three,20.0,244.0,837.0,0.57
32742,Triumph,tiger explorer xrt,2016,Allround,1215,139.0,In-line three,20.0,254.0,837.0,0.55
32743,Triumph,tiger explorer xrt,2017,Allround,1215,139.0,In-line three,20.0,254.0,837.0,0.55
32744,Triumph,tiger explorer xrx,2016,Allround,1215,139.0,In-line three,20.0,246.0,837.0,0.57
32745,Triumph,tiger explorer xrx,2017,Allround,1215,139.0,In-line three,20.0,253.0,837.0,0.55
32746,Triumph,tiger explorer xrx low,2017,Allround,1215,139.0,In-line three,20.0,246.0,785.0,0.57
32750,Triumph,tiger sport,2016,Allround,1050,125.0,In-line three,20.0,216.0,830.0,0.58
32751,Triumph,tiger sport,2020,Allround,1050,124.0,In-line three,20.0,218.0,830.0,0.57
32781,Triumph,trident 660,2021,Naked Bike,660,81.0,In-line three,14.0,189.0,805.0,0.43
32782,Triumph,trident 660,2022,Naked Bike,660,81.0,In-line three,14.0,189.0,805.0,0.43
33093,Um,renegade vegas,2021,Sport,279,24.8,Single cylinder,18.0,153.0,750.0,0.16
32829,Triumph,trophy se,2016,Touring,1215,134.0,In-line three,26.0,295.0,770.0,0.45
32830,Triumph,trophy se,2017,Touring,1215,134.0,In-line three,26.0,295.0,770.0,0.45
32876,Tvs,apache rtr 160,2010,Sport,160,15.0,Single cylinder,16.0,111.8,790.0,0.13
32886,Tvs,apache rtr 180 abs,2016,Sport,177,16.8,Single cylinder,12.0,130.0,800.0,0.13
32888,Tvs,apache rtr 200 4v,2016,Sport,198,26.9,Single cylinder,12.0,140.0,800.0,0.19
32898,Tvs,jive,2011,Sport,110,8.4,Single cylinder,15.0,110.0,790.0,0.08
32907,Tvs,ntorq 125,2020,Scooter,125,9.3,Single cylinder,5.0,116.0,765.0,0.08
32922,Tvs,scooty pep,2016,Scooter,88,4.9,Single cylinder,5.0,96.0,760.0,0.05
32925,Tvs,scooty pep plus,2022,Scooter,88,5.4,Single cylinder,4.2,96.0,760.0,0.06
32930,Tvs,scooty zest 110,2016,Scooter,110,7.9,Single cylinder,5.0,98.5,760.0,0.08
32931,Tvs,sport,2011,Sport,100,7.4,Single cylinder,12.0,95.0,790.0,0.08
32936,Tvs,star city,2011,Sport,110,8.4,Single cylinder,16.0,95.0,790.0,0.09
33006,Um,chill 50,2021,Scooter,50,3.8,Single cylinder,5.0,91.0,725.0,0.04
33018,Um,dsr aventure,2018,Enduro / Offroad,124,14.8,Single cylinder,11.2,121.0,800.0,0.12
33019,Um,dsr aventure,2022,Super Motard,124,15.0,Single cylinder,11.2,130.0,760.0,0.12
33022,Um,dsr sm,2018,Super Motard,124,14.8,Single cylinder,11.2,121.0,880.0,0.12
33023,Um,dsr sm,2021,Super Motard,124,14.8,Single cylinder,5.26,121.0,880.0,0.12
33024,Um,dsrx 125,2021,Enduro / Offroad,125,9.4,Single cylinder,6.3,132.0,860.0,0.07
33025,Um,dsrx 140,2021,Enduro / Offroad,135,10.7,Single cylinder,6.3,132.0,860.0,0.08
33026,Um,dsrx 150,2021,Enduro / Offroad,150,11.5,Single cylinder,6.3,132.0,860.0,0.09
33027,Um,dsrx 200,2021,Enduro / Offroad,150,14.9,Single cylinder,6.3,132.0,860.0,0.11
33038,Um,duramax 125,2021,Sport,125,10.5,Single cylinder,10.22,112.0,745.0,0.09
33072,Um,powermax 125,2021,Scooter,125,7.0,Single cylinder,6.06,102.0,720.0,0.07
33135,Um,xtreet 125,2022,Sport,125,10.6,Single cylinder,15.0,133.0,790.0,0.08
33136,Um,xtreet 140 r,2021,Sport,137,10.7,Single cylinder,15.5,122.0,870.0,0.09
33139,Um,xtreet 180r,2021,Sport,180,15.4,Single cylinder,15.5,128.0,870.0,0.12
33143,Um,xtreet rc,2018,Naked Bike,124,13.0,Single cylinder,14.5,131.0,800.0,0.1
33144,Um,xtreet rc,2021,Naked Bike,124,9.5,Single cylinder,14.0,122.0,800.0,0.08
33151,Ural,air le,2019,Classic,749,41.0,Two cylinder boxer,18.93,331.1,813.0,0.12
33156,Ural,cross,2011,Classic,745,38.9,Two cylinder boxer,19.0,320.0,790.0,0.12
33157,Ural,cross,2014,Classic,745,38.9,Two cylinder boxer,19.0,320.0,790.0,0.12
33158,Ural,cross,2016,Classic,745,42.0,Two cylinder boxer,19.0,334.0,790.0,0.13
33160,Ural,cross twd,2011,Classic,745,38.9,Two cylinder boxer,19.0,320.0,790.0,0.12
33161,Ural,cross twd,2016,Classic,745,42.0,Two cylinder boxer,19.0,363.0,790.0,0.12
33162,Ural,ct,2015,Classic,745,41.0,Two cylinder boxer,19.0,317.5,750.0,0.13
33163,Ural,ct,2016,Classic,745,41.0,Two cylinder boxer,19.0,317.5,750.0,0.13
33164,Ural,ct,2017,Classic,745,41.0,Two cylinder boxer,19.0,317.5,750.0,0.13
33165,Ural,ct,2019,Classic,749,41.0,Two cylinder boxer,19.0,317.5,790.0,0.13
33166,Ural,ct,2020,Classic,749,41.0,Two cylinder boxer,19.0,317.5,790.0,0.13
33167,Ural,ct,2021,Classic,749,41.0,Two cylinder boxer,19.0,317.5,787.0,0.13
33168,Ural,ct,2022,Classic,745,40.2,Two cylinder boxer,19.0,320.0,790.0,0.13
33169,Ural,dark force,2016,Classic,745,41.0,Two cylinder boxer,19.0,317.5,750.0,0.13
33173,Ural,frwl,2021,Classic,749,41.0,Two cylinder boxer,19.0,331.1,813.0,0.12
33174,Ural,gear up,2013,Classic,749,40.0,Two cylinder boxer,19.0,335.0,785.0,0.12
33175,Ural,gear up,2015,Classic,749,41.0,Two cylinder boxer,19.0,331.1,785.0,0.12
33176,Ural,gear up,2016,Classic,749,41.0,Two cylinder boxer,19.0,331.1,785.0,0.12
33177,Ural,gear up,2017,Classic,749,41.0,Two cylinder boxer,19.0,331.1,785.0,0.12
33178,Ural,gear up,2021,Classic,749,41.0,Two cylinder boxer,19.0,331.1,785.0,0.12
33179,Ural,gear up,2022,Classic,749,41.0,Two cylinder boxer,19.0,331.1,813.0,0.12
33180,Ural,gear up 750,2010,Classic,745,38.9,Two cylinder boxer,19.0,335.0,785.0,0.12
33181,Ural,gear up 750,2011,Classic,745,38.9,Two cylinder boxer,19.0,335.0,785.0,0.12
33182,Ural,gear up 750,2012,Classic,749,40.0,Two cylinder boxer,19.0,335.0,785.0,0.12
33186,Ural,geo,2021,Classic,749,41.0,Two cylinder boxer,19.0,331.1,813.0,0.12
33187,Ural,gobi,2013,Classic,749,40.0,Two cylinder boxer,19.0,335.0,785.0,0.12
33221,Ural,m70,2015,Classic,749,41.0,Two cylinder boxer,22.0,325.0,750.0,0.13
33222,Ural,m70,2016,Classic,749,41.0,Two cylinder boxer,22.0,325.0,750.0,0.13
33223,Ural,m70,2017,Classic,749,41.0,Two cylinder boxer,22.0,325.0,750.0,0.13
33224,Ural,m70,2019,Classic,749,41.0,Two cylinder boxer,20.82,322.1,750.0,0.13
33225,Ural,m70 anniversary edition,2012,Classic,749,40.0,Two cylinder boxer,22.0,325.0,750.0,0.12
33226,Ural,m70 retro,2013,Classic,749,40.0,Two cylinder boxer,22.0,325.0,750.0,0.12
33227,Ural,m70 solo,2012,Classic,749,40.0,Two cylinder boxer,19.0,325.0,495.0,0.12
33229,Ural,patrol,2013,Classic,749,40.0,Two cylinder boxer,19.0,335.0,813.0,0.12
33230,Ural,patrol,2015,Classic,749,41.0,Two cylinder boxer,19.0,335.0,813.0,0.12
33231,Ural,patrol,2016,Classic,749,41.0,Two cylinder boxer,19.0,335.0,813.0,0.12
33232,Ural,patrol,2017,Classic,749,41.0,Two cylinder boxer,19.0,335.0,813.0,0.12
33235,Ural,patrol 750,2010,Classic,745,38.9,Two cylinder boxer,19.0,335.0,750.0,0.12
33236,Ural,patrol 750,2011,Classic,745,38.9,Two cylinder boxer,19.0,335.0,750.0,0.12
33237,Ural,patrol 750,2012,Classic,749,40.0,Two cylinder boxer,19.0,335.0,813.0,0.12
33238,Ural,patrol t,2012,Classic,749,40.0,Two cylinder boxer,19.0,320.0,813.0,0.12
33239,Ural,patrol t,2013,Classic,749,40.0,Two cylinder boxer,19.0,320.0,813.0,0.12
33241,Ural,pustinja ii,2017,Classic,749,41.0,Two cylinder boxer,19.0,332.0,785.0,0.12
33243,Ural,ranger,2011,Classic,745,38.9,Two cylinder boxer,19.0,350.0,790.0,0.11
33244,Ural,ranger,2016,Classic,745,42.0,Two cylinder boxer,19.0,363.0,790.0,0.12
33248,Ural,ranger frog,2014,Classic,745,38.9,Two cylinder boxer,19.0,350.0,790.0,0.11
33249,Ural,ranger tundra,2014,Classic,745,38.9,Two cylinder boxer,19.0,350.0,790.0,0.11
33251,Ural,red october ii,2020,Classic,749,41.0,Two cylinder boxer,19.0,317.5,787.0,0.13
33254,Ural,retro,2014,Classic,745,38.9,Two cylinder boxer,19.0,350.0,750.0,0.11
33255,Ural,retro,2016,Classic,745,42.0,Two cylinder boxer,19.0,344.0,750.0,0.12
33259,Ural,retro 750,2010,Classic,745,38.9,Two cylinder boxer,22.0,350.0,750.0,0.11
33260,Ural,retro 750,2011,Classic,745,38.9,Two cylinder boxer,22.0,325.0,750.0,0.12
33261,Ural,retro 750,2012,Classic,749,40.0,Two cylinder boxer,22.0,325.0,750.0,0.12
33262,Ural,retro 750,2013,Classic,749,40.0,Two cylinder boxer,22.0,325.0,750.0,0.12
33263,Ural,retro solo,2011,Classic,745,38.9,Two cylinder boxer,19.0,246.0,750.0,0.16
33266,Ural,retro solo 750,2012,Classic,745,38.9,Two cylinder boxer,19.0,246.0,750.0,0.16
33267,Ural,sahara se,2019,Classic,749,41.0,Two cylinder boxer,18.93,331.1,813.0,0.12
33268,Ural,scrambler,2016,Classic,745,38.9,Two cylinder boxer,19.0,350.0,790.0,0.11
33269,Ural,snow leopard limited edition,2011,Classic,745,38.9,Two cylinder boxer,22.0,325.0,750.0,0.12
33278,Ural,solo,2011,Classic,745,38.9,Two cylinder boxer,19.0,215.0,810.0,0.18
33281,Ural,solo st,2012,Classic,745,40.0,Two cylinder boxer,19.0,215.0,770.0,0.19
33282,Ural,solo st,2013,Classic,745,40.0,Two cylinder boxer,19.0,215.0,770.0,0.19
33284,Ural,sportsman,2011,Classic,745,38.9,Two cylinder boxer,19.0,350.0,790.0,0.11
33285,Ural,sportsman,2016,Classic,749,41.0,Two cylinder boxer,19.0,332.0,785.0,0.12
33289,Ural,sportsman azur,2014,Allround,745,38.9,Two cylinder boxer,19.0,350.0,790.0,0.11
33290,Ural,sportsman se,2019,Classic,749,41.0,Two cylinder boxer,19.0,331.1,813.0,0.12
33291,Ural,t,2012,Classic,749,40.0,Two cylinder boxer,19.0,320.0,813.0,0.12
33292,Ural,t,2013,Classic,749,40.0,Two cylinder boxer,19.0,320.0,813.0,0.12
33293,Ural,t,2014,Classic,745,38.9,Two cylinder boxer,19.0,300.0,750.0,0.13
33295,Ural,t twd,2016,Classic,745,42.0,Two cylinder boxer,19.0,363.0,790.0,0.12
33297,Ural,taiga,2010,Classic,745,38.9,Two cylinder boxer,19.0,337.0,785.0,0.12
33304,Ural,tourist,2013,Classic,749,40.0,Two cylinder boxer,19.0,320.0,813.0,0.12
33305,Ural,tourist,2016,Classic,749,40.0,Two cylinder boxer,19.0,320.0,790.0,0.12
33309,Ural,tourist 750,2010,Classic,745,38.9,Two cylinder boxer,19.0,335.0,813.0,0.12
33310,Ural,tourist 750,2011,Classic,745,38.9,Two cylinder boxer,19.0,335.0,813.0,0.12
33311,Ural,tourist 750,2012,Classic,749,40.0,Two cylinder boxer,19.0,320.0,813.0,0.12
33321,Ural,wolf 750,2010,Custom / Cruiser,745,38.9,Two cylinder boxer,21.0,250.0,670.0,0.16
33322,Ural,wolf 750 solo,2011,Custom / Cruiser,745,38.9,Two cylinder boxer,21.0,250.0,670.0,0.16
33323,Ural,wolf 750 solo,2012,Custom / Cruiser,745,40.0,Two cylinder boxer,21.0,250.0,670.0,0.16
33420,Veli,vl150-26,2012,Naked Bike,162,15.4,Single cylinder,15.0,120.0,830.0,0.13
33437,Veli,vl200gs-2,2012,Naked Bike,196,14.5,Single cylinder,15.0,135.0,830.0,0.11
33438,Veli,vl200gs-3,2012,Allround,200,14.8,Single cylinder,12.0,155.0,830.0,0.1
33439,Veli,vl200gs-5,2012,Allround,198,14.1,Single cylinder,18.0,180.0,830.0,0.08
33445,Veli,vl250 kn,2016,Custom / Cruiser,249,18.1,Single cylinder,17.4,152.0,720.0,0.12
33449,Veli,vl250gs rz,2016,Naked Bike,250,20.8,Single cylinder,13.0,150.0,800.0,0.14
33451,Veli,vl250gs-r,2016,Naked Bike,250,20.8,Single cylinder,13.0,150.0,800.0,0.14
34670,Yamaha,all new soul gt aks sss,2021,Scooter,125,9.4,Single cylinder,4.2,98.0,745.0,0.1
33636,Vento,colt,2012,Custom / Cruiser,249,17.7,V2,13.13,140.0,699.0,0.13
33650,Vento,hot rod,2011,Scooter,150,9.4,Single cylinder,5.3,103.9,884.0,0.09
33651,Vento,hot rod,2013,Scooter,150,9.4,Single cylinder,5.3,103.9,884.0,0.09
33664,Vento,phantom r4i,2010,Scooter,150,9.4,Single cylinder,5.29,103.9,975.0,0.09
33665,Vento,phantom r5,2011,Scooter,150,9.4,Single cylinder,5.29,103.9,975.0,0.09
33666,Vento,phantom r5,2013,Scooter,150,9.4,Single cylinder,5.29,103.9,975.0,0.09
33667,Vento,phantom zx,2016,Scooter,149,7.8,Single cylinder,6.0,112.0,800.0,0.07
33673,Vento,rapid 125,2022,Scooter,125,10.0,Single cylinder,3.5,97.0,790.0,0.1
33674,Vento,rebellian,2010,Touring,150,13.4,Single cylinder,14.99,146.8,706.0,0.09
33675,Vento,rebellian,2012,Custom / Cruiser,150,13.4,Single cylinder,15.0,147.0,769.0,0.09
33679,Vento,reptile 400,2013,Atv,392,24.1,In-line three,16.65,210.5,810.0,0.11
33687,Vento,spectra 5i 125,2020,Scooter,125,7.0,Single cylinder,3.5,105.0,770.0,0.07
33690,Vento,street rod,2016,Scooter,149,7.8,Single cylinder,4.0,100.0,750.0,0.08
33694,Vento,terra z,2016,Scooter,149,7.8,Single cylinder,6.4,100.0,750.0,0.08
33696,Vento,thunderstar,2012,Custom / Cruiser,150,13.4,Single cylinder,4.16,146.0,706.0,0.09
33701,Vento,triton li,2011,Scooter,49,4.9,Single cylinder,5.29,93.9,739.0,0.05
33702,Vento,triton li,2013,Scooter,49,4.9,Single cylinder,5.29,93.9,739.0,0.05
33704,Vento,triton r4,2010,Scooter,49,4.9,Single cylinder,5.29,93.9,739.0,0.05
33710,Vento,v-thunder,2010,Custom / Cruiser,249,24.1,V2,12.98,140.0,706.0,0.17
33714,Vento,v-thunder xl,2011,Custom / Cruiser,249,24.1,V2,12.98,140.0,706.0,0.17
33716,Vento,v-thunder xl,2013,Custom / Cruiser,249,24.1,V2,12.98,140.0,706.0,0.17
33719,Vento,vortex 150,2014,Scooter,150,8.6,Single cylinder,5.0,103.0,840.0,0.08
33720,Vento,wind 125,2021,Allround,125,12.0,Single cylinder,12.8,100.0,740.0,0.12
33751,Vertigo,combat vertical 300,2021,Trial,300,31.0,Single cylinder,2.3,69.0,680.0,0.45
33758,Vertigo,nitro 300,2022,Trial,300,31.0,Single cylinder,2.3,68.0,680.0,0.46
33767,Vervemoto,classic 125,2017,Classic,124,11.3,Single cylinder,12.0,115.0,780.0,0.1
33768,Vervemoto,classic s 125,2017,Classic,124,11.3,Single cylinder,12.0,116.0,780.0,0.1
33769,Vervemoto,classic s 125i,2021,Classic,124,11.3,Single cylinder,12.0,115.0,780.0,0.1
33770,Vervemoto,classic s 250,2017,Classic,250,19.2,Single cylinder,12.0,130.0,780.0,0.15
33771,Vervemoto,classic s 250i,2020,Classic,223,19.0,Single cylinder,12.0,132.0,780.0,0.14
33773,Vervemoto,scrambler 125i,2020,Classic,124,11.3,Single cylinder,12.0,115.0,790.0,0.1
33774,Vervemoto,scrambler 125i,2022,Classic,124,11.3,Single cylinder,12.0,115.0,790.0,0.1
33776,Vervemoto,tracker 125i,2022,Enduro / Offroad,124,11.3,Single cylinder,12.0,120.0,840.0,0.09
33827,Vespa,gts,2019,Scooter,125,12.1,Single cylinder,7.0,158.0,790.0,0.08
33831,Vespa,gts 125,2010,Scooter,124,10.3,Single cylinder,10.0,145.0,790.0,0.07
33832,Vespa,gts 125,2011,Scooter,124,21.1,Single cylinder,10.0,145.0,790.0,0.15
33834,Vespa,gts 125,2021,Scooter,125,13.8,Single cylinder,7.0,160.0,790.0,0.09
33835,Vespa,gts 125,2022,Scooter,124,14.0,Single cylinder,7.0,160.0,790.0,0.09
33837,Vespa,gts 125 super,2011,Scooter,124,14.1,Single cylinder,10.0,151.0,790.0,0.09
33838,Vespa,gts 125 super,2013,Scooter,124,14.1,Single cylinder,10.0,151.0,790.0,0.09
33839,Vespa,gts 125 touring,2021,Scooter,125,13.8,Single cylinder,7.0,160.0,790.0,0.09
33840,Vespa,gts 125 touring,2022,Scooter,124,14.0,Single cylinder,7.0,160.0,790.0,0.09
33841,Vespa,gts 125ie super,2015,Scooter,124,15.0,Single cylinder,10.0,160.0,790.0,0.09
33842,Vespa,gts 150,2017,Scooter,155,11.0,Single cylinder,7.0,160.0,790.0,0.07
33849,Vespa,gts 300,2012,Scooter,278,22.0,Single cylinder,9.2,158.0,790.0,0.14
33850,Vespa,gts 300,2015,Scooter,278,21.1,Single cylinder,9.08,158.0,790.0,0.13
33851,Vespa,gts 300,2016,Scooter,278,21.1,Single cylinder,9.08,158.0,790.0,0.13
33852,Vespa,gts 300,2017,Scooter,278,22.0,Single cylinder,9.08,158.0,790.0,0.14
33853,Vespa,gts 300,2021,Scooter,278,23.8,Single cylinder,8.5,158.0,790.0,0.15
33854,Vespa,gts 300,2022,Scooter,278,23.8,Single cylinder,8.5,158.0,790.0,0.15
33855,Vespa,gts 300  super,2015,Scooter,278,21.1,Single cylinder,9.08,158.0,790.0,0.13
33856,Vespa,gts 300 75th,2022,Scooter,278,23.8,Single cylinder,8.5,158.0,790.0,0.15
33857,Vespa,gts 300 ie,2013,Scooter,278,22.0,Single cylinder,9.08,158.0,790.0,0.14
33858,Vespa,gts 300 ie super,2013,Scooter,278,21.2,Single cylinder,9.2,148.0,790.0,0.14
33862,Vespa,gts 300 super,2012,Scooter,278,21.2,Single cylinder,9.2,148.0,790.0,0.14
33863,Vespa,gts 300 super,2016,Scooter,278,21.1,Single cylinder,9.08,158.0,790.0,0.13
33864,Vespa,gts 300 super sport,2016,Scooter,278,22.0,Single cylinder,9.08,158.0,790.0,0.14
33865,Vespa,gts 300 super sport se,2013,Scooter,278,21.2,Single cylinder,9.08,148.0,790.0,0.14
33866,Vespa,gts 300 supersport,2019,Scooter,278,21.1,Single cylinder,8.5,158.0,790.0,0.13
33867,Vespa,gts 300 touring,2021,Scooter,278,23.8,Single cylinder,8.5,158.0,790.0,0.15
33868,Vespa,gts 300 touring,2022,Scooter,278,23.8,Single cylinder,8.5,158.0,790.0,0.15
33870,Vespa,gts 300ie touring,2015,Scooter,278,22.0,Single cylinder,9.5,158.0,790.0,0.14
33871,Vespa,gts super 125,2017,Scooter,124,15.0,Single cylinder,10.0,160.0,790.0,0.09
33872,Vespa,gts super 125,2021,Scooter,125,13.8,Single cylinder,7.0,160.0,790.0,0.09
33873,Vespa,gts super 125,2022,Scooter,124,13.8,Single cylinder,7.0,160.0,790.0,0.09
33874,Vespa,gts super 125 racing sixties,2021,Scooter,125,13.8,Single cylinder,7.0,160.0,790.0,0.09
33875,Vespa,gts super 125 racing sixties,2022,Scooter,124,14.0,Single cylinder,7.0,160.0,790.0,0.09
33876,Vespa,gts super 125 sport,2021,Scooter,125,13.8,Single cylinder,7.0,160.0,790.0,0.09
33877,Vespa,gts super 125 sport,2022,Scooter,124,14.0,Single cylinder,7.0,160.0,790.0,0.09
33878,Vespa,gts super 125 tech,2021,Scooter,125,13.8,Single cylinder,7.0,160.0,790.0,0.09
33879,Vespa,gts super 125 tech,2022,Scooter,124,14.0,Single cylinder,7.0,160.0,790.0,0.09
33880,Vespa,gts super 300,2017,Scooter,278,21.1,Single cylinder,9.08,158.0,790.0,0.13
33881,Vespa,gts super 300,2019,Scooter,278,21.2,Single cylinder,8.5,158.0,790.0,0.13
33882,Vespa,gts super 300,2021,Scooter,278,23.8,Single cylinder,8.5,158.0,790.0,0.15
33883,Vespa,gts super 300,2022,Scooter,278,23.8,Single cylinder,8.5,158.0,790.0,0.15
33884,Vespa,gts super 300 racing sixties,2021,Scooter,278,23.8,Single cylinder,8.5,158.0,790.0,0.15
33885,Vespa,gts super 300 racing sixties,2022,Scooter,278,23.8,Single cylinder,8.5,158.0,790.0,0.15
33886,Vespa,gts super 300 sport,2021,Scooter,278,23.8,Single cylinder,8.5,158.0,790.0,0.15
33887,Vespa,gts super 300 sport,2022,Scooter,278,23.8,Single cylinder,8.5,158.0,790.0,0.15
33888,Vespa,gts super 300 tech,2021,Scooter,278,23.8,Single cylinder,8.5,158.0,790.0,0.15
33889,Vespa,gts super 300 tech,2022,Scooter,278,23.8,Single cylinder,8.5,158.0,790.0,0.15
33890,Vespa,gts super racing sixties,2020,Scooter,155,11.0,Single cylinder,7.0,160.0,790.0,0.07
33892,Vespa,gts supersport,2015,Scooter,278,22.0,Single cylinder,9.5,158.0,790.0,0.14
33893,Vespa,gts supertech,2019,Scooter,278,23.8,Single cylinder,8.5,160.0,790.0,0.15
33894,Vespa,gts touring 300,2017,Scooter,278,22.0,Single cylinder,9.08,160.0,790.0,0.14
33895,Vespa,gts touring 300,2019,Scooter,278,21.2,Single cylinder,8.5,160.0,790.0,0.13
33904,Vespa,gtv 300,2011,Scooter,278,21.2,Single cylinder,9.0,148.0,790.0,0.14
33905,Vespa,gtv 300,2012,Scooter,278,21.2,Single cylinder,9.0,148.0,790.0,0.14
33906,Vespa,gtv 300,2017,Scooter,278,22.0,Single cylinder,9.08,158.0,787.0,0.14
33907,Vespa,gtv 300 ie,2013,Scooter,278,21.2,Single cylinder,9.08,148.0,790.0,0.14
33908,Vespa,gtv 300ie via montenapoleane,2010,Scooter,278,21.2,Single cylinder,9.0,148.0,790.0,0.14
33909,Vespa,gtv vie della moda,2013,Scooter,278,21.5,Single cylinder,9.08,148.0,790.0,0.15
33919,Vespa,lx 150,2010,Scooter,150,11.7,Single cylinder,8.6,110.0,785.0,0.11
33920,Vespa,lx 150 i.e.,2011,Scooter,150,11.7,Single cylinder,8.6,110.0,785.0,0.11
33921,Vespa,lx 150 i.e.,2012,Scooter,150,11.7,Single cylinder,8.6,110.2,785.0,0.11
33929,Vespa,lx 50 4v,2013,Scooter,49,4.3,Single cylinder,8.71,102.1,775.0,0.04
33946,Vespa,lxv 150 ie,2013,Scooter,150,11.9,Single cylinder,8.71,110.0,785.0,0.11
33984,Vespa,px 125,2011,Scooter,124,8.9,Single cylinder,8.0,97.0,810.0,0.09
33985,Vespa,px 125,2013,Scooter,124,8.9,Single cylinder,8.0,97.0,810.0,0.09
33986,Vespa,px 125,2015,Scooter,124,8.9,Single cylinder,8.0,97.0,810.0,0.09
33987,Vespa,px 125,2017,Scooter,124,8.9,Single cylinder,8.0,97.0,810.0,0.09
34003,Vespa,s 150 i.e.,2012,Scooter,150,11.7,Single cylinder,8.2,110.0,785.0,0.11
34005,Vespa,s 150 ie.,2013,Scooter,150,11.7,Single cylinder,8.71,110.0,785.0,0.11
34006,Vespa,s 150 sport se,2013,Scooter,150,11.7,Single cylinder,8.6,96.0,775.0,0.12
34011,Vespa,s 50 4v,2012,Scooter,49,4.3,Single cylinder,8.6,96.0,775.0,0.04
34017,Vespa,settantesimo,2017,Scooter,278,21.1,Single cylinder,9.08,158.0,790.0,0.13
34072,Victory,arlen ness  vision,2010,Custom / Cruiser,1731,97.0,V2,17.03,365.0,673.0,0.27
34074,Victory,arlen ness vision,2011,Custom / Cruiser,1731,97.0,V2,17.03,395.0,673.0,0.25
34075,Victory,arlen ness vision,2012,Touring,1737,97.0,V2,22.71,394.2,622.0,0.25
34076,Victory,arlen ness vision,2013,Touring,1737,96.0,V2,22.71,394.2,622.0,0.24
34080,Victory,cory ness cross country,2011,Custom / Cruiser,1731,97.0,V2,17.03,347.0,667.0,0.28
34081,Victory,cory ness cross country,2012,Touring,1737,97.0,V2,21.95,347.0,667.0,0.28
34082,Victory,cory ness cross country tour,2013,Touring,1737,96.0,V2,21.95,347.0,667.0,0.28
34085,Victory,cory ness jackpot,2010,Custom / Cruiser,1731,97.0,V2,17.03,296.0,653.0,0.33
34088,Victory,cross country,2012,Touring,1737,97.0,V2,21.95,347.0,667.0,0.28
34091,Victory,cross country,2015,Touring,1737,130.0,V2,21.95,345.0,667.0,0.38
34098,Victory,cross country tour,2012,Touring,1737,97.0,V2,21.95,383.3,667.0,0.25
34099,Victory,cross country tour,2013,Touring,1737,96.0,V2,21.95,383.3,667.0,0.25
34107,Victory,cross roads,2012,Touring,1737,97.0,V2,21.95,337.9,667.0,0.29
34111,Victory,cross roads classic le,2012,Touring,1737,97.0,V2,21.95,350.2,667.0,0.28
34112,Victory,cross roads delux,2012,Touring,1737,97.0,V2,21.95,340.0,667.0,0.29
34125,Victory,hammer,2010,Custom / Cruiser,1638,97.0,V2,17.03,303.0,673.0,0.32
34126,Victory,hammer,2011,Custom / Cruiser,1731,97.0,V2,17.03,305.0,673.0,0.32
34127,Victory,hammer 8 ball,2010,Custom / Cruiser,1639,97.0,V2,17.03,304.8,660.0,0.32
34129,Victory,hammer 8 ball,2012,Custom / Cruiser,1737,97.0,V2,17.03,304.8,660.0,0.32
34135,Victory,hammer s,2010,Custom / Cruiser,1731,97.0,V2,17.03,303.0,673.0,0.32
34137,Victory,hammer s,2012,Custom / Cruiser,1737,97.0,V2,17.03,304.8,673.0,0.32
34138,Victory,hammer s,2015,Custom / Cruiser,1737,97.0,V2,17.03,304.8,673.0,0.32
34139,Victory,hammer s,2016,Custom / Cruiser,1737,97.0,V2,17.0,306.0,673.0,0.32
34142,Victory,hammer s 106,2012,Custom / Cruiser,1737,97.0,V2,17.03,304.8,673.0,0.32
34145,Victory,high ball,2012,Custom / Cruiser,1737,97.0,V2,17.03,298.9,635.0,0.32
34676,Yamaha,axis treet,2015,Scooter,124,8.1,Single cylinder,5.5,110.0,735.0,0.07
34152,Victory,jackpot,2010,Custom / Cruiser,1737,97.0,V2,17.03,295.7,653.0,0.33
34164,Victory,kingpin,2010,Custom / Cruiser,1639,85.0,V2,17.03,303.0,673.0,0.28
34166,Victory,kingpin,2012,Custom / Cruiser,1737,97.0,V2,17.03,302.1,673.0,0.32
34187,Victory,octane,2017,Custom / Cruiser,1179,104.0,V2,12.87,248.6,658.0,0.42
34188,Victory,octane,2018,Custom / Cruiser,1179,104.0,V2,12.87,249.0,658.0,0.42
34189,Victory,police commander i,2017,Touring,1731,97.0,V2,22.71,393.0,673.0,0.25
34190,Victory,police commander ii,2017,Touring,1731,97.0,V2,21.95,393.0,673.0,0.25
34191,Victory,police stealth commander i,2017,Touring,1731,97.0,V2,21.95,393.0,673.0,0.25
34209,Victory,vegas,2012,Custom / Cruiser,1737,97.0,V2,17.03,292.6,640.0,0.33
34214,Victory,vegas 8 ball,2012,Custom / Cruiser,1737,97.0,V2,17.03,289.4,640.0,0.34
34677,Yamaha,axis treet,2018,Scooter,124,8.1,Single cylinder,5.5,110.0,735.0,0.07
34232,Victory,vegas jackpot,2012,Custom / Cruiser,1737,97.0,V2,17.03,295.7,653.0,0.33
34246,Victory,vision tour,2010,Touring,1731,97.0,V2,22.71,325.0,673.0,0.3
34247,Victory,vision tour,2011,Touring,1731,97.0,V2,22.71,395.0,673.0,0.25
34248,Victory,vision tour,2012,Touring,1737,97.0,V2,22.71,394.2,673.0,0.25
34249,Victory,vision tour,2013,Touring,1737,96.0,V2,22.71,394.2,673.0,0.24
34258,Victory,zach ness vegas,2012,Custom / Cruiser,1737,97.0,V2,17.03,292.6,640.0,0.33
34336,Voge,300ac,2021,Allround,292,29.0,Single cylinder,16.0,150.0,795.0,0.19
34337,Voge,300ds,2021,Enduro / Offroad,292,29.0,Single cylinder,16.0,155.0,810.0,0.19
34338,Voge,300r,2020,Naked Bike,292,29.0,Single cylinder,16.0,140.0,780.0,0.21
34339,Voge,300rr,2020,Sport,292,29.0,Single cylinder,16.0,153.0,780.0,0.19
34340,Voge,500ds,2020,Sport Touring,471,46.2,Single cylinder,17.0,188.0,815.0,0.25
34341,Voge,500r,2020,Naked Bike,471,46.2,Twin,17.0,190.0,785.0,0.24
34342,Voge,650ds,2020,Touring,652,49.6,Single cylinder,18.0,192.0,805.0,0.26
34343,Voge,brivido 500,2022,Naked Bike,471,46.2,Twin,16.5,186.0,790.0,0.25
34346,Voge,valico 500ds,2022,Allround,471,46.2,Twin,16.5,193.0,810.0,0.24
34347,Voge,valico 650dsx,2022,Super Motard,652,47.5,Single cylinder,18.0,192.0,830.0,0.25
34383,Voxan,black magic,2010,Naked Bike,996,100.0,V2,19.0,185.0,820.0,0.54
34388,Voxan,charade racing,2010,Naked Bike,996,100.0,V2,19.5,185.0,810.0,0.54
34394,Voxan,street scrambler,2010,Naked Bike,996,100.0,V2,14.5,190.0,820.0,0.53
34404,Voxan,vx-10,2010,Naked Bike,996,100.0,V2,18.6,221.0,800.0,0.45
34434,Vyrus,986 m2,2016,Naked Bike,599,125.0,V2,12.0,145.0,830.0,0.86
34435,Vyrus,986 m2,2017,Naked Bike,599,125.0,V2,12.0,145.0,830.0,0.86
34436,Vyrus,986 m2,2019,Naked Bike,599,125.0,V2,12.0,145.0,830.0,0.86
34437,Vyrus,986 m2 street,2019,Naked Bike,599,118.0,In-line four,10.0,151.0,820.0,0.78
34442,Wakan,100,2011,Naked Bike,1640,120.0,V2,13.0,183.0,790.0,0.66
34678,Yamaha,axistreet,2012,Scooter,124,8.1,Single cylinder,5.5,110.0,735.0,0.07
34444,Wakan,100 roadster,2010,Naked Bike,1640,120.0,V2,13.0,183.0,790.0,0.66
34460,Wk,650i,2017,Sport,649,69.7,Twin,17.5,220.0,795.0,0.32
34461,Wk,650tr,2017,Touring,649,69.7,Twin,17.5,220.0,795.0,0.32
34467,Wk,rt 125,2017,Allround,124,10.5,Single cylinder,12.8,106.0,770.0,0.1
34468,Wk,rt 125 cafe,2017,Allround,124,10.5,Single cylinder,12.8,106.0,770.0,0.1
34469,Wk,scrambler 125,2021,Classic,124,11.6,Single cylinder,10.0,130.0,750.0,0.09
34473,Wk,sx 125,2021,Scooter,124,8.7,Single cylinder,4.1,100.0,800.0,0.09
34476,Wk,vs125,2017,Scooter,124,7.4,Single cylinder,5.0,94.0,770.0,0.08
34477,Wk,vs50,2017,Scooter,49,3.2,Single cylinder,5.0,94.0,770.0,0.03
34488,Wt Motors,atene 125,2010,Scooter,125,8.7,Single cylinder,7.8,127.0,690.0,0.07
34489,Wt Motors,atene 152,2010,Scooter,153,12.1,Single cylinder,7.8,130.0,690.0,0.09
34490,Wt Motors,bilbao 50,2010,Scooter,50,3.0,Single cylinder,4.0,105.0,690.0,0.03
34493,Wt Motors,bomber 125,2020,Scooter,125,9.8,Single cylinder,9.68,125.0,710.0,0.08
34494,Wt Motors,bomber 151,2010,Scooter,150,10.7,Single cylinder,9.68,125.0,710.0,0.09
34495,Wt Motors,bomber 151,2020,Scooter,151,10.5,Single cylinder,9.8,150.0,710.0,0.07
34497,Wt Motors,hollywood 125,2010,Scooter,125,8.7,Single cylinder,9.6,125.0,690.0,0.07
34498,Wt Motors,hollywood 50,2010,Scooter,50,3.0,Single cylinder,6.0,95.0,690.0,0.03
34501,Wt Motors,kaos wt150,2011,Atv,150,7.2,Single cylinder,7.1,145.0,790.0,0.05
34502,Wt Motors,kaos wt250,2011,Atv,244,14.1,Single cylinder,7.1,155.0,790.0,0.09
34504,Wt Motors,miami 250,2010,Scooter,244,14.8,Single cylinder,12.0,130.0,790.0,0.11
34505,Wt Motors,miami grandvolum,2015,Scooter,244,14.8,Single cylinder,12.0,130.0,790.0,0.11
34506,Wt Motors,miami grandvolum 250,2021,Scooter,244,14.8,Single cylinder,12.0,130.0,780.0,0.11
34509,Wt Motors,siberian wt625 i.e.,2011,Atv,493,19.4,Single cylinder,19.0,344.0,550.0,0.06
34520,Xingyue,xy 300 t,2016,Scooter,295,18.8,Single cylinder,13.0,180.0,720.0,0.1
34521,Xingyue,xy 400,2010,Custom / Cruiser,386,26.8,Single cylinder,14.0,138.0,800.0,0.19
34522,Xingyue,xy 400 gy speed bike,2010,Custom / Cruiser,386,29.5,Single cylinder,22.0,161.0,820.0,0.18
34527,Xingyue,xy150t-4,2011,Scooter,150,9.1,Single cylinder,13.0,152.0,720.0,0.06
34528,Xingyue,xy150t-6,2011,Scooter,150,8.1,Single cylinder,8.0,123.0,840.0,0.07
34529,Xingyue,xy150zk,2011,Scooter,149,9.1,Single cylinder,6.0,170.0,720.0,0.05
34530,Xingyue,xy150zk-3,2015,Scooter,150,9.1,Single cylinder,6.0,160.0,720.0,0.06
34531,Xingyue,xy200t-6,2011,Scooter,150,8.1,Single cylinder,8.0,123.0,840.0,0.07
34532,Xingyue,xy200t-7,2011,Scooter,174,9.4,Single cylinder,8.0,123.0,840.0,0.08
34534,Xingyue,xy260t-4,2011,Scooter,257,14.8,Single cylinder,13.0,180.0,720.0,0.08
34537,Xingyue,xy400gy,2011,Sport,387,29.5,Single cylinder,22.0,161.0,820.0,0.18
34539,Xingyue,xy400gy-2,2012,Super Motard,387,29.5,Single cylinder,22.0,161.0,820.0,0.18
34540,Xingyue,xy400gy-3,2014,Super Motard,387,29.5,Single cylinder,22.0,161.0,850.0,0.18
34541,Xingyue,xy400y,2011,Enduro / Offroad,387,29.5,Single cylinder,9.0,145.0,880.0,0.2
34542,Xingyue,xy400y-2,2011,Enduro / Offroad,387,29.5,Single cylinder,9.0,145.0,880.0,0.2
34543,Xingyue,xy50qt-15,2011,Scooter,50,3.1,Single cylinder,6.0,130.0,720.0,0.02
34544,Xingyue,xyqh-806w,2012,"Minibike, Cross",107,6.8,Single cylinder,10.6,60.0,820.0,0.11
34551,Xispa,25.com,2010,"Minibike, Cross",25,2.3,Single cylinder,0.5,30.0,490.0,0.08
34570,Xmotos,kodiac 250,2010,Atv,243,15.4,Single cylinder,5.0,182.0,850.0,0.08
34571,Xmotos,kodiac 250,2011,Atv,243,15.4,Single cylinder,5.0,182.0,850.0,0.08
34572,Xmotos,x33 md125,2010,Super Motard,125,8.7,Single cylinder,7.5,66.0,910.0,0.13
34573,Xmotos,x33md 125,2016,Super Motard,124,8.7,Single cylinder,3.5,112.0,910.0,0.08
34574,Xmotos,x33md125,2011,Super Motard,125,9.7,Single cylinder,7.5,66.0,910.0,0.15
34583,Xmotos,xp 125p,2010,Enduro / Offroad,120,8.7,Single cylinder,4.7,70.0,825.0,0.12
34584,Xmotos,xp140,2011,Enduro / Offroad,140,10.7,Single cylinder,3.5,80.0,720.0,0.13
34585,Xmotos,xpr 125,2010,Enduro / Offroad,120,8.7,Single cylinder,3.9,64.6,800.0,0.13
34586,Xmotos,xpr 150,2012,Enduro / Offroad,150,12.5,Single cylinder,3.9,64.5,800.0,0.19
34588,Xmotos,xtr 250w,2010,Enduro / Offroad,249,16.8,Single cylinder,7.5,113.0,950.0,0.15
34589,Xmotos,xtr125,2011,Enduro / Offroad,120,8.7,Single cylinder,3.5,79.0,790.0,0.11
34590,Xmotos,xtr250w,2011,Enduro / Offroad,249,16.8,Single cylinder,7.5,113.0,950.0,0.15
34591,Xmotos,xz 250r,2010,Enduro / Offroad,243,15.4,Single cylinder,6.7,115.0,920.0,0.13
34592,Xmotos,xz250r,2011,Enduro / Offroad,243,15.4,Single cylinder,6.7,115.0,920.0,0.13
34593,Xmotos,xz250r,2016,Enduro / Offroad,243,15.4,Single cylinder,6.7,115.0,920.0,0.13
34594,Xmotos,xzp 250w,2010,Enduro / Offroad,249,16.8,Single cylinder,5.5,115.0,950.0,0.15
34595,Xmotos,xzp250w,2011,Enduro / Offroad,249,16.8,Single cylinder,5.5,115.0,950.0,0.15
34596,Xmotos,xzp250w,2016,Enduro / Offroad,249,16.8,Single cylinder,5.5,115.0,950.0,0.15
34626,Yamaha,aerox 155,2022,Scooter,155,14.8,Single cylinder,5.5,116.0,790.0,0.13
34717,Yamaha,bws 12,2010,Scooter,49,3.2,Single cylinder,5.3,82.0,768.0,0.04
34719,Yamaha,bws 12 inch,2013,Scooter,49,3.2,Single cylinder,5.3,83.0,768.0,0.04
34733,Yamaha,bws 12inch,2011,Scooter,49,3.2,Single cylinder,5.3,82.0,768.0,0.04
34734,Yamaha,bws 12inch,2012,Scooter,49,3.2,Single cylinder,5.3,83.0,768.0,0.04
34745,Yamaha,bws naked,2011,Scooter,49,3.2,Single cylinder,5.3,77.0,768.0,0.04
34747,Yamaha,bws naked,2015,Scooter,49,3.2,Single cylinder,5.3,82.0,768.0,0.04
34748,Yamaha,bws naked,2016,Scooter,49,3.2,Single cylinder,5.3,82.0,768.0,0.04
34749,Yamaha,bws naked 50,2013,Scooter,49,3.2,Single cylinder,5.3,83.0,768.0,0.04
34750,Yamaha,bws naked 50,2014,Scooter,49,3.2,Single cylinder,5.3,83.0,768.0,0.04
34757,Yamaha,bws original 50,2013,Scooter,49,3.2,Single cylinder,5.3,83.0,768.0,0.04
34759,Yamaha,byson fi,2017,Naked Bike,155,12.9,Single cylinder,12.0,133.0,790.0,0.1
34781,Yamaha,cygnus x,2011,Scooter,125,10.7,Single cylinder,7.1,112.0,785.0,0.1
34782,Yamaha,cygnus x,2012,Scooter,125,10.7,Single cylinder,7.1,112.0,785.0,0.1
34783,Yamaha,cygnus x,2013,Scooter,125,10.7,Single cylinder,7.1,112.0,785.0,0.1
34784,Yamaha,cygnus x,2014,Scooter,125,10.7,Single cylinder,7.1,112.0,785.0,0.1
34785,Yamaha,cygnus x,2015,Scooter,125,10.7,Single cylinder,7.1,112.0,785.0,0.1
34786,Yamaha,cygnus x,2016,Scooter,125,10.7,Single cylinder,7.4,112.0,785.0,0.1
34787,Yamaha,cygnus x sr,2011,Scooter,125,11.0,Single cylinder,7.1,114.0,785.0,0.1
34788,Yamaha,cygnus x sr,2012,Scooter,125,11.0,Single cylinder,7.1,114.0,785.0,0.1
34789,Yamaha,cygnus x sr,2013,Scooter,125,11.0,Single cylinder,7.1,114.0,785.0,0.1
34790,Yamaha,cygnus x sr,2015,Scooter,125,10.7,Single cylinder,7.1,112.0,785.0,0.1
34818,Yamaha,ds11 drag star eleven 1100,2011,Custom / Cruiser,1063,60.4,V2,17.0,262.0,690.0,0.23
34819,Yamaha,ds250 drag star two-fifty 250,2011,Custom / Cruiser,249,20.8,V2,11.0,147.0,670.0,0.14
34821,Yamaha,ds4 drag star four 400,2011,Custom / Cruiser,399,32.2,V2,15.0,209.0,660.0,0.15
34823,Yamaha,dsc11 drag star classic eleven 1100,2011,Custom / Cruiser,1063,60.4,V2,17.0,275.0,710.0,0.22
34824,Yamaha,dsc4 drag star classic four 400,2011,Custom / Cruiser,399,32.2,V2,15.0,224.0,710.0,0.14
34899,Yamaha,dt50x,2011,Super Motard,50,2.8,Single cylinder,6.0,97.0,870.0,0.03
34900,Yamaha,dt50x,2012,Super Motard,249,18.0,Single cylinder,9.6,133.0,790.0,0.14
34913,Yamaha,fascino,2017,Scooter,113,9.5,Single cylinder,5.2,103.0,775.0,0.09
34914,Yamaha,fascino,2018,Scooter,113,9.5,Single cylinder,5.2,103.0,775.0,0.09
34915,Yamaha,fascino,2020,Scooter,113,9.5,Single cylinder,5.2,103.0,775.0,0.09
34920,Yamaha,fazer 8,2013,Sport,779,104.0,In-line four,17.0,211.0,815.0,0.49
34929,Yamaha,fino 125 blue core,2017,Scooter,125,9.4,Single cylinder,4.2,98.0,745.0,0.1
34930,Yamaha,fino 125 blue core - grande,2017,Scooter,125,9.4,Single cylinder,4.2,98.0,745.0,0.1
34931,Yamaha,fino 125 blue core - grande,2021,Scooter,125,9.4,Single cylinder,4.2,98.0,745.0,0.1
35021,Yamaha,freego s,2021,Scooter,125,9.4,Single cylinder,4.2,102.0,778.0,0.09
35024,Yamaha,fz 25,2018,Naked Bike,249,20.9,Single cylinder,14.0,148.0,795.0,0.14
35087,Yamaha,fz1 fazer,2011,Naked Bike,998,147.0,In-line four,18.0,198.0,815.0,0.74
35088,Yamaha,fz1 fazer,2012,Naked Bike,998,147.0,In-line four,18.0,198.0,815.0,0.74
35089,Yamaha,fz1 fazer,2013,Naked Bike,998,147.0,In-line four,18.0,198.0,815.0,0.74
35090,Yamaha,fz1 fazer,2014,Naked Bike,998,150.0,In-line four,18.0,198.0,815.0,0.76
35097,Yamaha,fz1 fazer abs,2013,Naked Bike,998,147.0,In-line four,18.0,198.0,815.0,0.74
35101,Yamaha,fz16,2011,Naked Bike,153,14.0,Single cylinder,12.0,126.0,790.0,0.11
35103,Yamaha,fz16,2018,Sport,153,14.0,Single cylinder,12.0,126.0,800.0,0.11
35104,Yamaha,fz25,2017,Naked Bike,249,20.9,Single cylinder,14.0,148.0,795.0,0.14
35141,Yamaha,fz8,2010,Naked Bike,779,104.0,In-line four,17.0,211.0,815.0,0.49
35230,Yamaha,grand axis 100,2011,Scooter,101,9.9,Single cylinder,6.5,93.0,770.0,0.11
35231,Yamaha,grand majesty 400,2011,Scooter,395,33.5,Single cylinder,14.0,203.0,750.0,0.17
35355,Yamaha,jupiter mx 150,2017,Scooter,155,15.2,Single cylinder,4.2,116.0,765.0,0.13
35356,Yamaha,jupiter mx 150,2018,Scooter,155,15.2,Single cylinder,4.2,116.0,765.0,0.13
35357,Yamaha,jupiter mx king 150,2017,Scooter,155,15.2,Single cylinder,4.2,116.0,765.0,0.13
35358,Yamaha,jupiter z1,2017,Scooter,114,13.5,Single cylinder,4.1,102.0,765.0,0.13
35417,Yamaha,maxam,2015,Scooter,249,20.0,Single cylinder,14.0,201.0,655.0,0.1
35418,Yamaha,maxam 3000 concept,2012,Scooter,248,20.1,Single cylinder,14.0,201.0,655.0,0.1
35425,Yamaha,mio gear,2022,Scooter,125,9.4,Single cylinder,4.2,95.0,750.0,0.1
35426,Yamaha,mio gravis,2022,Scooter,125,9.4,Single cylinder,4.2,100.0,780.0,0.09
35427,Yamaha,mio i 125,2018,Scooter,125,9.4,Single cylinder,4.2,94.0,750.0,0.1
35428,Yamaha,mio i125,2022,Scooter,125,9.4,Single cylinder,4.2,94.0,750.0,0.1
35429,Yamaha,mio m3 125,2017,Scooter,125,9.4,Single cylinder,4.2,94.0,760.0,0.1
35430,Yamaha,mio m3 125 aks sss,2017,Scooter,125,9.4,Single cylinder,4.2,98.0,760.0,0.1
35431,Yamaha,mio s,2021,Scooter,125,9.4,Single cylinder,4.2,94.0,750.0,0.1
35432,Yamaha,mio soul i 125,2018,Scooter,125,9.4,Single cylinder,4.2,96.0,750.0,0.1
35433,Yamaha,mio sporty,2018,Scooter,114,8.0,Single cylinder,3.7,95.0,745.0,0.08
35434,Yamaha,mio sporty,2019,Scooter,114,7.6,Single cylinder,4.0,94.0,745.0,0.08
35435,Yamaha,mio sporty,2022,Scooter,114,7.6,Single cylinder,4.1,94.0,745.0,0.08
35436,Yamaha,mio z,2017,Scooter,125,9.4,Single cylinder,4.2,98.0,760.0,0.1
35437,Yamaha,mio z,2021,Scooter,125,9.4,Single cylinder,7.5,94.0,750.0,0.1
35448,Yamaha,mt-01,2011,Sport,1670,88.9,V2,15.0,246.0,825.0,0.36
35449,Yamaha,mt-01,2012,Sport,1670,90.0,V2,15.0,246.0,825.0,0.37
35455,Yamaha,mt-03,2011,Naked Bike,660,47.3,Single cylinder,15.0,175.0,805.0,0.27
35456,Yamaha,mt-03,2013,Naked Bike,660,47.3,Single cylinder,15.0,175.0,805.0,0.27
35464,Yamaha,mt-07,2014,Naked Bike,689,47.3,Twin,14.0,175.0,815.0,0.27
35473,Yamaha,mt-07 abs,2015,Sport,689,73.8,Twin,14.0,167.0,805.0,0.44
35474,Yamaha,mt-07 moto cage,2016,Naked Bike,689,73.8,Twin,14.0,164.0,805.0,0.45
35475,Yamaha,mt-07 moto cage,2017,Naked Bike,689,73.8,Twin,14.0,164.0,805.0,0.45
35476,Yamaha,mt-07 moto cage abs,2015,Naked Bike,689,73.8,Twin,14.0,164.0,805.0,0.45
35506,Yamaha,mt-09 tracer,2017,Sport,847,115.0,In-line three,18.0,190.0,815.0,0.61
35507,Yamaha,mt-09 tracer,2018,Sport,847,115.0,In-line three,18.0,190.0,815.0,0.61
35711,Yamaha,ray z,2017,Scooter,113,7.2,Single cylinder,5.0,104.0,760.0,0.07
35712,Yamaha,ray z,2018,Scooter,114,7.2,Single cylinder,3.7,104.0,745.0,0.07
35713,Yamaha,ray z,2020,Scooter,113,7.2,Single cylinder,5.0,104.0,760.0,0.07
35714,Yamaha,ray zr,2017,Scooter,113,7.2,Single cylinder,5.0,105.0,760.0,0.07
35715,Yamaha,ray zr,2018,Scooter,114,7.2,Single cylinder,5.2,103.0,745.0,0.07
35894,Yamaha,saluto,2017,Allround,125,8.2,Single cylinder,7.6,112.0,805.0,0.07
35895,Yamaha,saluto,2018,Allround,125,8.2,Single cylinder,7.6,112.0,805.0,0.07
35896,Yamaha,saluto 125,2020,Allround,125,8.2,Single cylinder,7.6,112.0,805.0,0.07
35897,Yamaha,saluto disk brake,2017,Allround,125,8.2,Single cylinder,7.6,113.0,805.0,0.07
35898,Yamaha,saluto rx,2017,Allround,110,7.4,Single cylinder,7.2,98.0,785.0,0.08
35907,Yamaha,serow 250,2011,Enduro / Offroad,249,28.2,Single cylinder,10.0,115.0,810.0,0.25
35908,Yamaha,serow 250,2012,Enduro / Offroad,249,18.0,Single cylinder,9.6,130.0,810.0,0.14
35909,Yamaha,serow 250,2015,Enduro / Offroad,249,18.0,Single cylinder,9.6,130.0,810.0,0.14
35910,Yamaha,serow 250,2018,Enduro / Offroad,249,18.0,Single cylinder,9.6,130.0,810.0,0.14
35911,Yamaha,serow 250 25th anniversary special,2011,Enduro / Offroad,249,18.8,Single cylinder,10.0,115.0,810.0,0.16
35937,Yamaha,soul gt,2017,Scooter,125,9.4,Single cylinder,4.2,96.0,760.0,0.1
35938,Yamaha,soul gt aks,2018,Scooter,125,9.4,Single cylinder,4.2,96.0,760.0,0.1
35939,Yamaha,soul gt aks sss,2017,Scooter,125,9.4,Single cylinder,4.2,98.0,760.0,0.1
35950,Yamaha,sr 400,2012,Allround,399,27.0,Single cylinder,12.0,152.0,790.0,0.18
35982,Yamaha,sr400,2011,Allround,399,27.0,Single cylinder,12.0,131.0,810.0,0.21
36116,Yamaha,sz-rr version 2,2017,Allround,149,12.1,Single cylinder,14.0,134.0,800.0,0.09
36117,Yamaha,sz-rr version 2,2020,Allround,149,12.1,Single cylinder,14.0,134.0,800.0,0.09
36145,Yamaha,tdm 900,2011,Allround,897,85.0,Twin,20.0,199.0,825.0,0.43
36146,Yamaha,tdm 900,2012,Allround,897,85.0,Twin,20.0,199.0,825.0,0.43
36147,Yamaha,tdm 900,2013,Allround,897,85.0,Twin,20.0,199.0,825.0,0.43
36204,Yamaha,tmax hypermodified,2014,Super Motard,499,45.9,Twin,15.14,164.0,900.0,0.28
36213,Yamaha,tmax tech max abs,2011,Scooter,499,42.9,Twin,15.0,210.0,800.0,0.2
36256,Yamaha,tricker,2011,Super Motard,249,19.0,Single cylinder,6.0,118.0,790.0,0.16
36257,Yamaha,tricker,2012,Super Motard,249,18.0,Single cylinder,7.2,118.0,790.0,0.15
36258,Yamaha,tricker,2015,Super Motard,249,19.0,Single cylinder,6.0,118.0,790.0,0.16
36435,Yamaha,tzr50,2013,Sport,49,2.7,Single cylinder,14.0,112.0,815.0,0.02
36436,Yamaha,tzr50,2015,Sport,49,2.7,Single cylinder,14.0,112.0,815.0,0.02
36437,Yamaha,tzr50,2016,Sport,49,2.7,Single cylinder,14.0,112.0,815.0,0.02
36559,Yamaha,v-ixion advance,2017,Naked Bike,150,16.6,Single cylinder,12.0,129.0,790.0,0.13
36566,Yamaha,v-max hermes,2011,Prototype / Concept Model,1672,200.0,V4,15.14,283.0,775.0,0.71
36572,Yamaha,vega,2018,Scooter,114,8.1,Single cylinder,4.2,92.0,755.0,0.09
36603,Yamaha,vino deluxe,2012,Scooter,49,5.2,Single cylinder,4.54,73.0,715.0,0.07
36616,Yamaha,vity,2011,Scooter,125,8.6,Single cylinder,5.5,104.0,730.0,0.08
36617,Yamaha,vity,2012,Scooter,125,8.6,Single cylinder,5.5,104.0,730.0,0.08
36618,Yamaha,vity,2013,Scooter,125,8.6,Single cylinder,5.5,104.0,730.0,0.08
36619,Yamaha,vity,2014,Scooter,125,8.6,Single cylinder,5.5,104.0,730.0,0.08
36620,Yamaha,vity,2015,Scooter,125,8.6,Single cylinder,5.5,104.0,730.0,0.08
36621,Yamaha,vity,2016,Scooter,125,8.6,Single cylinder,5.5,104.0,730.0,0.08
36622,Yamaha,vity,2017,Scooter,125,8.6,Single cylinder,5.5,104.0,730.0,0.08
36650,Yamaha,vox,2011,Scooter,49,4.2,Single cylinder,4.5,88.0,735.0,0.05
36651,Yamaha,vox,2012,Scooter,49,4.2,Single cylinder,4.5,88.0,735.0,0.05
36652,Yamaha,vox,2015,Scooter,49,4.2,Single cylinder,4.5,89.0,735.0,0.05
36653,Yamaha,vox deluxe,2011,Scooter,49,4.2,Single cylinder,4.5,90.0,735.0,0.05
36654,Yamaha,vox deluxe,2012,Scooter,49,4.2,Single cylinder,4.5,88.0,735.0,0.05
36655,Yamaha,vox deluxe,2015,Scooter,49,4.2,Single cylinder,4.5,89.0,735.0,0.05
36692,Yamaha,wr125 x,2013,Super Motard,125,14.8,Single cylinder,8.5,127.0,920.0,0.12
36703,Yamaha,wr125x,2011,Super Motard,125,14.8,Single cylinder,8.5,127.0,920.0,0.12
36704,Yamaha,wr125x,2012,Super Motard,125,14.8,Single cylinder,8.5,127.0,920.0,0.12
36773,Yamaha,x-city 125,2013,Scooter,125,14.4,Single cylinder,10.5,154.0,790.0,0.09
36774,Yamaha,x-city 125,2014,Scooter,125,14.4,Single cylinder,10.5,154.0,790.0,0.09
36796,Yamaha,x-max 125 abs,2013,Scooter,125,13.9,Single cylinder,11.8,160.0,775.0,0.09
36799,Yamaha,x-max 125 abs business,2013,Scooter,125,13.9,Single cylinder,11.8,160.0,775.0,0.09
36835,Yamaha,x-ride,2017,Scooter,113,10.4,Single cylinder,4.8,98.0,780.0,0.11
36836,Yamaha,x-ride 125,2018,Scooter,125,93.9,Single cylinder,4.2,98.0,760.0,0.96
36837,Yamaha,x-ride 125,2021,Scooter,125,9.4,Single cylinder,4.2,98.0,760.0,0.1
36964,Yamaha,xj6 abs,2011,Naked Bike,600,78.0,In-line four,17.3,191.0,785.0,0.41
36977,Yamaha,xj6 diversion abs,2011,Allround,600,76.4,In-line four,17.0,198.0,785.0,0.39
36983,Yamaha,xj6 diversion f abs,2011,Sport,600,76.4,In-line four,17.0,240.0,785.0,0.32
37008,Yamaha,xjr 1300,2011,Naked Bike,1251,98.0,In-line four,21.0,222.0,795.0,0.44
37009,Yamaha,xjr 1300,2012,Naked Bike,1251,98.0,In-line four,21.0,222.0,795.0,0.44
37015,Yamaha,xjr1300,2013,Naked Bike,1251,98.0,In-line four,21.0,222.0,795.0,0.44
37016,Yamaha,xjr1300,2014,Naked Bike,1251,98.0,In-line four,21.0,222.0,795.0,0.44
37017,Yamaha,xjr1300,2015,Classic,1251,98.0,In-line four,21.0,222.0,795.0,0.44
37021,Yamaha,xjr1300 eau rouge by deus,2014,Naked Bike,1251,98.0,In-line four,21.0,222.0,795.0,0.44
37293,Yamaha,xt250x,2011,Super Motard,249,21.0,Single cylinder,11.0,133.0,790.0,0.16
37298,Yamaha,xt660r,2011,Enduro / Offroad,660,47.3,Single cylinder,15.0,165.0,875.0,0.29
37299,Yamaha,xt660r,2012,Enduro / Offroad,660,47.3,Single cylinder,15.0,165.0,875.0,0.29
37300,Yamaha,xt660r,2013,Enduro / Offroad,660,47.3,Single cylinder,15.0,165.0,875.0,0.29
37301,Yamaha,xt660r,2014,Enduro / Offroad,660,47.3,Single cylinder,15.0,165.0,875.0,0.29
37302,Yamaha,xt660r,2015,Enduro / Offroad,660,47.3,Single cylinder,15.0,165.0,875.0,0.29
37856,Yamaha,yzf 15,2011,Sport,149,17.0,Single cylinder,12.0,120.0,790.0,0.14
37933,Yamaha,yzf-r1m,2017,Sport,998,200.0,In-line four,17.03,180.0,861.0,1.11
37934,Yamaha,yzf-r1m,2018,Sport,998,200.0,In-line four,17.03,180.0,861.0,1.11
37935,Yamaha,yzf-r1m,2019,Sport,998,200.0,In-line four,17.03,180.0,861.0,1.11
37936,Yamaha,yzf-r1m,2020,Sport,998,200.0,In-line four,17.03,180.0,861.0,1.11
37937,Yamaha,yzf-r1m,2021,Sport,998,200.0,In-line four,17.03,180.0,861.0,1.11
37938,Yamaha,yzf-r1m,2022,Sport,998,200.0,In-line four,17.03,180.0,861.0,1.11
37939,Yamaha,yzf-r1m world gp,2022,Sport,998,200.0,In-line four,17.03,180.0,861.0,1.11
38019,Yamaha,zuma 125,2022,Scooter,125,9.0,Single cylinder,6.43,121.0,780.0,0.07
38084,Yuki,125 manxman,2018,Allround,125,11.4,Single cylinder,9.0,115.0,720.0,0.1
38086,Yuki,125 manxman s,2018,Allround,125,11.4,Single cylinder,9.0,115.0,720.0,0.1
38091,Yuki,125i coral,2022,Scooter,125,7.2,Single cylinder,7.0,120.0,790.0,0.06
38092,Yuki,125i falcon,2021,Scooter,125,7.2,Single cylinder,5.5,113.0,785.0,0.06
38093,Yuki,125i manxcafe,2018,Allround,125,11.4,Single cylinder,11.0,127.0,720.0,0.09
38094,Yuki,125i matrix iii,2022,Scooter,125,7.1,Single cylinder,6.0,118.0,750.0,0.06
38095,Yuki,125i max,2022,Scooter,125,8.7,Single cylinder,14.0,140.0,760.0,0.06
38096,Yuki,125i vox,2020,Allround,125,11.4,Single cylinder,9.0,136.0,745.0,0.08
38100,Yuki,250i manxcafe,2018,Allround,250,17.4,Single cylinder,11.0,141.0,720.0,0.12
38101,Yuki,400 darker,2014,Custom / Cruiser,399,29.9,V2,13.5,194.0,730.0,0.15
38234,Znen,heritage 150,2016,Scooter,149,8.0,Single cylinder,4.92,149.7,762.0,0.05
38241,Znen,pathfinder 150,2016,Scooter,149,8.2,Single cylinder,7.57,149.7,838.0,0.05
38250,Znen,sabertooth tiger 150,2016,Scooter,149,8.2,Single cylinder,9.46,117.9,813.0,0.07
38256,Znen,tbx 150,2016,Scooter,149,8.1,Single cylinder,9.46,130.2,762.0,0.06
38257,Znen,tbx 260,2016,Scooter,257,14.8,Single cylinder,13.25,130.2,737.0,0.11
38258,Znen,v9 150,2016,Scooter,149,8.1,Single cylinder,7.38,112.0,737.0,0.07
38264,Znen,zenking 150,2016,Scooter,149,8.1,Single cylinder,9.46,122.5,787.0,0.07
38280,Zontes,310 t1,2020,Naked Bike,312,34.9,Single cylinder,15.0,155.0,795.0,0.23
38281,Zontes,310 v,2020,Allround,312,34.9,Single cylinder,15.0,147.0,795.0,0.24
38282,Zontes,310 x1,2020,Sport,312,34.9,Single cylinder,19.0,149.0,795.0,0.23
38284,Zontes,mantis 125,2016,Allround,125,10.7,Single cylinder,15.0,120.0,725.0,0.09
38285,Zontes,monster 125,2013,Sport,125,11.7,Single cylinder,17.0,115.0,755.0,0.1
38286,Zontes,panther 125,2013,Sport,125,11.7,Single cylinder,15.0,115.0,755.0,0.1
38289,Zontes,tiger 125,2013,Sport,125,11.7,Single cylinder,15.0,105.0,755.0,0.11
38290,Zontes,tiger 125,2015,Sport,125,11.7,Single cylinder,15.0,105.0,725.0,0.11
38291,Zontes,zt125-3a tiger,2014,Sport,125,11.7,Single cylinder,15.0,105.0,755.0,0.11
38292,Zontes,zt125-5a monster,2014,Sport,125,11.7,Single cylinder,17.0,115.0,755.0,0.1
38293,Zontes,zt125-8a panther,2014,Sport,125,11.7,Single cylinder,15.0,115.0,755.0,0.1
38294,Zontes,zt125-g1 scrambler,2021,Sport,125,14.5,Single cylinder,20.0,160.0,795.0,0.09
38297,Zontes,zt250-s,2018,Sport,249,24.1,Single cylinder,11.0,144.0,790.0,0.17
38298,Zontes,zt310-r,2018,Naked Bike,312,34.9,Single cylinder,15.0,145.0,795.0,0.24
38299,Zontes,zt310-x,2018,Sport,312,34.9,Single cylinder,15.0,149.0,795.0,0.23
